ts,quant,pid,rss_gb,free_pct,wired_gb,compressed_gb
1788033502.79,mlx4,42074,15.606,11.77,3.6,2.72
1788033503.21,mlx4,42074,15.606,11.78,3.6,2.72
1788033503.63,mlx4,42074,15.606,11.79,3.6,2.72
1788033504.05,mlx4,42074,15.606,11.81,3.6,2.72
1788033504.46,mlx4,42074,15.606,11.82,3.6,2.72
1788033504.88,mlx4,42074,15.606,11.9,3.6,2.71
1788033505.3,mlx4,42074,15.606,11.91,3.6,2.71
1788033505.72,mlx4,42074,15.606,11.92,3.6,2.71
1788033506.14,mlx4,42074,15.606,11.98,3.6,2.71
1788033506.56,mlx4,42074,15.606,12.0,3.6,2.71
1788033506.98,mlx4,42074,15.606,12.02,3.6,2.71
1788033507.4,mlx4,42074,15.606,12.02,3.6,2.71
1788033507.82,mlx4,42074,15.606,12.04,3.6,2.71
1788033508.25,mlx4,42074,15.606,12.11,3.6,2.71
1788033508.66,mlx4,42074,15.606,12.12,3.6,2.71
1788033509.08,mlx4,42074,15.606,12.2,3.62,2.71
1788033509.5,mlx4,42074,15.606,12.22,3.62,2.71
1788033509.92,mlx4,42074,15.606,12.25,3.63,2.71
1788033510.34,mlx4,42074,15.606,12.26,3.63,2.71
1788033510.76,mlx4,42074,15.606,12.28,3.63,2.71
1788033511.18,mlx4,42074,15.606,12.61,3.63,2.71
1788033511.59,mlx4,42074,15.606,12.62,3.63,2.71
1788033512.0,mlx4,42074,15.606,12.63,3.63,2.71
1788033512.42,mlx4,42074,15.606,12.72,3.63,2.7
1788033512.83,mlx4,42074,15.606,13.61,3.83,2.7
1788033513.25,mlx4,42074,15.611,31.85,24.41,2.72
1788033513.66,mlx4,42074,15.611,10.71,53.83,2.72
1788033514.07,mlx4,42074,15.611,9.05,54.73,2.66
1788033514.48,mlx4,42074,15.611,8.95,54.79,2.66
1788033514.89,mlx4,42074,15.611,9.03,54.76,2.63
1788033515.3,mlx4,42074,15.611,8.99,54.62,2.63
1788033515.71,mlx4,42074,15.611,9.1,54.55,2.63
1788033516.12,mlx4,42074,15.611,9.13,54.38,2.63
1788033516.53,mlx4,42074,15.611,9.32,54.12,2.63
1788033516.94,mlx4,42074,15.611,9.27,54.24,2.63
1788033517.35,mlx4,42074,15.611,9.15,54.31,2.63
1788033517.76,mlx4,42074,15.611,9.43,54.13,2.62
1788033518.17,mlx4,42074,15.611,9.04,54.39,2.62
1788033518.58,mlx4,42074,15.611,9.58,54.05,2.61
1788033518.99,mlx4,42074,15.611,9.49,54.12,2.6
1788033519.4,mlx4,42074,15.611,9.48,54.15,2.6
1788033519.81,mlx4,42074,15.611,9.42,54.21,2.6
1788033520.22,mlx4,42074,15.611,9.57,54.2,2.59
1788033520.63,mlx4,42074,15.611,9.62,54.18,2.59
1788033521.04,mlx4,42074,15.611,9.55,54.15,2.59
1788033521.46,mlx4,42074,15.611,18.69,47.85,2.59
1788033521.87,mlx4,42074,15.611,18.1,48.25,2.59
1788033522.28,mlx4,42074,15.611,17.94,48.31,2.59
1788033522.7,mlx4,42074,15.611,17.38,48.72,2.58
1788033523.11,mlx4,42074,15.611,16.88,49.01,2.58
1788033523.52,mlx4,42074,15.611,16.46,49.28,2.58
1788033523.93,mlx4,42074,15.611,15.95,49.63,2.58
1788033524.34,mlx4,42074,15.611,15.54,49.83,2.58
1788033524.75,mlx4,42074,15.611,14.76,50.53,2.58
1788033525.16,mlx4,42074,15.611,14.71,50.57,2.58
1788033525.57,mlx4,42074,15.611,14.2,50.91,2.58
1788033525.98,mlx4,42074,15.611,13.85,51.03,2.58
1788033526.39,mlx4,42074,15.611,13.45,51.34,2.58
1788033526.81,mlx4,42074,15.611,13.04,51.41,2.58
1788033527.22,mlx4,42074,15.611,12.64,51.8,2.58
1788033527.63,mlx4,42074,15.611,12.68,51.8,2.58
1788033528.04,mlx4,42074,15.611,12.18,52.0,2.58
1788033528.45,mlx4,42074,15.611,11.72,52.51,2.58
1788033528.86,mlx4,42074,15.611,19.18,47.4,2.58
1788033529.28,mlx4,42074,15.611,18.86,47.85,2.58
1788033529.69,mlx4,42074,15.611,18.31,48.22,2.57
1788033530.1,mlx4,42074,15.611,17.8,48.48,2.57
1788033530.51,mlx4,42074,15.611,17.18,48.88,2.57
1788033530.93,mlx4,42074,15.611,16.61,49.18,2.57
1788033531.34,mlx4,42074,15.611,16.59,49.28,2.57
1788033531.75,mlx4,42074,15.611,16.06,49.59,2.57
1788033532.16,mlx4,42074,15.611,15.63,49.86,2.57
1788033532.57,mlx4,42074,15.611,15.43,49.75,2.57
1788033532.98,mlx4,42074,15.611,14.93,50.08,2.57
1788033533.39,mlx4,42074,15.611,14.44,50.43,2.57
1788033533.8,mlx4,42074,15.611,14.48,50.43,2.57
1788033534.21,mlx4,42074,15.611,13.96,50.79,2.57
1788033534.63,mlx4,42074,15.611,13.45,51.17,2.57
1788033535.04,mlx4,42074,15.611,12.94,51.52,2.57
1788033535.45,mlx4,42074,15.611,12.46,51.88,2.57
1788033535.86,mlx4,42074,15.611,12.01,52.24,2.57
1788033536.27,mlx4,42074,15.611,11.8,52.48,2.57
1788033536.68,mlx4,42074,15.611,18.18,48.06,2.57
1788033537.09,mlx4,42074,15.611,17.54,48.47,2.57
1788033537.5,mlx4,42074,15.611,17.49,48.46,2.57
1788033537.91,mlx4,42074,15.611,17.02,48.75,2.57
1788033538.31,mlx4,42074,15.611,16.5,49.09,2.57
1788033538.73,mlx4,42074,15.611,15.87,49.54,2.57
1788033539.14,mlx4,42074,15.611,15.91,49.21,2.57
1788033539.55,mlx4,42074,15.611,15.91,49.21,2.57
1788033539.96,mlx4,42074,15.611,15.53,49.22,2.57
1788033540.37,mlx4,42074,15.611,14.72,50.2,2.57
1788033540.78,mlx4,42074,15.611,14.23,50.56,2.57
1788033541.19,mlx4,42074,15.611,13.77,50.46,2.57
1788033541.6,mlx4,42074,15.611,13.59,50.85,2.57
1788033542.01,mlx4,42074,15.611,13.59,50.85,2.56
1788033542.42,mlx4,42074,15.611,13.06,51.06,2.56
1788033542.83,mlx4,42074,15.611,12.84,51.4,2.56
1788033543.24,mlx4,42074,15.611,12.3,51.76,2.56
1788033543.65,mlx4,42074,15.611,11.8,52.13,2.56
1788033544.07,mlx4,42074,15.611,11.27,52.49,2.56
1788033544.48,mlx4,42074,15.611,18.85,47.32,2.56
1788033544.89,mlx4,42074,15.611,18.34,47.88,2.56
1788033545.3,mlx4,42074,15.611,17.81,48.12,2.56
1788033545.71,mlx4,42074,15.611,17.48,48.45,2.56
1788033546.12,mlx4,42074,15.611,16.94,48.82,2.56
1788033546.53,mlx4,42074,15.611,16.4,49.19,2.56
1788033546.94,mlx4,42074,15.611,16.08,49.09,2.56
1788033547.35,mlx4,42074,15.611,15.56,49.46,2.56
1788033547.75,mlx4,42074,15.611,15.62,49.39,2.56
1788033548.16,mlx4,42074,15.611,15.09,49.76,2.56
1788033548.58,mlx4,42074,15.611,14.56,50.13,2.56
1788033548.99,mlx4,42074,15.611,14.06,50.5,2.56
1788033549.4,mlx4,42074,15.611,13.55,51.27,2.56
1788033549.81,mlx4,42074,15.611,13.01,51.64,2.56
1788033550.22,mlx4,42074,15.611,12.32,52.23,2.56
1788033550.63,mlx4,42074,15.611,11.73,52.62,2.56
1788033551.04,mlx4,42074,15.611,11.18,52.99,2.56
1788033551.45,mlx4,42074,15.611,11.26,52.6,2.56
1788033551.87,mlx4,42074,15.611,10.87,52.94,2.56
1788033552.28,mlx4,42074,15.611,18.29,47.65,2.56
1788033552.69,mlx4,42074,15.611,18.15,47.92,2.56
1788033553.1,mlx4,42074,15.611,17.61,48.3,2.56
1788033553.51,mlx4,42074,15.611,17.06,48.68,2.56
1788033553.92,mlx4,42074,15.611,16.27,49.47,2.56
1788033554.34,mlx4,42074,15.611,16.29,49.47,2.56
1788033554.75,mlx4,42074,15.611,15.73,49.73,2.56
1788033555.16,mlx4,42074,15.611,15.19,50.09,2.56
1788033555.57,mlx4,42074,15.611,14.65,50.47,2.56
1788033555.98,mlx4,42074,15.611,14.22,50.57,2.56
1788033556.39,mlx4,42074,15.611,14.26,50.62,2.56
1788033556.81,mlx4,42074,15.611,13.72,50.93,2.56
1788033557.21,mlx4,42074,15.611,13.46,50.95,2.56
1788033557.63,mlx4,42074,15.611,12.81,51.66,2.56
1788033558.04,mlx4,42074,15.611,12.81,51.66,2.56
1788033558.45,mlx4,42074,15.611,12.19,52.1,2.56
1788033558.86,mlx4,42074,15.611,11.68,52.48,2.56
1788033559.27,mlx4,42074,15.611,10.96,53.02,2.56
1788033559.68,mlx4,42074,15.611,10.41,53.37,2.56
1788033560.09,mlx4,42074,15.611,10.52,53.07,2.56
1788033560.5,mlx4,42074,15.611,17.87,48.34,2.56
1788033560.92,mlx4,42074,15.611,17.87,48.33,2.56
1788033561.33,mlx4,42074,15.611,17.35,48.76,2.56
1788033561.74,mlx4,42074,15.611,17.03,48.69,2.56
1788033562.15,mlx4,42074,15.611,16.46,49.08,2.56
1788033562.56,mlx4,42074,15.611,15.9,49.32,2.56
1788033562.98,mlx4,42074,15.611,15.95,49.29,2.56
1788033563.39,mlx4,42074,15.611,15.55,49.57,2.56
1788033563.8,mlx4,42074,15.611,14.65,50.44,2.56
1788033564.21,mlx4,42074,15.611,14.08,50.83,2.56
1788033564.62,mlx4,42074,15.611,13.83,51.19,2.56
1788033565.03,mlx4,42074,15.611,13.31,51.55,2.56
1788033565.43,mlx4,42074,15.611,12.74,51.94,2.56
1788033565.85,mlx4,42074,15.611,12.23,52.14,2.56
1788033566.26,mlx4,42074,15.611,11.66,52.53,2.56
1788033566.67,mlx4,42074,15.611,11.61,52.64,2.56
1788033567.08,mlx4,42074,15.611,11.17,52.8,2.56
1788033567.49,mlx4,42074,15.611,10.61,53.19,2.56
1788033567.9,mlx4,42074,15.611,10.26,53.2,2.56
1788033568.31,mlx4,42074,15.611,10.19,53.44,2.56
1788033568.72,mlx4,42074,15.611,17.9,48.11,2.56
1788033569.13,mlx4,42074,15.611,17.31,48.54,2.56
1788033569.55,mlx4,42074,15.611,17.41,48.59,2.56
1788033569.97,mlx4,42074,15.611,16.63,49.13,2.56
1788033570.38,mlx4,42074,15.611,15.95,49.58,2.56
1788033570.79,mlx4,42074,15.611,15.45,49.83,2.56
1788033571.2,mlx4,42074,15.611,15.41,49.87,2.56
1788033571.61,mlx4,42074,15.611,14.94,50.13,2.56
1788033572.02,mlx4,42074,15.611,14.38,50.53,2.56
1788033572.43,mlx4,42074,15.611,13.8,50.73,2.56
1788033572.85,mlx4,42074,15.611,13.85,50.76,2.56
1788033573.26,mlx4,42074,15.611,13.22,51.37,2.56
1788033573.67,mlx4,42074,15.611,12.48,51.84,2.56
1788033574.08,mlx4,42074,15.611,11.82,52.27,2.56
1788033574.49,mlx4,42074,15.611,11.77,52.31,2.56
1788033574.9,mlx4,42074,15.611,11.02,52.87,2.56
1788033575.32,mlx4,42074,15.611,10.22,53.52,2.56
1788033575.73,mlx4,42074,15.611,9.57,53.94,2.56
1788033576.14,mlx4,42074,15.611,9.47,54.07,2.56
1788033576.55,mlx4,42074,15.611,9.08,54.06,2.56
1788033576.97,mlx4,42074,15.612,14.44,50.39,2.56
1788033577.38,mlx4,42074,15.612,12.33,51.62,2.56
1788033577.8,mlx4,42074,15.612,9.66,53.68,2.55
1788033578.21,mlx4,42074,15.612,8.63,54.31,2.55
1788033578.62,mlx4,42074,15.612,8.49,54.4,2.55
1788033579.04,mlx4,42074,15.596,17.55,48.86,2.96
1788033579.46,mlx4,42074,15.596,10.59,53.63,2.96
1788033579.87,mlx4,42074,15.557,13.58,51.61,3.26
1788033580.28,mlx4,42074,15.557,12.67,52.36,3.24
1788033580.69,mlx4,42074,15.557,12.52,52.65,3.2
1788033581.11,mlx4,42074,15.557,11.54,53.47,3.12
1788033581.52,mlx4,42074,15.557,11.54,53.49,3.12
1788033581.93,mlx4,42074,15.557,11.5,53.53,3.1
1788033582.34,mlx4,42074,15.557,11.35,53.52,3.03
1788033582.76,mlx4,42074,15.557,11.29,53.56,2.98
1788033583.17,mlx4,42074,15.557,11.48,53.22,2.98
1788033583.59,mlx4,42074,15.557,11.5,53.26,2.98
1788033584.0,mlx4,42074,15.557,11.5,53.25,2.98
1788033584.41,mlx4,42074,15.557,11.52,53.23,2.98
1788033584.82,mlx4,42074,15.557,11.62,53.13,2.98
1788033585.22,mlx4,42074,15.557,11.75,52.91,2.98
1788033585.64,mlx4,42074,15.557,11.77,52.8,2.98
1788033586.05,mlx4,42074,15.594,10.12,54.11,2.97
1788033586.46,mlx4,42074,15.594,10.09,54.18,2.96
1788033586.87,mlx4,42074,15.594,10.13,54.16,2.96
1788033587.29,mlx4,42074,15.594,9.99,54.25,2.96
1788033587.69,mlx4,42074,15.594,9.98,54.24,2.96
1788033588.1,mlx4,42074,15.594,10.0,54.25,2.96
1788033588.51,mlx4,42074,15.594,10.03,54.14,2.96
1788033588.92,mlx4,42074,15.594,10.02,54.06,2.96
1788033589.33,mlx4,42074,15.594,10.02,54.07,2.95
1788033589.74,mlx4,42074,15.594,10.15,54.09,2.95
1788033590.16,mlx4,42074,15.593,16.23,49.91,2.95
1788033590.56,mlx4,42074,15.593,16.18,49.95,2.95
1788033590.97,mlx4,42074,15.593,16.13,49.98,2.95
1788033591.38,mlx4,42074,15.593,16.09,49.94,2.95
1788033591.79,mlx4,42074,15.593,16.09,49.95,2.95
1788033592.2,mlx4,42074,15.593,16.2,49.99,2.95
1788033592.61,mlx4,42074,15.593,16.18,50.0,2.95
1788033593.03,mlx4,42074,15.593,16.16,50.04,2.95
1788033593.44,mlx4,42074,15.593,16.13,50.05,2.95
1788033593.85,mlx4,42074,15.593,16.1,50.06,2.95
1788033594.26,mlx4,42074,15.593,16.26,50.04,2.95
1788033594.67,mlx4,42074,15.593,16.15,50.11,2.95
1788033595.08,mlx4,42074,15.593,15.96,50.27,2.95
1788033595.49,mlx4,42074,15.593,15.86,50.31,2.95
1788033595.9,mlx4,42074,15.593,15.83,50.2,2.95
1788033596.31,mlx4,42074,15.593,15.65,50.34,2.95
1788033596.72,mlx4,42074,15.593,15.94,50.03,2.95
1788033597.13,mlx4,42074,15.593,15.88,50.08,2.95
1788033597.54,mlx4,42074,15.593,15.37,50.53,2.95
1788033597.95,mlx4,42074,15.593,15.35,50.56,2.95
1788033598.36,mlx4,42074,15.593,16.04,50.08,2.95
1788033598.78,mlx4,42074,15.593,15.95,49.89,2.95
1788033599.19,mlx4,42074,15.593,15.86,49.95,2.95
1788033599.6,mlx4,42074,15.593,15.87,49.99,2.95
1788033600.01,mlx4,42074,15.593,15.81,50.07,2.95
1788033600.42,mlx4,42074,15.593,15.41,50.61,2.95
1788033600.83,mlx4,42074,15.593,15.33,50.67,2.95
1788033601.24,mlx4,42074,15.593,15.27,50.77,2.95
1788033601.66,mlx4,42074,15.593,15.18,50.73,2.95
1788033602.07,mlx4,42074,15.593,15.11,50.83,2.95
1788033602.48,mlx4,42074,15.593,15.0,50.76,2.95
1788033602.89,mlx4,42074,15.593,15.48,50.44,2.95
1788033603.3,mlx4,42074,15.593,15.43,50.36,2.95
1788033603.71,mlx4,42074,15.593,15.38,50.31,2.94
1788033604.12,mlx4,42074,15.593,15.33,50.35,2.94
1788033604.54,mlx4,42074,15.593,15.15,50.67,2.94
1788033604.95,mlx4,42074,15.593,14.95,50.79,2.93
1788033605.36,mlx4,42074,15.593,14.83,50.86,2.93
1788033605.77,mlx4,42074,15.593,14.92,50.8,2.93
1788033606.18,mlx4,42074,15.593,14.8,50.89,2.93
1788033606.59,mlx4,42074,15.593,14.57,51.05,2.92
1788033607.0,mlx4,42074,15.593,15.74,50.3,2.92
1788033607.41,mlx4,42074,15.593,15.16,50.73,2.91
1788033607.83,mlx4,42074,15.593,15.03,50.75,2.91
1788033608.24,mlx4,42074,15.593,14.96,50.8,2.91
1788033608.65,mlx4,42074,15.593,14.84,50.72,2.91
1788033609.06,mlx4,42074,15.593,14.79,50.89,2.91
1788033609.47,mlx4,42074,15.593,14.72,50.86,2.91
1788033609.88,mlx4,42074,15.593,14.55,51.11,2.91
1788033610.29,mlx4,42074,15.593,14.48,51.09,2.91
1788033610.7,mlx4,42074,15.593,14.35,51.19,2.91
1788033611.11,mlx4,42074,15.593,14.29,51.04,2.91
1788033611.52,mlx4,42074,15.593,15.27,50.6,2.91
1788033611.94,mlx4,42074,15.593,15.08,50.73,2.91
1788033612.35,mlx4,42074,15.593,14.9,50.81,2.91
1788033612.76,mlx4,42074,15.593,14.87,50.6,2.91
1788033613.17,mlx4,42074,15.593,14.68,50.94,2.91
1788033613.58,mlx4,42074,15.593,14.54,51.01,2.91
1788033613.99,mlx4,42074,15.593,14.27,51.21,2.91
1788033614.4,mlx4,42074,15.593,14.25,51.07,2.91
1788033614.82,mlx4,42074,15.593,14.07,51.41,2.91
1788033615.23,mlx4,42074,15.593,14.0,51.35,2.91
1788033615.64,mlx4,42074,15.593,13.81,51.54,2.91
1788033616.05,mlx4,42074,15.593,14.84,50.83,2.91
1788033616.46,mlx4,42074,15.593,14.72,51.02,2.9
1788033616.87,mlx4,42074,15.593,14.54,51.06,2.9
1788033617.28,mlx4,42074,15.593,14.45,51.09,2.9
1788033617.69,mlx4,42074,15.593,14.15,51.36,2.9
1788033618.1,mlx4,42074,15.593,14.07,51.35,2.9
1788033618.52,mlx4,42074,15.593,14.07,51.23,2.9
1788033618.93,mlx4,42074,15.593,13.91,51.44,2.9
1788033619.34,mlx4,42074,15.593,13.76,51.56,2.9
1788033619.75,mlx4,42074,15.593,13.49,51.83,2.9
1788033620.16,mlx4,42074,15.593,13.36,51.98,2.9
1788033620.57,mlx4,42074,15.593,14.72,50.91,2.9
1788033620.98,mlx4,42074,15.593,14.45,51.17,2.9
1788033621.39,mlx4,42074,15.593,14.12,51.29,2.9
1788033621.8,mlx4,42074,15.593,14.08,51.37,2.9
1788033622.21,mlx4,42074,15.593,13.96,51.48,2.9
1788033622.63,mlx4,42074,15.593,13.82,51.49,2.9
1788033623.04,mlx4,42074,15.593,13.73,51.59,2.9
1788033623.45,mlx4,42074,15.593,13.51,51.86,2.9
1788033623.86,mlx4,42074,15.593,13.43,51.86,2.9
1788033624.28,mlx4,42074,15.593,13.32,51.93,2.9
1788033624.69,mlx4,42074,15.593,13.13,51.92,2.89
1788033625.1,mlx4,42074,15.593,13.05,52.0,2.89
1788033625.51,mlx4,42074,15.593,14.46,50.97,2.89
1788033625.92,mlx4,42074,15.593,14.4,50.98,2.89
1788033626.33,mlx4,42074,15.593,14.4,50.93,2.89
1788033626.74,mlx4,42074,15.593,14.33,51.02,2.89
1788033627.15,mlx4,42074,15.593,13.88,51.43,2.89
1788033627.57,mlx4,42074,15.593,13.35,51.98,2.89
1788033627.98,mlx4,42074,15.593,13.1,52.15,2.89
1788033628.39,mlx4,42074,15.593,13.12,52.2,2.89
1788033628.8,mlx4,42074,15.593,13.34,51.77,2.89
1788033629.22,mlx4,42074,15.593,13.13,51.9,2.89
1788033629.63,mlx4,42074,15.593,12.77,52.22,2.89
1788033630.04,mlx4,42074,15.593,14.5,51.06,2.89
1788033630.45,mlx4,42074,15.593,14.18,51.28,2.89
1788033630.86,mlx4,42074,15.593,13.94,51.16,2.89
1788033631.27,mlx4,42074,15.593,13.82,51.25,2.89
1788033631.68,mlx4,42074,15.593,13.69,51.24,2.89
1788033632.1,mlx4,42074,15.593,13.43,51.57,2.89
1788033632.5,mlx4,42074,15.593,13.37,51.73,2.89
1788033632.92,mlx4,42074,15.593,13.26,51.83,2.89
1788033633.33,mlx4,42074,15.593,13.01,51.97,2.89
1788033633.74,mlx4,42074,15.593,12.88,52.01,2.89
1788033634.15,mlx4,42074,15.593,12.62,52.28,2.89
1788033634.56,mlx4,42074,15.593,12.32,52.5,2.89
1788033634.97,mlx4,42074,15.593,14.17,51.21,2.89
1788033635.38,mlx4,42074,15.593,13.95,51.29,2.89
1788033635.79,mlx4,42074,15.593,13.84,51.39,2.89
1788033636.2,mlx4,42074,15.593,13.79,51.3,2.89
1788033636.61,mlx4,42074,15.593,13.54,51.58,2.89
1788033637.02,mlx4,42074,15.593,13.27,51.78,2.89
1788033637.44,mlx4,42074,15.593,13.11,51.88,2.89
1788033637.85,mlx4,42074,15.593,13.03,51.83,2.89
1788033638.26,mlx4,42074,15.593,12.75,52.1,2.89
1788033638.67,mlx4,42074,15.593,12.61,52.2,2.89
1788033639.08,mlx4,42074,15.593,12.46,52.3,2.89
1788033639.49,mlx4,42074,15.593,12.18,52.43,2.89
1788033639.9,mlx4,42074,15.593,14.29,51.0,2.89
1788033640.31,mlx4,42074,15.593,13.93,51.26,2.89
1788033640.72,mlx4,42074,15.593,13.77,51.37,2.89
1788033641.13,mlx4,42074,15.593,13.63,51.48,2.89
1788033641.54,mlx4,42074,15.593,13.47,51.59,2.89
1788033641.96,mlx4,42074,15.593,13.15,51.81,2.89
1788033642.37,mlx4,42074,15.593,12.78,52.28,2.89
1788033642.78,mlx4,42074,15.593,12.63,52.39,2.89
1788033643.19,mlx4,42074,15.593,11.85,53.09,2.89
1788033643.6,mlx4,42074,15.593,11.73,53.2,2.89
1788033644.02,mlx4,42074,15.593,11.56,53.31,2.89
1788033644.43,mlx4,42074,15.593,11.47,53.27,2.89
1788033644.84,mlx4,42074,15.593,12.31,52.71,2.89
1788033645.25,mlx4,42074,15.593,13.18,52.05,2.89
1788033645.66,mlx4,42074,15.593,13.0,52.23,2.89
1788033646.07,mlx4,42074,15.593,12.65,52.46,2.89
1788033646.48,mlx4,42074,15.593,12.71,52.26,2.88
1788033646.89,mlx4,42074,15.593,12.54,52.41,2.88
1788033647.31,mlx4,42074,15.593,12.33,52.57,2.88
1788033647.72,mlx4,42074,15.593,12.06,52.71,2.88
1788033648.13,mlx4,42074,15.593,11.96,52.75,2.88
1788033648.54,mlx4,42074,15.593,11.8,52.71,2.88
1788033648.95,mlx4,42074,15.593,11.69,52.87,2.88
1788033649.36,mlx4,42074,15.593,11.54,52.99,2.88
1788033649.77,mlx4,42074,15.593,11.09,53.53,2.88
1788033650.18,mlx4,42074,15.593,13.3,52.0,2.88
1788033650.6,mlx4,42074,15.593,13.08,52.15,2.88
1788033651.01,mlx4,42074,15.593,13.0,51.94,2.88
1788033651.42,mlx4,42074,15.593,12.83,52.06,2.88
1788033651.83,mlx4,42074,15.593,12.49,52.32,2.88
1788033652.24,mlx4,42074,15.593,12.24,52.58,2.88
1788033652.66,mlx4,42074,15.593,11.95,52.91,2.88
1788033653.07,mlx4,42074,15.593,11.74,52.94,2.88
1788033653.48,mlx4,42074,15.593,11.62,52.96,2.88
1788033653.89,mlx4,42074,15.593,11.34,53.21,2.88
1788033654.3,mlx4,42074,15.593,10.82,53.76,2.88
1788033654.71,mlx4,42074,15.593,10.63,53.89,2.88
1788033655.13,mlx4,42074,15.593,10.5,54.01,2.88
1788033655.54,mlx4,42074,15.593,12.66,52.44,2.88
1788033655.95,mlx4,42074,15.593,12.6,52.43,2.87
1788033656.36,mlx4,42074,15.593,12.42,52.49,2.87
1788033656.78,mlx4,42074,15.593,12.15,52.54,2.87
1788033657.19,mlx4,42074,15.593,12.2,52.5,2.87
1788033657.6,mlx4,42074,15.593,12.01,52.64,2.87
1788033658.01,mlx4,42074,15.593,11.49,53.31,2.87
1788033658.42,mlx4,42074,15.593,11.29,53.45,2.87
1788033658.83,mlx4,42074,15.593,10.9,53.71,2.87
1788033659.24,mlx4,42074,15.593,10.51,53.87,2.87
1788033659.65,mlx4,42074,15.593,10.31,53.99,2.87
1788033660.06,mlx4,42074,15.593,10.1,54.18,2.87
1788033660.48,mlx4,42074,15.593,10.04,54.08,2.87
1788033660.89,mlx4,42074,15.593,12.62,52.3,2.87
1788033661.3,mlx4,42074,15.593,12.38,52.45,2.87
1788033661.71,mlx4,42074,15.593,12.23,52.54,2.87
1788033662.12,mlx4,42074,15.593,12.04,52.79,2.87
1788033662.53,mlx4,42074,15.593,11.62,52.99,2.87
1788033662.94,mlx4,42074,15.593,11.47,52.98,2.87
1788033663.36,mlx4,42074,15.593,11.4,53.05,2.87
1788033663.77,mlx4,42074,15.593,11.22,53.19,2.87
1788033664.18,mlx4,42074,15.593,10.58,53.86,2.87
1788033664.59,mlx4,42074,15.593,10.16,54.14,2.87
1788033665.0,mlx4,42074,15.593,9.99,54.27,2.87
1788033665.41,mlx4,42074,15.593,9.98,54.03,2.87
1788033665.82,mlx4,42074,15.593,9.84,54.2,2.87
1788033666.23,mlx4,42074,15.593,12.75,52.04,2.87
1788033666.64,mlx4,42074,15.593,12.16,52.79,2.87
1788033667.06,mlx4,42074,15.593,11.94,52.91,2.87
1788033667.47,mlx4,42074,15.593,11.59,53.19,2.87
1788033667.88,mlx4,42074,15.593,10.92,53.69,2.87
1788033668.29,mlx4,42074,15.593,10.76,53.7,2.83
1788033668.7,mlx4,42074,15.593,10.62,53.82,2.83
1788033669.12,mlx4,42074,15.593,10.42,53.8,2.83
1788033669.53,mlx4,42074,15.593,10.22,53.93,2.83
1788033669.93,mlx4,42074,15.593,10.02,54.09,2.83
1788033670.35,mlx4,42074,15.593,9.83,54.12,2.83
1788033670.76,mlx4,42074,15.593,9.67,54.31,2.82
1788033671.17,mlx4,42074,15.593,9.66,54.25,2.82
1788033671.58,mlx4,42074,15.593,12.51,52.33,2.82
1788033671.99,mlx4,42074,15.593,12.06,52.62,2.82
1788033672.4,mlx4,42074,15.593,11.82,52.87,2.82
1788033672.81,mlx4,42074,15.593,11.6,52.85,2.82
1788033673.22,mlx4,42074,15.593,11.3,53.28,2.82
1788033673.63,mlx4,42074,15.593,10.94,53.44,2.82
1788033674.05,mlx4,42074,15.593,10.81,53.55,2.82
1788033674.45,mlx4,42074,15.593,10.6,53.61,2.82
1788033674.87,mlx4,42074,15.593,10.44,53.72,2.82
1788033675.28,mlx4,42074,15.593,10.01,54.03,2.82
1788033675.69,mlx4,42074,15.593,9.93,53.95,2.82
1788033676.1,mlx4,42074,15.593,9.82,54.24,2.82
1788033676.51,mlx4,42074,15.593,9.77,54.24,2.82
1788033676.92,mlx4,42074,15.593,9.81,54.22,2.82
1788033677.34,mlx4,42074,15.593,12.21,52.36,2.82
1788033677.75,mlx4,42074,15.593,11.87,52.71,2.82
1788033678.16,mlx4,42074,15.593,11.5,53.18,2.82
1788033678.57,mlx4,42074,15.593,11.13,53.49,2.82
1788033678.98,mlx4,42074,15.593,10.84,53.69,2.82
1788033679.39,mlx4,42074,15.593,10.6,53.74,2.82
1788033679.8,mlx4,42074,15.593,10.39,53.91,2.82
1788033680.21,mlx4,42074,15.593,10.12,54.17,2.82
1788033680.63,mlx4,42074,15.593,9.72,54.27,2.82
1788033681.04,mlx4,42074,15.593,9.84,54.22,2.82
1788033681.45,mlx4,42074,15.593,9.84,54.23,2.82
1788033681.86,mlx4,42074,15.593,9.85,54.23,2.82
1788033682.27,mlx4,42074,15.593,9.89,54.2,2.82
1788033682.68,mlx4,42074,15.593,9.88,54.12,2.82
1788033683.09,mlx4,42074,15.593,11.95,52.77,2.82
1788033683.51,mlx4,42074,15.593,11.69,52.94,2.82
1788033683.92,mlx4,42074,15.593,11.46,53.11,2.82
1788033684.32,mlx4,42074,15.593,11.2,53.29,2.82
1788033684.73,mlx4,42074,15.593,10.97,53.46,2.82
1788033685.14,mlx4,42074,15.593,10.53,53.83,2.82
1788033685.56,mlx4,42074,15.593,10.28,53.96,2.82
1788033685.96,mlx4,42074,15.593,10.03,54.14,2.82
1788033686.38,mlx4,42074,15.593,9.82,54.23,2.82
1788033686.79,mlx4,42074,15.593,9.86,54.21,2.82
1788033687.2,mlx4,42074,15.593,9.89,54.2,2.82
1788033687.61,mlx4,42074,15.593,9.95,54.13,2.82
1788033688.02,mlx4,42074,15.593,9.94,54.23,2.82
1788033688.43,mlx4,42074,15.593,9.85,54.28,2.82
1788033688.84,mlx4,42074,15.593,11.95,52.84,2.82
1788033689.25,mlx4,42074,15.593,11.38,53.27,2.82
1788033689.66,mlx4,42074,15.593,11.13,53.3,2.82
1788033690.07,mlx4,42074,15.593,10.94,53.42,2.82
1788033690.48,mlx4,42074,15.593,10.66,53.65,2.82
1788033690.89,mlx4,42074,15.593,10.34,53.97,2.82
1788033691.3,mlx4,42074,15.593,10.03,54.2,2.82
1788033691.72,mlx4,42074,15.593,9.88,54.3,2.82
1788033692.13,mlx4,42074,15.593,9.85,54.31,2.82
1788033692.54,mlx4,42074,15.593,9.85,54.21,2.82
1788033692.95,mlx4,42074,15.593,9.89,54.17,2.82
1788033693.36,mlx4,42074,15.593,9.93,54.14,2.82
1788033693.77,mlx4,42074,15.593,10.0,54.09,2.82
1788033694.19,mlx4,42074,15.593,9.77,54.32,2.82
1788033694.6,mlx4,42074,15.593,11.39,53.19,2.82
1788033695.01,mlx4,42074,15.593,11.43,53.17,2.82
1788033695.42,mlx4,42074,15.593,11.18,53.28,2.82
1788033695.83,mlx4,42074,15.593,10.96,53.45,2.82
1788033696.24,mlx4,42074,15.593,10.65,53.68,2.82
1788033696.65,mlx4,42074,15.593,10.39,53.83,2.82
1788033697.06,mlx4,42074,15.593,10.04,54.16,2.82
1788033697.48,mlx4,42074,15.593,9.79,54.3,2.82
1788033697.89,mlx4,42074,15.593,9.83,54.29,2.82
1788033698.3,mlx4,42074,15.593,9.75,54.39,2.82
1788033698.71,mlx4,42074,15.593,9.77,54.4,2.82
1788033699.12,mlx4,42074,15.593,9.75,54.44,2.82
1788033699.54,mlx4,42074,15.593,9.51,54.55,2.82
1788033699.95,mlx4,42074,15.593,9.66,54.43,2.82
1788033700.36,mlx4,42074,15.593,9.58,54.41,2.82
1788033700.77,mlx4,42074,15.593,11.61,53.0,2.81
1788033701.18,mlx4,42074,15.593,10.91,53.52,2.81
1788033701.6,mlx4,42074,15.593,10.6,53.73,2.81
1788033702.01,mlx4,42074,15.593,10.2,53.99,2.81
1788033702.42,mlx4,42074,15.593,9.7,54.34,2.81
1788033702.83,mlx4,42074,15.593,9.47,54.44,2.81
1788033703.25,mlx4,42074,15.593,9.39,54.55,2.81
1788033703.65,mlx4,42074,15.593,9.68,54.04,2.81
1788033704.07,mlx4,42074,15.593,9.82,54.03,2.81
1788033704.48,mlx4,42074,15.593,9.63,54.24,2.81
1788033704.89,mlx4,42074,15.593,9.8,54.12,2.81
1788033705.3,mlx4,42074,15.593,9.61,54.34,2.81
1788033705.71,mlx4,42074,15.593,9.67,54.21,2.81
1788033706.13,mlx4,42074,15.593,9.75,54.03,2.81
1788033706.54,mlx4,42074,15.593,9.85,53.95,2.81
1788033706.95,mlx4,42074,15.593,11.07,53.02,2.81
1788033707.36,mlx4,42074,15.593,10.77,53.34,2.81
1788033707.77,mlx4,42074,15.593,10.54,53.52,2.81
1788033708.18,mlx4,42074,15.593,10.26,53.64,2.81
1788033708.59,mlx4,42074,15.593,9.55,54.55,2.81
1788033709.01,mlx4,42074,15.593,9.48,54.62,2.81
1788033709.42,mlx4,42074,15.593,9.28,54.66,2.81
1788033709.83,mlx4,42074,15.593,9.29,54.63,2.81
1788033710.24,mlx4,42074,15.593,9.33,54.63,2.81
1788033710.65,mlx4,42074,15.593,9.6,54.26,2.8
1788033711.06,mlx4,42074,15.593,9.7,54.2,2.8
1788033711.48,mlx4,42074,15.593,9.5,54.42,2.8
1788033711.89,mlx4,42074,15.593,9.6,54.35,2.8
1788033712.3,mlx4,42074,15.593,9.68,54.16,2.8
1788033712.71,mlx4,42074,15.593,9.77,54.14,2.8
1788033713.12,mlx4,42074,15.593,10.61,53.59,2.8
1788033713.53,mlx4,42074,15.593,10.32,53.78,2.8
1788033713.94,mlx4,42074,15.593,10.26,53.66,2.8
1788033714.35,mlx4,42074,15.593,10.14,53.81,2.8
1788033714.76,mlx4,42074,15.593,10.07,53.85,2.8
1788033715.17,mlx4,42074,15.593,9.94,53.98,2.8
1788033715.58,mlx4,42074,15.593,9.78,54.26,2.8
1788033716.0,mlx4,42074,15.593,9.77,54.24,2.8
1788033716.41,mlx4,42074,15.593,9.76,54.13,2.8
1788033716.82,mlx4,42074,15.593,9.88,54.07,2.8
1788033717.23,mlx4,42074,15.593,9.86,54.08,2.8
1788033717.64,mlx4,42074,15.593,9.83,54.11,2.8
1788033718.05,mlx4,42074,15.593,9.53,54.39,2.8
1788033718.46,mlx4,42074,15.593,9.63,54.34,2.8
1788033718.87,mlx4,42074,15.593,9.61,54.36,2.8
1788033719.29,mlx4,42074,15.593,10.49,53.54,2.8
1788033719.7,mlx4,42074,15.593,10.17,53.76,2.8
1788033720.11,mlx4,42074,15.593,9.87,54.08,2.8
1788033720.52,mlx4,42074,15.593,9.82,54.09,2.8
1788033720.94,mlx4,42074,15.593,9.79,54.08,2.8
1788033721.35,mlx4,42074,15.593,9.8,54.13,2.8
1788033721.76,mlx4,42074,15.593,9.77,54.14,2.8
1788033722.17,mlx4,42074,15.593,9.81,54.16,2.8
1788033722.58,mlx4,42074,15.593,9.87,53.99,2.8
1788033722.99,mlx4,42074,15.593,9.98,54.02,2.8
1788033723.4,mlx4,42074,15.593,9.94,54.04,2.8
1788033723.81,mlx4,42074,15.593,10.06,53.96,2.8
1788033724.22,mlx4,42074,15.593,10.04,54.0,2.8
1788033724.63,mlx4,42074,15.593,9.91,54.1,2.8
1788033725.04,mlx4,42074,15.593,9.9,54.05,2.8
1788033725.45,mlx4,42074,15.593,10.42,53.68,2.8
1788033725.86,mlx4,42074,15.593,9.94,54.1,2.8
1788033726.28,mlx4,42074,15.593,9.72,54.23,2.8
1788033726.69,mlx4,42074,15.593,9.73,54.25,2.8
1788033727.1,mlx4,42074,15.593,9.89,53.95,2.8
1788033727.51,mlx4,42074,15.593,9.91,53.98,2.8
1788033727.92,mlx4,42074,15.593,9.97,53.96,2.8
1788033728.33,mlx4,42074,15.593,9.93,53.98,2.8
1788033728.75,mlx4,42074,15.593,10.07,53.89,2.8
1788033729.16,mlx4,42074,15.593,9.93,54.02,2.8
1788033729.57,mlx4,42074,15.593,9.95,54.01,2.8
1788033729.98,mlx4,42074,15.593,9.92,54.03,2.8
1788033730.39,mlx4,42074,15.593,9.88,54.05,2.8
1788033730.8,mlx4,42074,15.593,10.08,53.88,2.8
1788033731.21,mlx4,42074,15.593,10.04,53.94,2.8
1788033731.62,mlx4,42074,15.593,11.13,53.16,2.8
1788033732.03,mlx4,42074,15.593,10.3,53.76,2.8
1788033732.44,mlx4,42074,15.593,10.09,53.89,2.8
1788033732.85,mlx4,42074,15.593,10.0,53.95,2.8
1788033733.26,mlx4,42074,15.593,10.02,53.94,2.8
1788033733.67,mlx4,42074,15.593,10.01,53.96,2.8
1788033734.08,mlx4,42074,15.593,10.03,53.95,2.8
1788033734.5,mlx4,42074,15.593,10.06,53.84,2.8
1788033734.91,mlx4,42074,15.593,10.12,53.95,2.8
1788033735.32,mlx4,42074,15.593,10.06,53.97,2.8
1788033735.72,mlx4,42074,15.593,10.04,53.96,2.8
1788033736.14,mlx4,42074,15.593,10.05,54.01,2.8
1788033736.55,mlx4,42074,15.593,9.99,54.02,2.8
1788033736.96,mlx4,42074,15.593,9.97,54.03,2.8
1788033737.37,mlx4,42074,15.593,9.95,54.05,2.8
1788033737.78,mlx4,42074,15.593,10.09,53.95,2.8
1788033738.19,mlx4,42074,15.593,10.04,54.02,2.8
1788033738.6,mlx4,42074,15.593,9.88,54.09,2.8
1788033739.01,mlx4,42074,15.593,9.84,54.12,2.8
1788033739.42,mlx4,42074,15.593,9.84,54.19,2.8
1788033739.83,mlx4,42074,15.593,9.83,54.15,2.8
1788033740.24,mlx4,42074,15.593,9.84,54.19,2.8
1788033740.65,mlx4,42074,15.593,9.52,54.4,2.8
1788033741.06,mlx4,42074,15.593,9.53,54.45,2.8
1788033741.47,mlx4,42074,15.593,9.52,54.42,2.8
1788033741.88,mlx4,42074,15.593,9.78,54.1,2.8
1788033742.29,mlx4,42074,15.593,9.61,54.31,2.8
1788033742.7,mlx4,42074,15.593,9.52,54.39,2.8
1788033743.12,mlx4,42074,15.593,9.59,54.37,2.8
1788033743.53,mlx4,42074,15.593,9.51,54.42,2.8
1788033743.94,mlx4,42074,15.593,9.52,54.42,2.8
1788033744.35,mlx4,42074,15.593,9.73,54.19,2.8
1788033744.76,mlx4,42074,15.593,10.24,53.83,2.8
1788033745.17,mlx4,42074,15.593,9.74,54.17,2.8
1788033745.59,mlx4,42074,15.593,9.81,54.12,2.8
1788033746.0,mlx4,42074,15.593,9.73,54.23,2.8
1788033746.41,mlx4,42074,15.593,9.58,54.39,2.8
1788033746.82,mlx4,42074,15.593,9.55,54.41,2.8
1788033747.23,mlx4,42074,15.593,9.52,54.47,2.8
1788033747.65,mlx4,42074,15.593,9.48,54.48,2.8
1788033748.05,mlx4,42074,15.593,9.57,54.26,2.8
1788033748.47,mlx4,42074,15.593,9.63,54.27,2.8
1788033748.87,mlx4,42074,15.593,9.78,54.13,2.8
1788033749.29,mlx4,42074,15.593,9.71,54.31,2.8
1788033749.7,mlx4,42074,15.593,9.66,54.3,2.8
1788033750.11,mlx4,42074,15.593,9.66,54.31,2.8
1788033750.52,mlx4,42074,15.593,9.65,54.23,2.8
1788033750.93,mlx4,42074,15.593,9.66,54.2,2.8
1788033751.34,mlx4,42074,15.593,9.8,54.02,2.8
1788033751.76,mlx4,42074,15.593,9.88,53.98,2.8
1788033752.17,mlx4,42074,15.593,9.78,54.24,2.8
1788033752.58,mlx4,42074,15.593,9.78,54.17,2.8
1788033752.99,mlx4,42074,15.593,9.81,54.15,2.8
1788033753.41,mlx4,42074,15.593,9.95,53.85,2.8
1788033753.82,mlx4,42074,15.593,9.72,54.23,2.8
1788033754.23,mlx4,42074,15.593,9.69,54.31,2.8
1788033754.64,mlx4,42074,15.593,9.76,54.14,2.8
1788033755.06,mlx4,42074,15.593,9.78,54.14,2.8
1788033755.47,mlx4,42074,15.593,9.83,54.09,2.8
1788033755.88,mlx4,42074,15.593,9.83,54.1,2.8
1788033756.29,mlx4,42074,15.593,9.8,54.17,2.8
1788033756.7,mlx4,42074,15.593,9.7,54.33,2.8
1788033757.12,mlx4,42074,15.593,9.69,54.34,2.8
1788033757.53,mlx4,42074,15.593,9.68,54.34,2.8
1788033757.94,mlx4,42074,15.593,9.7,54.31,2.8
1788033758.35,mlx4,42074,15.593,9.6,54.38,2.8
1788033758.76,mlx4,42074,15.593,9.63,54.31,2.8
1788033759.17,mlx4,42074,15.593,9.65,54.33,2.8
1788033759.59,mlx4,42074,15.593,9.68,54.22,2.8
1788033760.0,mlx4,42074,15.593,9.76,54.13,2.8
1788033760.41,mlx4,42074,15.593,10.01,53.86,2.8
1788033760.82,mlx4,42074,15.593,10.01,53.79,2.8
1788033761.23,mlx4,42074,15.593,10.16,53.79,2.8
1788033761.64,mlx4,42074,15.593,10.17,53.75,2.8
1788033762.05,mlx4,42074,15.593,10.2,53.75,2.8
1788033762.47,mlx4,42074,15.593,10.2,53.75,2.8
1788033762.88,mlx4,42074,15.593,10.21,53.75,2.8
1788033763.29,mlx4,42074,15.593,10.25,53.79,2.8
1788033763.7,mlx4,42074,15.593,10.31,53.75,2.8
1788033764.11,mlx4,42074,15.593,10.33,53.75,2.8
1788033764.52,mlx4,42074,15.593,10.22,53.82,2.8
1788033764.94,mlx4,42074,15.593,10.4,53.71,2.8
1788033765.35,mlx4,42074,15.593,10.28,53.82,2.8
1788033765.76,mlx4,42074,15.593,10.24,53.79,2.8
1788033766.17,mlx4,42074,15.593,10.26,53.82,2.8
1788033766.58,mlx4,42074,15.593,10.26,53.8,2.8
1788033766.99,mlx4,42074,15.593,10.28,53.79,2.8
1788033767.4,mlx4,42074,15.593,9.78,54.26,2.8
1788033767.81,mlx4,42074,15.593,9.87,54.18,2.79
1788033768.22,mlx4,42074,15.593,9.66,54.38,2.79
1788033768.64,mlx4,42074,15.593,9.9,54.2,2.79
1788033769.05,mlx4,42074,15.593,9.73,54.39,2.79
1788033769.46,mlx4,42074,15.593,9.71,54.29,2.79
1788033769.87,mlx4,42074,15.593,9.81,54.23,2.79
1788033770.28,mlx4,42074,15.593,9.92,54.15,2.79
1788033770.7,mlx4,42074,15.593,10.14,53.8,2.79
1788033771.11,mlx4,42074,15.593,9.96,54.08,2.79
1788033771.52,mlx4,42074,15.593,10.05,54.05,2.79
1788033771.93,mlx4,42074,15.593,9.87,54.18,2.79
1788033772.35,mlx4,42074,15.593,9.87,54.21,2.79
1788033772.75,mlx4,42074,15.593,9.88,54.08,2.79
1788033773.16,mlx4,42074,15.593,10.1,53.9,2.79
1788033773.57,mlx4,42074,15.593,10.1,53.87,2.79
1788033773.99,mlx4,42074,15.593,10.3,53.76,2.79
1788033774.39,mlx4,42074,15.593,10.11,53.89,2.79
1788033774.81,mlx4,42074,15.593,10.13,53.88,2.79
1788033775.22,mlx4,42074,15.593,10.25,53.79,2.79
1788033775.63,mlx4,42074,15.593,10.26,53.75,2.79
1788033776.04,mlx4,42074,15.593,10.18,53.87,2.79
1788033776.45,mlx4,42074,15.593,10.18,53.86,2.79
1788033776.86,mlx4,42074,15.593,10.06,53.95,2.79
1788033777.28,mlx4,42074,15.593,9.95,54.17,2.79
1788033777.69,mlx4,42074,15.593,9.93,54.13,2.79
1788033778.1,mlx4,42074,15.593,10.1,54.03,2.79
1788033778.51,mlx4,42074,15.593,9.9,54.17,2.79
1788033778.92,mlx4,42074,15.593,9.5,54.44,2.79
1788033779.33,mlx4,42074,15.593,9.74,54.31,2.79
1788033779.75,mlx4,42074,15.593,9.84,54.2,2.79
1788033780.16,mlx4,42074,15.593,9.83,54.18,2.79
1788033780.57,mlx4,42074,15.593,9.67,54.31,2.79
1788033780.98,mlx4,42074,15.593,9.93,54.1,2.79
1788033781.4,mlx4,42074,15.593,9.72,54.13,2.79
1788033781.8,mlx4,42074,15.593,9.81,54.17,2.79
1788033782.22,mlx4,42074,15.593,9.84,54.19,2.79
1788033782.63,mlx4,42074,15.593,9.87,54.07,2.79
1788033783.04,mlx4,42074,15.593,9.93,54.0,2.79
1788033783.45,mlx4,42074,15.593,10.03,53.94,2.79
1788033783.86,mlx4,42074,15.593,9.92,53.99,2.79
1788033784.27,mlx4,42074,15.593,9.91,54.06,2.79
1788033784.68,mlx4,42074,15.593,10.07,53.91,2.79
1788033785.08,mlx4,42074,15.593,9.98,53.96,2.79
1788033785.49,mlx4,42074,15.593,9.98,54.02,2.79
1788033785.91,mlx4,42074,15.593,9.46,54.43,2.79
1788033786.32,mlx4,42074,15.593,9.97,54.12,2.79
1788033786.73,mlx4,42074,15.593,9.95,54.03,2.79
1788033787.14,mlx4,42074,15.593,9.99,54.0,2.79
1788033787.55,mlx4,42074,15.593,10.06,53.95,2.79
1788033787.96,mlx4,42074,15.593,10.16,53.89,2.79
1788033788.37,mlx4,42074,15.593,9.96,54.06,2.79
1788033788.78,mlx4,42074,15.593,10.0,54.0,2.79
1788033789.19,mlx4,42074,15.593,9.93,54.19,2.79
1788033789.61,mlx4,42074,15.593,9.96,54.17,2.79
1788033790.02,mlx4,42074,15.593,9.84,54.18,2.79
1788033790.43,mlx4,42074,15.593,9.87,54.01,2.79
1788033790.84,mlx4,42074,15.593,9.84,54.03,2.79
1788033791.25,mlx4,42074,15.593,10.05,53.96,2.79
1788033791.66,mlx4,42074,15.593,10.09,53.89,2.79
1788033792.08,mlx4,42074,15.593,9.76,54.13,2.79
1788033792.49,mlx4,42074,15.593,9.44,54.35,2.79
1788033792.9,mlx4,42074,15.593,9.63,54.23,2.79
1788033793.31,mlx4,42074,15.593,9.9,54.03,2.79
1788033793.72,mlx4,42074,15.593,9.94,53.99,2.79
1788033794.13,mlx4,42074,15.593,9.95,54.01,2.79
1788033794.55,mlx4,42074,15.593,9.93,54.04,2.79
1788033794.96,mlx4,42074,15.593,10.15,53.89,2.79
1788033795.37,mlx4,42074,15.593,10.02,53.98,2.79
1788033795.78,mlx4,42074,15.593,10.11,53.92,2.79
1788033796.19,mlx4,42074,15.593,10.14,53.91,2.79
1788033796.6,mlx4,42074,15.593,9.85,54.25,2.79
1788033797.01,mlx4,42074,15.593,9.94,54.22,2.78
1788033797.42,mlx4,42074,15.593,9.9,54.25,2.78
1788033797.83,mlx4,42074,15.593,9.91,54.04,2.78
1788033798.24,mlx4,42074,15.593,9.93,54.04,2.78
1788033798.65,mlx4,42074,15.593,9.97,54.02,2.78
1788033799.06,mlx4,42074,15.593,9.93,54.04,2.78
1788033799.47,mlx4,42074,15.593,9.61,54.32,2.78
1788033799.88,mlx4,42074,15.593,9.47,54.37,2.78
1788033800.29,mlx4,42074,15.593,9.72,54.12,2.78
1788033800.71,mlx4,42074,15.593,9.98,54.0,2.78
1788033801.12,mlx4,42074,15.593,9.95,54.03,2.78
1788033801.53,mlx4,42074,15.593,9.96,54.03,2.78
1788033801.94,mlx4,42074,15.593,10.08,53.96,2.78
1788033802.35,mlx4,42074,15.593,10.11,53.93,2.78
1788033802.76,mlx4,42074,15.593,9.98,54.02,2.78
1788033803.17,mlx4,42074,15.593,10.03,53.99,2.78
1788033803.58,mlx4,42074,15.593,10.03,53.99,2.78
1788033804.0,mlx4,42074,15.593,10.15,53.92,2.78
1788033804.41,mlx4,42074,15.593,9.97,53.95,2.78
1788033804.82,mlx4,42074,15.593,10.13,53.85,2.78
1788033805.23,mlx4,42074,15.593,10.2,53.85,2.78
1788033805.64,mlx4,42074,15.593,9.88,53.9,2.78
1788033806.05,mlx4,42074,15.593,9.58,54.25,2.78
1788033806.46,mlx4,42074,15.593,9.69,54.22,2.78
1788033806.87,mlx4,42074,15.593,9.55,54.32,2.78
1788033807.28,mlx4,42074,15.593,9.39,54.44,2.78
1788033807.7,mlx4,42074,15.593,10.0,54.02,2.78
1788033808.11,mlx4,42074,15.593,10.0,54.02,2.78
1788033808.52,mlx4,42074,15.593,10.0,54.02,2.78
1788033808.93,mlx4,42074,15.593,10.0,54.02,2.78
1788033809.34,mlx4,42074,15.593,9.99,54.04,2.78
1788033809.76,mlx4,42074,15.593,10.04,54.01,2.78
1788033810.17,mlx4,42074,15.593,10.14,53.96,2.78
1788033810.58,mlx4,42074,15.593,9.87,54.18,2.78
1788033810.99,mlx4,42074,15.593,9.89,54.17,2.78
1788033811.4,mlx4,42074,15.593,10.05,53.99,2.78
1788033811.81,mlx4,42074,15.593,9.93,53.99,2.78
1788033812.22,mlx4,42074,15.593,10.12,53.92,2.78
1788033812.64,mlx4,42074,15.593,10.02,53.94,2.78
1788033813.05,mlx4,42074,15.593,9.87,54.06,2.78
1788033813.46,mlx4,42074,15.593,9.64,54.27,2.78
1788033813.87,mlx4,42074,15.593,9.13,54.63,2.78
1788033814.28,mlx4,42074,15.593,9.14,54.71,2.78
1788033814.69,mlx4,42074,15.593,8.95,54.81,2.78
1788033815.1,mlx4,42074,15.593,9.82,54.2,2.78
1788033815.51,mlx4,42074,15.593,9.88,54.0,2.78
1788033815.93,mlx4,42074,15.593,9.89,54.0,2.78
1788033816.34,mlx4,42074,15.593,9.99,53.93,2.78
1788033816.75,mlx4,42074,15.593,10.13,53.85,2.78
1788033817.16,mlx4,42074,15.593,10.21,53.82,2.78
1788033817.57,mlx4,42074,15.593,9.99,53.95,2.78
1788033817.98,mlx4,42074,15.593,10.06,53.97,2.78
1788033818.4,mlx4,42074,15.593,10.02,53.99,2.78
1788033818.81,mlx4,42074,15.593,9.96,54.03,2.78
1788033819.22,mlx4,42074,15.593,10.0,54.06,2.78
1788033819.63,mlx4,42074,15.593,10.01,54.02,2.78
1788033820.04,mlx4,42074,15.593,9.83,54.14,2.78
1788033820.46,mlx4,42074,15.593,9.64,54.28,2.78
1788033820.87,mlx4,42074,15.593,9.25,54.48,2.78
1788033821.28,mlx4,42074,15.593,9.26,54.46,2.78
1788033821.69,mlx4,42074,15.593,9.22,54.51,2.78
1788033822.1,mlx4,42074,15.593,9.1,54.6,2.78
1788033822.51,mlx4,42074,15.593,10.04,54.01,2.78
1788033822.92,mlx4,42074,15.593,10.03,54.01,2.78
1788033823.33,mlx4,42074,15.593,10.01,54.02,2.78
1788033823.74,mlx4,42074,15.593,10.25,53.73,2.78
1788033824.16,mlx4,42074,15.593,10.27,53.83,2.78
1788033824.56,mlx4,42074,15.593,10.0,54.0,2.78
1788033824.98,mlx4,42074,15.593,9.76,54.31,2.78
1788033825.39,mlx4,42074,15.593,9.86,54.24,2.78
1788033825.8,mlx4,42074,15.593,9.79,54.32,2.78
1788033826.21,mlx4,42074,15.593,9.95,54.09,2.78
1788033826.62,mlx4,42074,15.593,9.77,54.07,2.78
1788033827.04,mlx4,42074,15.593,9.63,54.16,2.78
1788033827.45,mlx4,42074,15.593,9.16,54.5,2.78
1788033827.86,mlx4,42074,15.593,9.41,54.38,2.78
1788033828.27,mlx4,42074,15.593,9.07,54.71,2.78
1788033828.68,mlx4,42074,15.593,8.94,54.74,2.78
1788033829.1,mlx4,42074,15.593,8.87,54.76,2.78
1788033829.51,mlx4,42074,15.593,8.72,54.85,2.78
1788033829.92,mlx4,42074,15.593,8.31,55.12,2.78
1788033830.33,mlx4,42074,15.593,9.92,54.06,2.78
1788033830.74,mlx4,42074,15.593,10.04,53.99,2.78
1788033831.16,mlx4,42074,15.593,10.07,54.05,2.78
1788033831.57,mlx4,42074,15.593,9.87,54.19,2.78
1788033831.98,mlx4,42074,15.593,9.82,54.23,2.78
1788033832.39,mlx4,42074,15.593,9.68,54.41,2.78
1788033832.8,mlx4,42074,15.593,9.6,54.45,2.78
1788033833.21,mlx4,42074,15.593,9.37,54.63,2.78
1788033833.62,mlx4,42074,15.593,9.71,54.27,2.78
1788033834.04,mlx4,42074,15.593,9.59,54.31,2.78
1788033834.45,mlx4,42074,15.593,9.46,54.45,2.78
1788033834.86,mlx4,42074,15.593,9.26,54.62,2.78
1788033835.27,mlx4,42074,15.593,8.82,54.95,2.78
1788033835.68,mlx4,42074,15.593,8.86,54.8,2.78
1788033836.1,mlx4,42074,15.593,8.72,54.93,2.78
1788033836.51,mlx4,42074,15.593,8.65,54.91,2.78
1788033836.92,mlx4,42074,15.593,8.49,55.02,2.78
1788033837.33,mlx4,42074,15.593,8.23,55.33,2.78
1788033837.75,mlx4,42074,15.593,7.81,55.59,2.78
1788033838.16,mlx4,42074,15.593,9.61,54.33,2.78
1788033838.57,mlx4,42074,15.593,9.82,54.12,2.78
1788033838.98,mlx4,42074,15.593,10.03,53.88,2.78
1788033839.39,mlx4,42074,15.593,10.06,53.82,2.78
1788033839.8,mlx4,42074,15.593,10.22,53.72,2.78
1788033840.21,mlx4,42074,15.593,10.07,53.9,2.78
1788033840.62,mlx4,42074,15.593,10.09,53.95,2.78
1788033841.03,mlx4,42074,15.593,9.94,54.09,2.78
1788033841.44,mlx4,42074,15.593,9.4,54.46,2.78
1788033841.85,mlx4,42074,15.593,9.59,54.29,2.77
1788033842.26,mlx4,42074,15.593,9.57,54.28,2.77
1788033842.68,mlx4,42074,15.593,9.48,54.35,2.77
1788033843.09,mlx4,42074,15.593,9.31,54.48,2.77
1788033843.5,mlx4,42074,15.593,9.08,54.38,2.77
1788033843.92,mlx4,42074,15.593,8.62,54.84,2.77
1788033844.33,mlx4,42074,15.593,8.94,54.68,2.77
1788033844.74,mlx4,42074,15.593,8.75,54.75,2.77
1788033845.15,mlx4,42074,15.593,8.65,54.84,2.77
1788033845.57,mlx4,42074,15.593,9.19,54.49,2.77
1788033845.98,mlx4,42074,15.593,10.21,53.8,2.77
1788033846.39,mlx4,42074,15.593,10.22,53.83,2.77
1788033846.8,mlx4,42074,15.593,10.23,53.79,2.77
1788033847.21,mlx4,42074,15.593,10.33,53.73,2.77
1788033847.62,mlx4,42074,15.593,10.06,53.89,2.77
1788033848.03,mlx4,42074,15.593,10.27,53.81,2.77
1788033848.44,mlx4,42074,15.593,10.26,53.81,2.77
1788033848.85,mlx4,42074,15.593,10.08,53.93,2.77
1788033849.26,mlx4,42074,15.593,9.88,54.1,2.77
1788033849.67,mlx4,42074,15.593,9.32,54.43,2.77
1788033850.08,mlx4,42074,15.593,9.53,54.29,2.77
1788033850.49,mlx4,42074,15.593,9.42,54.38,2.77
1788033850.9,mlx4,42074,15.593,9.3,54.47,2.77
1788033851.31,mlx4,42074,15.593,9.1,54.64,2.77
1788033851.72,mlx4,42074,15.593,8.65,54.91,2.77
1788033852.14,mlx4,42074,15.593,8.74,54.84,2.77
1788033852.55,mlx4,42074,15.593,8.68,54.91,2.77
1788033852.96,mlx4,42074,15.593,8.54,55.0,2.77
1788033853.37,mlx4,42074,15.593,10.19,53.91,2.77
1788033853.77,mlx4,42074,15.593,10.43,53.71,2.77
1788033854.18,mlx4,42074,15.593,10.3,53.79,2.77
1788033854.59,mlx4,42074,15.593,10.38,53.74,2.77
1788033855.0,mlx4,42074,15.593,10.47,53.67,2.77
1788033855.42,mlx4,42074,15.593,10.05,54.0,2.77
1788033855.83,mlx4,42074,15.593,10.24,53.83,2.77
1788033856.24,mlx4,42074,15.593,10.07,53.95,2.77
1788033856.65,mlx4,42074,15.593,9.91,54.06,2.77
1788033857.06,mlx4,42074,15.593,9.7,54.2,2.77
1788033857.47,mlx4,42074,15.593,9.12,54.6,2.77
1788033857.88,mlx4,42074,15.593,9.34,54.45,2.77
1788033858.3,mlx4,42074,15.593,9.31,54.51,2.77
1788033858.71,mlx4,42074,15.593,9.12,54.57,2.77
1788033859.12,mlx4,42074,15.593,8.93,54.7,2.77
1788033859.53,mlx4,42074,15.593,8.46,55.06,2.77
1788033859.94,mlx4,42074,15.593,8.57,54.97,2.77
1788033860.35,mlx4,42074,15.593,8.48,55.08,2.77
1788033860.76,mlx4,42074,15.593,8.34,55.14,2.77
1788033861.18,mlx4,42074,15.593,10.31,53.78,2.77
1788033861.59,mlx4,42074,15.593,10.28,53.81,2.77
1788033862.0,mlx4,42074,15.593,10.37,53.74,2.77
1788033862.41,mlx4,42074,15.593,10.47,53.71,2.77
1788033862.82,mlx4,42074,15.593,10.0,53.99,2.77
1788033863.23,mlx4,42074,15.593,10.01,53.99,2.77
1788033863.65,mlx4,42074,15.593,9.83,54.13,2.77
1788033864.06,mlx4,42074,15.593,9.48,54.42,2.77
1788033864.47,mlx4,42074,15.593,9.35,54.43,2.77
1788033864.88,mlx4,42074,15.593,8.76,54.84,2.77
1788033865.29,mlx4,42074,15.593,9.05,54.68,2.77
1788033865.7,mlx4,42074,15.593,8.89,54.75,2.77
1788033866.12,mlx4,42074,15.593,8.79,54.84,2.77
1788033866.53,mlx4,42074,15.593,8.66,54.88,2.77
1788033866.94,mlx4,42074,15.593,8.07,55.29,2.77
1788033867.35,mlx4,42074,15.593,8.4,55.09,2.77
1788033867.76,mlx4,42074,15.593,8.38,55.02,2.77
1788033868.17,mlx4,42074,15.593,8.22,55.15,2.77
1788033868.58,mlx4,42074,15.593,7.99,55.28,2.77
1788033869.0,mlx4,42074,15.593,7.44,55.67,2.77
1788033869.4,mlx4,42074,15.593,10.21,53.87,2.77
1788033869.82,mlx4,42074,15.593,9.99,53.78,2.77
1788033870.23,mlx4,42074,15.593,10.15,53.89,2.77
1788033870.64,mlx4,42074,15.593,10.09,53.88,2.77
1788033871.05,mlx4,42074,15.593,9.99,54.02,2.77
1788033871.46,mlx4,42074,15.593,9.79,54.19,2.77
1788033871.88,mlx4,42074,15.593,9.21,54.48,2.77
1788033872.28,mlx4,42074,15.593,9.52,54.23,2.77
1788033872.7,mlx4,42074,15.593,9.43,54.33,2.77
1788033873.11,mlx4,42074,15.593,9.26,54.46,2.77
1788033873.52,mlx4,42074,15.593,9.06,54.57,2.77
1788033873.93,mlx4,42074,15.593,8.45,54.99,2.77
1788033874.34,mlx4,42074,15.593,8.85,54.78,2.77
1788033874.75,mlx4,42074,15.593,8.68,54.87,2.77
1788033875.16,mlx4,42074,15.593,8.49,55.0,2.77
1788033875.58,mlx4,42074,15.593,8.29,55.14,2.77
1788033875.99,mlx4,42074,15.593,7.68,55.56,2.77
1788033876.4,mlx4,42074,15.593,8.04,55.35,2.77
1788033876.81,mlx4,42074,15.593,7.91,55.4,2.77
1788033877.22,mlx4,42074,15.593,10.28,53.79,2.77
1788033877.63,mlx4,42074,15.593,10.26,53.8,2.77
1788033878.04,mlx4,42074,15.593,10.26,53.81,2.77
1788033878.45,mlx4,42074,15.593,10.08,53.97,2.77
1788033878.86,mlx4,42074,15.593,9.46,54.36,2.77
1788033879.27,mlx4,42074,15.593,9.78,54.09,2.77
1788033879.69,mlx4,42074,15.593,9.69,54.2,2.77
1788033880.1,mlx4,42074,15.593,9.49,54.33,2.77
1788033880.5,mlx4,42074,15.593,9.3,54.5,2.77
1788033880.91,mlx4,42074,15.593,9.14,54.57,2.77
1788033881.32,mlx4,42074,15.593,9.01,54.71,2.77
1788033881.74,mlx4,42074,15.593,8.93,54.73,2.77
1788033882.15,mlx4,42074,15.593,8.73,54.87,2.77
1788033882.56,mlx4,42074,15.593,8.22,55.21,2.77
1788033882.97,mlx4,42074,15.593,8.42,55.08,2.77
1788033883.38,mlx4,42074,15.593,8.27,55.22,2.77
1788033883.79,mlx4,42074,15.593,8.14,55.27,2.77
1788033884.2,mlx4,42074,15.593,7.94,55.4,2.77
1788033884.61,mlx4,42074,15.593,7.33,55.83,2.77
1788033885.02,mlx4,42074,15.593,7.7,55.56,2.77
1788033885.43,mlx4,42074,15.593,10.27,53.85,2.77
1788033885.84,mlx4,42074,15.593,10.14,53.9,2.77
1788033886.25,mlx4,42074,15.593,9.97,53.96,2.77
1788033886.66,mlx4,42074,15.593,9.9,54.03,2.77
1788033887.07,mlx4,42074,15.603,9.4,54.48,2.76
1788033887.48,mlx4,42074,15.603,9.03,54.81,2.76
1788033887.89,mlx4,42074,15.603,8.88,54.86,2.76
1788033888.31,mlx4,42074,15.603,8.87,54.76,2.76
1788033888.72,mlx4,42074,15.603,8.85,54.65,2.76
1788033889.13,mlx4,42074,15.603,8.34,55.07,2.76
1788033889.54,mlx4,42074,15.603,8.63,54.89,2.76
1788033889.95,mlx4,42074,15.603,8.51,54.94,2.76
1788033890.36,mlx4,42074,15.603,8.35,55.12,2.76
1788033890.78,mlx4,42074,15.603,8.16,55.21,2.76
1788033891.19,mlx4,42074,15.603,8.05,55.24,2.76
1788033891.6,mlx4,42074,15.603,8.01,55.27,2.76
1788033892.01,mlx4,42074,15.603,7.86,55.41,2.76
1788033892.42,mlx4,42074,15.603,7.66,55.54,2.76
1788033892.83,mlx4,42074,15.603,7.03,55.98,2.76
1788033893.24,mlx4,42074,15.603,7.44,55.71,2.76
1788033893.65,mlx4,42074,15.602,10.21,53.81,2.76
1788033894.06,mlx4,42074,15.602,10.17,53.81,2.76
1788033894.48,mlx4,42074,15.602,10.0,54.09,2.76
1788033894.89,mlx4,42074,15.602,9.98,54.1,2.76
1788033895.3,mlx4,42074,15.602,10.02,54.12,2.76
1788033895.71,mlx4,42074,15.602,10.03,53.86,2.76
1788033896.12,mlx4,42074,15.602,10.07,54.06,2.76
1788033896.53,mlx4,42074,15.602,10.03,54.08,2.76
1788033896.94,mlx4,42074,15.602,10.07,54.05,2.76
1788033897.35,mlx4,42074,15.602,10.07,53.84,2.76
1788033897.76,mlx4,42074,15.602,13.23,51.59,2.76
1788033898.18,mlx4,42074,15.602,14.46,50.86,2.76
1788033898.59,mlx4,42074,15.602,14.53,50.83,2.76
1788033899.0,mlx4,42074,15.602,14.48,50.87,2.76
1788033899.41,mlx4,42074,15.602,14.44,50.88,2.76
1788033899.82,mlx4,42074,15.602,14.4,50.92,2.76
1788033900.23,mlx4,42074,15.602,14.31,51.09,2.76
1788033900.64,mlx4,42074,15.602,14.24,51.12,2.76
1788033901.06,mlx4,42074,15.602,14.24,51.14,2.76
1788033901.47,mlx4,42074,15.602,14.18,51.17,2.76
1788033901.88,mlx4,42074,15.602,14.03,51.37,2.76
1788033902.28,mlx4,42074,15.602,14.2,51.26,2.76
1788033902.69,mlx4,42074,15.602,14.12,51.24,2.76
1788033903.1,mlx4,42074,15.602,14.09,51.26,2.76
1788033903.51,mlx4,42074,15.602,14.02,51.34,2.76
1788033903.92,mlx4,42074,15.602,14.04,51.15,2.76
1788033904.33,mlx4,42074,15.602,13.97,51.35,2.76
1788033904.74,mlx4,42074,15.602,13.91,51.32,2.76
1788033905.16,mlx4,42074,15.602,13.88,51.34,2.76
1788033905.56,mlx4,42074,15.602,13.89,51.22,2.76
1788033905.98,mlx4,42074,15.602,13.87,51.24,2.76
1788033906.39,mlx4,42074,15.602,13.83,51.29,2.76
1788033906.8,mlx4,42074,15.602,14.19,51.06,2.76
1788033907.21,mlx4,42074,15.602,14.11,51.13,2.76
1788033907.62,mlx4,42074,15.602,14.04,51.16,2.76
1788033908.03,mlx4,42074,15.602,13.96,51.23,2.76
1788033908.44,mlx4,42074,15.602,13.91,51.26,2.76
1788033908.85,mlx4,42074,15.602,13.82,51.33,2.76
1788033909.26,mlx4,42074,15.602,13.79,51.36,2.76
1788033909.67,mlx4,42074,15.602,13.51,51.68,2.76
1788033910.08,mlx4,42074,15.602,13.41,51.75,2.76
1788033910.5,mlx4,42074,15.602,13.2,51.97,2.76
1788033910.91,mlx4,42074,15.602,13.11,52.04,2.76
1788033911.32,mlx4,42074,15.602,13.63,51.64,2.76
1788033911.73,mlx4,42074,15.602,13.58,51.51,2.76
1788033912.14,mlx4,42074,15.602,13.71,51.41,2.76
1788033912.55,mlx4,42074,15.602,13.59,51.49,2.76
1788033912.97,mlx4,42074,15.602,13.41,51.67,2.76
1788033913.38,mlx4,42074,15.602,13.32,51.71,2.76
1788033913.79,mlx4,42074,15.602,13.21,51.77,2.76
1788033914.2,mlx4,42074,15.602,13.16,51.81,2.76
1788033914.61,mlx4,42074,15.602,13.03,51.92,2.76
1788033915.02,mlx4,42074,15.602,12.98,51.93,2.76
1788033915.43,mlx4,42074,15.602,12.92,51.97,2.76
1788033915.84,mlx4,42074,15.602,13.73,51.43,2.76
1788033916.25,mlx4,42074,15.602,13.48,51.61,2.76
1788033916.66,mlx4,42074,15.602,13.32,51.71,2.76
1788033917.07,mlx4,42074,15.602,13.25,51.76,2.76
1788033917.48,mlx4,42074,15.602,13.1,51.86,2.76
1788033917.89,mlx4,42074,15.602,13.03,51.91,2.76
1788033918.3,mlx4,42074,15.602,12.96,51.96,2.76
1788033918.71,mlx4,42074,15.602,12.81,52.06,2.76
1788033919.12,mlx4,42074,15.602,12.74,52.11,2.76
1788033919.53,mlx4,42074,15.602,12.3,52.56,2.76
1788033919.94,mlx4,42074,15.602,12.13,52.66,2.75
1788033920.35,mlx4,42074,15.602,11.89,52.9,2.75
1788033920.76,mlx4,42074,15.602,12.8,52.11,2.75
1788033921.18,mlx4,42074,15.602,12.76,52.14,2.75
1788033921.59,mlx4,42074,15.602,12.75,52.0,2.75
1788033922.0,mlx4,42074,15.602,12.6,52.06,2.75
1788033922.41,mlx4,42074,15.602,12.51,52.26,2.75
1788033922.82,mlx4,42074,15.602,12.43,52.32,2.75
1788033923.24,mlx4,42074,15.602,12.29,52.43,2.75
1788033923.64,mlx4,42074,15.602,12.23,52.38,2.75
1788033924.05,mlx4,42074,15.602,12.16,52.36,2.75
1788033924.47,mlx4,42074,15.602,12.07,52.48,2.75
1788033924.88,mlx4,42074,15.602,12.0,52.51,2.75
1788033925.29,mlx4,42074,15.602,12.03,52.57,2.75
1788033925.7,mlx4,42074,15.602,12.83,52.12,2.75
1788033926.11,mlx4,42074,15.602,12.74,52.19,2.75
1788033926.52,mlx4,42074,15.602,12.5,52.32,2.75
1788033926.94,mlx4,42074,15.602,12.44,52.38,2.75
1788033927.35,mlx4,42074,15.602,12.29,52.54,2.75
1788033927.76,mlx4,42074,15.602,12.12,52.64,2.75
1788033928.17,mlx4,42074,15.602,12.03,52.71,2.75
1788033928.58,mlx4,42074,15.602,11.92,52.76,2.75
1788033928.99,mlx4,42074,15.602,11.75,52.89,2.75
1788033929.4,mlx4,42074,15.602,11.59,53.06,2.75
1788033929.81,mlx4,42074,15.602,11.49,53.1,2.75
1788033930.22,mlx4,42074,15.602,11.42,53.1,2.75
1788033930.63,mlx4,42074,15.602,12.56,52.32,2.75
1788033931.04,mlx4,42074,15.602,12.69,52.06,2.75
1788033931.45,mlx4,42074,15.602,12.53,52.12,2.75
1788033931.86,mlx4,42074,15.602,12.48,52.23,2.75
1788033932.27,mlx4,42074,15.602,12.41,52.3,2.75
1788033932.69,mlx4,42074,15.602,12.15,52.45,2.75
1788033933.1,mlx4,42074,15.602,12.08,52.53,2.75
1788033933.51,mlx4,42074,15.602,12.0,52.53,2.75
1788033933.92,mlx4,42074,15.602,11.79,52.65,2.75
1788033934.33,mlx4,42074,15.602,11.72,52.77,2.75
1788033934.74,mlx4,42074,15.602,11.63,52.83,2.75
1788033935.16,mlx4,42074,15.602,13.16,51.79,2.75
1788033935.56,mlx4,42074,15.602,12.82,52.0,2.75
1788033935.98,mlx4,42074,15.602,12.71,52.09,2.75
1788033936.39,mlx4,42074,15.602,12.59,52.21,2.75
1788033936.8,mlx4,42074,15.602,12.36,52.34,2.75
1788033937.21,mlx4,42074,15.602,12.26,52.42,2.75
1788033937.62,mlx4,42074,15.602,12.13,52.5,2.75
1788033938.03,mlx4,42074,15.602,11.89,52.67,2.75
1788033938.44,mlx4,42074,15.602,11.77,52.8,2.75
1788033938.85,mlx4,42074,15.602,11.66,52.81,2.75
1788033939.26,mlx4,42074,15.602,11.54,52.9,2.75
1788033939.67,mlx4,42074,15.602,11.28,53.09,2.75
1788033940.08,mlx4,42074,15.602,11.16,53.18,2.75
1788033940.49,mlx4,42074,15.602,12.69,52.15,2.75
1788033940.9,mlx4,42074,15.602,12.55,52.24,2.75
1788033941.32,mlx4,42074,15.602,12.31,52.43,2.75
1788033941.72,mlx4,42074,15.602,12.17,52.52,2.75
1788033942.14,mlx4,42074,15.602,12.04,52.61,2.75
1788033942.55,mlx4,42074,15.602,11.9,52.71,2.75
1788033942.96,mlx4,42074,15.602,11.63,52.89,2.75
1788033943.36,mlx4,42074,15.602,11.5,53.02,2.75
1788033943.78,mlx4,42074,15.602,11.37,53.08,2.75
1788033944.19,mlx4,42074,15.602,11.1,53.26,2.75
1788033944.6,mlx4,42074,15.602,10.96,53.32,2.75
1788033945.01,mlx4,42074,15.602,10.83,53.42,2.75
1788033945.42,mlx4,42074,15.602,12.49,52.31,2.75
1788033945.83,mlx4,42074,15.602,12.34,52.4,2.75
1788033946.24,mlx4,42074,15.602,12.19,52.5,2.75
1788033946.65,mlx4,42074,15.602,12.04,52.61,2.75
1788033947.06,mlx4,42074,15.602,11.75,52.81,2.75
1788033947.47,mlx4,42074,15.602,11.6,52.95,2.75
1788033947.88,mlx4,42074,15.602,11.45,53.01,2.75
1788033948.29,mlx4,42074,15.602,11.31,53.11,2.75
1788033948.7,mlx4,42074,15.602,11.02,53.31,2.75
1788033949.11,mlx4,42074,15.602,10.87,53.41,2.75
1788033949.52,mlx4,42074,15.602,10.72,53.51,2.75
1788033949.93,mlx4,42074,15.602,10.58,53.61,2.75
1788033950.34,mlx4,42074,15.602,12.67,52.17,2.75
1788033950.75,mlx4,42074,15.602,12.3,52.43,2.75
1788033951.16,mlx4,42074,15.602,11.98,52.65,2.75
1788033951.57,mlx4,42074,15.602,11.82,52.76,2.75
1788033951.98,mlx4,42074,15.602,11.48,53.03,2.75
1788033952.4,mlx4,42074,15.602,11.33,53.17,2.75
1788033952.81,mlx4,42074,15.602,10.78,53.52,2.75
1788033953.22,mlx4,42074,15.602,10.56,53.67,2.75
1788033953.63,mlx4,42074,15.602,10.36,53.8,2.75
1788033954.04,mlx4,42074,15.602,10.23,53.89,2.75
1788033954.45,mlx4,42074,15.602,10.12,53.96,2.75
1788033954.87,mlx4,42074,15.602,9.87,54.07,2.75
1788033955.28,mlx4,42074,15.602,9.92,54.05,2.75
1788033955.69,mlx4,42074,15.602,11.82,52.66,2.75
1788033956.1,mlx4,42074,15.602,11.57,52.89,2.75
1788033956.51,mlx4,42074,15.602,11.38,53.05,2.75
1788033956.93,mlx4,42074,15.602,11.23,53.13,2.75
1788033957.33,mlx4,42074,15.602,11.15,53.17,2.75
1788033957.74,mlx4,42074,15.602,10.77,53.42,2.75
1788033958.15,mlx4,42074,15.602,10.57,53.61,2.75
1788033958.57,mlx4,42074,15.602,10.39,53.72,2.75
1788033958.98,mlx4,42074,15.602,10.22,53.83,2.75
1788033959.39,mlx4,42074,15.602,10.06,53.99,2.75
1788033959.8,mlx4,42074,15.602,10.03,53.95,2.75
1788033960.21,mlx4,42074,15.602,9.88,54.14,2.75
1788033960.62,mlx4,42074,15.602,9.82,54.24,2.75
1788033961.04,mlx4,42074,15.602,11.37,53.18,2.75
1788033961.45,mlx4,42074,15.602,11.14,53.38,2.75
1788033961.86,mlx4,42074,15.602,10.97,53.32,2.75
1788033962.27,mlx4,42074,15.602,10.85,53.44,2.75
1788033962.68,mlx4,42074,15.602,10.49,53.73,2.75
1788033963.09,mlx4,42074,15.602,10.13,53.98,2.75
1788033963.5,mlx4,42074,15.602,10.03,53.93,2.75
1788033963.91,mlx4,42074,15.602,9.85,54.02,2.75
1788033964.32,mlx4,42074,15.602,9.77,54.09,2.75
1788033964.73,mlx4,42074,15.602,9.84,54.07,2.75
1788033965.15,mlx4,42074,15.602,9.86,54.07,2.75
1788033965.56,mlx4,42074,15.602,9.86,54.11,2.75
1788033965.97,mlx4,42074,15.602,9.86,54.08,2.75
1788033966.38,mlx4,42074,15.602,11.33,53.11,2.75
1788033966.79,mlx4,42074,15.602,11.0,53.29,2.75
1788033967.2,mlx4,42074,15.602,10.84,53.43,2.75
1788033967.61,mlx4,42074,15.602,10.66,53.58,2.75
1788033968.03,mlx4,42074,15.602,10.47,53.71,2.75
1788033968.44,mlx4,42074,15.602,10.28,53.81,2.75
1788033968.85,mlx4,42074,15.602,9.99,53.97,2.75
1788033969.26,mlx4,42074,15.602,9.95,54.0,2.75
1788033969.68,mlx4,42074,15.602,9.94,53.98,2.75
1788033970.09,mlx4,42074,15.602,9.95,53.99,2.75
1788033970.5,mlx4,42074,15.602,9.98,54.02,2.75
1788033970.91,mlx4,42074,15.602,9.98,53.99,2.75
1788033971.32,mlx4,42074,15.602,9.79,54.3,2.75
1788033971.74,mlx4,42074,15.602,11.48,53.12,2.75
1788033972.15,mlx4,42074,15.602,10.81,53.45,2.75
1788033972.56,mlx4,42074,15.602,10.62,53.61,2.75
1788033972.97,mlx4,42074,15.602,10.56,53.57,2.75
1788033973.38,mlx4,42074,15.602,10.27,53.79,2.75
1788033973.79,mlx4,42074,15.602,9.94,54.0,2.75
1788033974.2,mlx4,42074,15.602,9.95,54.02,2.75
1788033974.61,mlx4,42074,15.602,9.92,54.03,2.75
1788033975.02,mlx4,42074,15.602,9.9,54.04,2.75
1788033975.43,mlx4,42074,15.602,9.89,54.1,2.75
1788033975.84,mlx4,42074,15.602,9.93,54.04,2.75
1788033976.25,mlx4,42074,15.602,10.05,54.0,2.75
1788033976.66,mlx4,42074,15.602,9.66,54.27,2.75
1788033977.07,mlx4,42074,15.602,9.68,54.27,2.75
1788033977.48,mlx4,42074,15.602,10.81,53.55,2.75
1788033977.9,mlx4,42074,15.602,10.42,53.6,2.75
1788033978.31,mlx4,42074,15.602,10.28,53.75,2.75
1788033978.72,mlx4,42074,15.602,10.08,53.9,2.75
1788033979.13,mlx4,42074,15.602,9.87,54.05,2.75
1788033979.54,mlx4,42074,15.602,9.74,54.27,2.75
1788033979.95,mlx4,42074,15.602,9.75,54.24,2.74
1788033980.36,mlx4,42074,15.602,9.71,54.27,2.74
1788033980.77,mlx4,42074,15.602,9.72,54.25,2.74
1788033981.18,mlx4,42074,15.602,9.86,54.13,2.74
1788033981.6,mlx4,42074,15.602,9.92,54.07,2.74
1788033982.0,mlx4,42074,15.602,9.89,54.06,2.74
1788033982.42,mlx4,42074,15.602,9.81,54.23,2.74
1788033982.83,mlx4,42074,15.602,9.81,54.18,2.74
1788033983.24,mlx4,42074,15.602,10.49,53.79,2.74
1788033983.65,mlx4,42074,15.602,10.19,53.98,2.74
1788033984.06,mlx4,42074,15.602,9.99,54.12,2.74
1788033984.48,mlx4,42074,15.602,9.7,54.4,2.74
1788033984.89,mlx4,42074,15.602,9.59,54.44,2.74
1788033985.3,mlx4,42074,15.602,9.59,54.44,2.74
1788033985.71,mlx4,42074,15.602,9.61,54.43,2.74
1788033986.12,mlx4,42074,15.602,9.62,54.42,2.74
1788033986.54,mlx4,42074,15.602,9.64,54.3,2.74
1788033986.95,mlx4,42074,15.602,9.71,54.27,2.74
1788033987.36,mlx4,42074,15.602,9.73,54.25,2.74
1788033987.77,mlx4,42074,15.602,9.74,54.12,2.74
1788033988.18,mlx4,42074,15.602,9.74,54.3,2.74
1788033988.6,mlx4,42074,15.602,9.59,54.4,2.74
1788033989.01,mlx4,42074,15.602,10.36,53.78,2.74
1788033989.42,mlx4,42074,15.602,9.97,54.0,2.74
1788033989.83,mlx4,42074,15.602,9.99,53.88,2.74
1788033990.24,mlx4,42074,15.602,10.0,53.84,2.74
1788033990.65,mlx4,42074,15.602,9.97,53.96,2.74
1788033991.06,mlx4,42074,15.602,10.01,53.88,2.74
1788033991.48,mlx4,42074,15.602,10.01,53.88,2.74
1788033991.89,mlx4,42074,15.602,10.02,53.79,2.74
1788033992.3,mlx4,42074,15.602,10.12,53.76,2.74
1788033992.71,mlx4,42074,15.602,10.06,53.81,2.74
1788033993.12,mlx4,42074,15.602,10.22,53.79,2.74
1788033993.53,mlx4,42074,15.602,10.22,53.76,2.74
1788033993.94,mlx4,42074,15.602,10.21,53.78,2.74
1788033994.35,mlx4,42074,15.602,10.26,53.76,2.74
1788033994.76,mlx4,42074,15.602,10.33,53.88,2.74
1788033995.17,mlx4,42074,15.602,9.94,54.15,2.74
1788033995.58,mlx4,42074,15.602,9.79,54.28,2.74
1788033995.99,mlx4,42074,15.602,9.76,54.12,2.74
1788033996.4,mlx4,42074,15.602,9.82,54.16,2.74
1788033996.81,mlx4,42074,15.602,9.87,54.1,2.74
1788033997.22,mlx4,42074,15.602,10.05,53.88,2.74
1788033997.64,mlx4,42074,15.602,10.08,53.88,2.74
1788033998.04,mlx4,42074,15.602,10.15,53.82,2.74
1788033998.46,mlx4,42074,15.602,10.13,53.8,2.74
1788033998.87,mlx4,42074,15.602,10.14,53.81,2.74
1788033999.28,mlx4,42074,15.602,9.98,54.07,2.74
1788033999.69,mlx4,42074,15.602,9.9,54.1,2.74
1788034000.1,mlx4,42074,15.602,9.83,54.16,2.74
1788034000.52,mlx4,42074,15.602,10.66,53.5,2.74
1788034000.93,mlx4,42074,15.602,9.94,53.98,2.74
1788034001.34,mlx4,42074,15.602,9.72,54.23,2.73
1788034001.75,mlx4,42074,15.602,9.68,54.31,2.73
1788034002.16,mlx4,42074,15.602,9.65,54.33,2.73
1788034002.58,mlx4,42074,15.602,9.58,54.29,2.73
1788034002.99,mlx4,42074,15.602,9.66,54.17,2.73
1788034003.4,mlx4,42074,15.602,9.65,54.23,2.73
1788034003.81,mlx4,42074,15.602,9.69,54.16,2.73
1788034004.23,mlx4,42074,15.602,9.79,54.12,2.73
1788034004.64,mlx4,42074,15.602,9.64,54.26,2.73
1788034005.05,mlx4,42074,15.602,9.64,54.26,2.73
1788034005.46,mlx4,42074,15.602,9.73,54.08,2.73
1788034005.87,mlx4,42074,15.602,9.66,54.18,2.73
1788034006.29,mlx4,42074,15.602,9.78,54.12,2.73
1788034006.7,mlx4,42074,15.602,9.82,54.1,2.73
1788034007.11,mlx4,42074,15.602,9.76,54.13,2.73
1788034007.52,mlx4,42074,15.602,9.72,54.17,2.73
1788034007.93,mlx4,42074,15.602,9.66,54.23,2.73
1788034008.34,mlx4,42074,15.602,9.63,54.31,2.73
1788034008.75,mlx4,42074,15.602,9.57,54.32,2.73
1788034009.16,mlx4,42074,15.602,9.63,54.22,2.73
1788034009.58,mlx4,42074,15.602,9.91,53.84,2.73
1788034009.99,mlx4,42074,15.602,10.0,53.79,2.73
1788034010.4,mlx4,42074,15.602,10.0,53.68,2.73
1788034010.81,mlx4,42074,15.602,10.12,53.63,2.73
1788034011.22,mlx4,42074,15.602,10.06,53.72,2.73
1788034011.63,mlx4,42074,15.602,9.79,54.13,2.73
1788034012.04,mlx4,42074,15.602,9.73,54.16,2.73
1788034012.45,mlx4,42074,15.602,9.82,54.15,2.73
1788034012.86,mlx4,42074,15.602,9.78,54.14,2.73
1788034013.28,mlx4,42074,15.602,9.75,54.17,2.73
1788034013.68,mlx4,42074,15.602,9.77,54.14,2.73
1788034014.09,mlx4,42074,15.602,9.79,54.12,2.73
1788034014.5,mlx4,42074,15.602,9.81,54.1,2.73
1788034014.92,mlx4,42074,15.602,9.83,54.09,2.73
1788034015.32,mlx4,42074,15.602,10.02,53.8,2.73
1788034015.74,mlx4,42074,15.602,9.67,54.21,2.73
1788034016.15,mlx4,42074,15.602,9.76,54.15,2.73
1788034016.56,mlx4,42074,15.602,9.75,54.12,2.73
1788034016.98,mlx4,42074,15.602,9.56,54.51,2.72
1788034017.39,mlx4,42074,15.602,9.69,54.42,2.72
1788034017.8,mlx4,42074,15.602,9.57,54.43,2.72
1788034018.21,mlx4,42074,15.602,9.26,54.62,2.7
1788034018.62,mlx4,42074,15.602,9.25,54.65,2.7
1788034019.03,mlx4,42074,15.602,9.18,54.61,2.7
1788034019.44,mlx4,42074,15.602,9.25,54.6,2.7
1788034019.85,mlx4,42074,15.602,9.06,54.6,2.7
1788034020.26,mlx4,42074,15.602,9.18,54.54,2.7
1788034020.68,mlx4,42074,15.602,9.11,54.62,2.7
1788034021.09,mlx4,42074,15.602,8.71,54.91,2.7
1788034021.5,mlx4,42074,15.602,8.57,55.01,2.7
1788034021.91,mlx4,42074,15.602,8.79,54.79,2.7
1788034022.32,mlx4,42074,15.602,8.9,54.56,2.7
1788034022.73,mlx4,42074,15.602,8.93,54.57,2.7
1788034023.14,mlx4,42074,15.602,9.11,54.38,2.7
1788034023.55,mlx4,42074,15.602,9.07,54.47,2.69
1788034023.96,mlx4,42074,15.602,9.12,54.51,2.69
1788034024.37,mlx4,42074,15.602,9.09,54.47,2.68
1788034024.79,mlx4,42074,15.602,9.18,54.36,2.68
1788034025.2,mlx4,42074,15.602,9.35,54.21,2.68
1788034025.61,mlx4,42074,15.602,9.13,54.52,2.68
1788034026.02,mlx4,42074,15.602,9.13,54.52,2.68
1788034026.43,mlx4,42074,15.602,9.11,54.53,2.68
1788034026.85,mlx4,42074,15.602,9.35,54.23,2.68
1788034027.26,mlx4,42074,15.602,9.34,54.31,2.68
1788034027.67,mlx4,42074,15.602,9.37,54.26,2.68
1788034028.09,mlx4,42074,15.602,9.26,54.42,2.67
1788034028.5,mlx4,42074,15.602,8.91,54.67,2.65
1788034028.91,mlx4,42074,15.602,8.88,54.63,2.65
1788034029.32,mlx4,42074,15.602,8.99,54.57,2.65
1788034029.73,mlx4,42074,15.602,8.93,54.58,2.65
1788034030.14,mlx4,42074,15.602,8.27,54.73,2.64
1788034030.56,mlx4,42074,15.602,8.14,54.79,2.63
1788034030.98,mlx4,42074,15.602,7.79,55.01,2.61
1788034031.39,mlx4,42074,15.602,7.22,55.22,2.6
1788034031.81,mlx4,42074,15.599,7.22,55.26,2.58
1788034032.23,mlx4,42074,15.573,7.41,55.01,2.67
1788034032.67,mlx4,42074,15.573,7.14,55.24,2.66
1788034033.08,mlx4,42074,15.573,7.37,55.05,2.66
1788034033.49,mlx4,42074,15.573,7.53,54.95,2.65
1788034033.91,mlx4,42074,15.573,7.65,54.75,2.65
1788034034.32,mlx4,42074,15.573,7.96,54.5,2.65
1788034034.73,mlx4,42074,15.573,8.11,54.23,2.65
1788034035.14,mlx4,42074,15.573,8.19,54.18,2.65
1788034035.55,mlx4,42074,15.573,8.23,54.16,2.65
1788034035.96,mlx4,42074,15.573,8.22,54.14,2.65
1788034036.37,mlx4,42074,15.573,8.54,54.06,2.65
1788034036.78,mlx4,42074,15.573,8.52,54.04,2.65
1788034037.19,mlx4,42074,15.573,8.21,54.34,2.65
1788034037.6,mlx4,42074,15.573,8.08,54.45,2.65
1788034038.01,mlx4,42074,15.573,7.73,54.69,2.65
1788034038.43,mlx4,42074,15.573,7.64,54.78,2.65
1788034038.84,mlx4,42074,15.573,7.51,54.87,2.65
1788034039.25,mlx4,42074,15.573,7.69,54.79,2.65
1788034039.67,mlx4,42074,15.573,7.5,54.79,2.64
1788034040.08,mlx4,42074,15.573,7.87,54.55,2.64
1788034040.49,mlx4,42074,15.573,7.88,54.61,2.64
1788034040.9,mlx4,42074,15.573,7.83,54.77,2.64
1788034041.31,mlx4,42074,15.573,7.8,54.82,2.64
1788034041.72,mlx4,42074,15.573,7.82,54.84,2.64
1788034042.14,mlx4,42074,15.573,8.05,54.5,2.64
1788034042.55,mlx4,42074,15.573,7.66,54.83,2.61
1788034042.96,mlx4,42074,15.573,7.7,54.76,2.6
1788034043.37,mlx4,42074,15.573,7.85,54.68,2.6
1788034043.79,mlx4,42074,15.573,7.4,54.99,2.6
1788034044.21,mlx4,42074,15.573,7.73,54.71,2.6
1788034044.61,mlx4,42074,15.573,7.67,54.76,2.6
1788034045.03,mlx4,42074,15.573,7.7,54.65,2.6
1788034045.44,mlx4,42074,15.573,7.24,55.2,2.61
1788034045.85,mlx4,42074,15.573,7.38,55.17,2.61
1788034046.26,mlx4,42074,15.573,7.11,55.43,2.63
1788034046.68,mlx4,42074,15.57,7.07,55.31,2.7
1788034047.09,mlx4,42074,15.57,7.94,54.75,2.71
1788034047.5,mlx4,42074,15.57,8.15,54.63,2.71
1788034047.91,mlx4,42074,15.57,8.34,54.37,2.71
1788034048.33,mlx4,42074,15.57,7.86,54.79,2.71
1788034048.74,mlx4,42074,15.57,8.08,54.58,2.71
1788034049.15,mlx4,42074,15.57,8.09,54.6,2.71
1788034049.56,mlx4,42074,15.57,7.84,54.93,2.7
1788034049.97,mlx4,42074,15.57,7.71,55.01,2.7
1788034050.39,mlx4,42074,15.57,7.67,55.04,2.7
1788034050.8,mlx4,42074,15.57,7.77,54.9,2.7
1788034051.21,mlx4,42074,15.57,7.87,54.75,2.7
1788034051.62,mlx4,42074,15.57,7.88,54.8,2.7
1788034052.03,mlx4,42074,15.57,8.01,54.65,2.7
1788034052.45,mlx4,42074,15.57,8.03,54.68,2.7
1788034052.86,mlx4,42074,15.57,7.56,55.13,2.7
1788034053.27,mlx4,42074,15.57,7.26,55.36,2.7
1788034053.68,mlx4,42074,15.57,7.51,54.97,2.7
1788034054.09,mlx4,42074,15.57,8.0,54.84,2.7
1788034054.5,mlx4,42074,15.57,8.1,54.58,2.7
1788034054.91,mlx4,42074,15.57,8.11,54.54,2.7
1788034055.33,mlx4,42074,15.57,8.41,54.27,2.7
1788034055.74,mlx4,42074,15.57,8.36,54.27,2.7
1788034056.15,mlx4,42074,15.57,8.38,54.2,2.7
1788034056.56,mlx4,42074,15.57,8.27,54.45,2.69
1788034056.97,mlx4,42074,15.57,8.22,54.54,2.69
1788034057.39,mlx4,42074,15.57,8.31,54.51,2.69
1788034057.8,mlx4,42074,15.57,8.22,54.49,2.69
1788034058.21,mlx4,42074,15.57,7.9,54.83,2.69
1788034058.62,mlx4,42074,15.57,7.74,55.01,2.69
1788034059.04,mlx4,42074,15.57,7.46,55.13,2.69
1788034059.45,mlx4,42074,15.57,7.67,54.95,2.69
1788034059.86,mlx4,42074,15.57,7.95,55.03,2.68
1788034060.27,mlx4,42074,15.57,7.57,55.28,2.68
1788034060.69,mlx4,42074,15.57,7.62,55.23,2.68
1788034061.1,mlx4,42074,15.57,8.26,54.63,2.68
1788034061.51,mlx4,42074,15.57,8.41,54.58,2.68
1788034061.92,mlx4,42074,15.57,8.25,54.71,2.68
1788034062.33,mlx4,42074,15.57,8.22,54.74,2.68
1788034062.74,mlx4,42074,15.57,8.34,54.76,2.68
1788034063.15,mlx4,42074,15.57,8.35,54.76,2.67
1788034063.56,mlx4,42074,15.57,8.53,54.65,2.67
1788034063.97,mlx4,42074,15.57,8.52,54.61,2.67
1788034064.38,mlx4,42074,15.57,8.4,54.69,2.67
1788034064.79,mlx4,42074,15.57,8.75,54.14,2.67
1788034065.2,mlx4,42074,15.57,8.65,54.68,2.67
1788034065.61,mlx4,42074,15.57,8.65,54.67,2.67
1788034066.02,mlx4,42074,15.57,8.59,54.39,2.67
1788034066.43,mlx4,42074,15.57,8.38,54.56,2.67
1788034066.84,mlx4,42074,15.57,8.29,54.61,2.67
1788034067.25,mlx4,42074,15.57,8.21,54.56,2.67
1788034067.66,mlx4,42074,15.57,8.04,54.83,2.67
1788034068.08,mlx4,42074,15.57,8.85,54.24,2.66
1788034068.48,mlx4,42074,15.57,8.63,54.6,2.66
1788034068.9,mlx4,42074,15.57,8.67,54.56,2.66
1788034069.31,mlx4,42074,15.57,8.62,54.58,2.66
1788034069.72,mlx4,42074,15.57,8.74,54.49,2.66
1788034070.13,mlx4,42074,15.57,8.75,54.5,2.66
1788034070.54,mlx4,42074,15.57,8.76,54.4,2.66
1788034070.95,mlx4,42074,15.57,8.71,54.43,2.66
1788034071.36,mlx4,42074,15.57,8.72,54.42,2.66
1788034071.77,mlx4,42074,15.57,8.66,54.55,2.66
1788034072.18,mlx4,42074,15.57,8.7,54.54,2.66
1788034072.6,mlx4,42074,15.57,8.44,54.76,2.66
1788034073.01,mlx4,42074,15.57,8.35,54.76,2.66
1788034073.42,mlx4,42074,15.57,8.17,54.89,2.66
1788034073.83,mlx4,42074,15.57,8.15,54.9,2.66
1788034074.24,mlx4,42074,15.57,8.03,54.98,2.66
1788034074.65,mlx4,42074,15.57,7.86,54.84,2.66
1788034075.06,mlx4,42074,15.57,8.53,54.27,2.66
1788034075.47,mlx4,42074,15.57,8.98,54.16,2.66
1788034075.88,mlx4,42074,15.57,8.95,54.18,2.66
1788034076.29,mlx4,42074,15.57,9.02,54.15,2.66
1788034076.7,mlx4,42074,15.57,9.02,54.11,2.66
1788034077.12,mlx4,42074,15.57,9.03,54.11,2.66
1788034077.52,mlx4,42074,15.57,9.0,54.1,2.66
1788034077.94,mlx4,42074,15.57,9.15,54.0,2.66
1788034078.34,mlx4,42074,15.57,9.02,54.1,2.66
1788034078.76,mlx4,42074,15.57,8.51,54.64,2.66
1788034079.17,mlx4,42074,15.57,8.52,54.63,2.66
1788034079.58,mlx4,42074,15.57,8.39,54.74,2.66
1788034079.99,mlx4,42074,15.57,8.2,54.83,2.66
1788034080.4,mlx4,42074,15.57,8.01,55.02,2.66
1788034080.82,mlx4,42074,15.57,7.95,55.1,2.66
1788034081.22,mlx4,42074,15.57,7.75,55.19,2.65
1788034081.64,mlx4,42074,15.57,7.56,55.29,2.65
1788034082.05,mlx4,42074,15.57,7.16,55.56,2.65
1788034082.46,mlx4,42074,15.57,8.66,54.53,2.65
1788034082.87,mlx4,42074,15.57,8.78,54.45,2.65
1788034083.28,mlx4,42074,15.57,8.79,54.45,2.65
1788034083.69,mlx4,42074,15.57,8.85,54.39,2.65
1788034084.1,mlx4,42074,15.57,8.82,54.4,2.65
1788034084.51,mlx4,42074,15.57,8.98,54.33,2.65
1788034084.93,mlx4,42074,15.57,8.96,54.04,2.65
1788034085.34,mlx4,42074,15.57,8.98,54.09,2.65
1788034085.75,mlx4,42074,15.57,8.9,54.15,2.65
1788034086.16,mlx4,42074,15.57,8.79,54.24,2.65
1788034086.57,mlx4,42074,15.57,8.6,54.38,2.65
1788034086.98,mlx4,42074,15.57,8.41,54.51,2.65
1788034087.39,mlx4,42074,15.57,8.24,54.64,2.65
1788034087.8,mlx4,42074,15.57,7.7,55.0,2.65
1788034088.21,mlx4,42074,15.57,7.65,55.08,2.63
1788034088.62,mlx4,42074,15.57,7.66,55.22,2.63
1788034089.03,mlx4,42074,15.57,7.28,55.54,2.63
1788034089.44,mlx4,42074,15.57,8.79,54.5,2.63
1788034089.85,mlx4,42074,15.57,8.79,54.47,2.63
1788034090.26,mlx4,42074,15.57,8.81,54.46,2.63
1788034090.68,mlx4,42074,15.57,8.69,54.53,2.63
1788034091.09,mlx4,42074,15.57,8.7,54.53,2.63
1788034091.5,mlx4,42074,15.57,8.94,54.4,2.63
1788034091.91,mlx4,42074,15.57,8.96,54.34,2.63
1788034092.32,mlx4,42074,15.57,8.78,54.48,2.63
1788034092.73,mlx4,42074,15.57,8.33,54.78,2.63
1788034093.14,mlx4,42074,15.57,8.47,54.68,2.63
1788034093.56,mlx4,42074,15.57,8.35,54.81,2.63
1788034093.97,mlx4,42074,15.57,8.29,54.81,2.63
1788034094.38,mlx4,42074,15.57,8.1,54.95,2.63
1788034094.79,mlx4,42074,15.57,7.92,55.04,2.63
1788034095.2,mlx4,42074,15.57,7.93,54.88,2.61
1788034095.62,mlx4,42074,15.57,7.77,55.05,2.61
1788034096.02,mlx4,42074,15.57,7.43,55.32,2.61
1788034096.44,mlx4,42074,15.57,7.17,55.52,2.61
1788034096.85,mlx4,42074,15.57,8.94,54.44,2.61
1788034097.26,mlx4,42074,15.57,8.93,54.5,2.61
1788034097.67,mlx4,42074,15.57,8.95,54.44,2.61
1788034098.08,mlx4,42074,15.57,8.94,54.46,2.61
1788034098.49,mlx4,42074,15.57,8.96,54.33,2.61
1788034098.91,mlx4,42074,15.57,8.65,54.76,2.61
1788034099.32,mlx4,42074,15.57,8.61,54.72,2.61
1788034099.73,mlx4,42074,15.57,8.47,54.89,2.61
1788034100.14,mlx4,42074,15.57,8.15,55.08,2.61
1788034100.55,mlx4,42074,15.57,7.84,55.3,2.61
1788034100.96,mlx4,42074,15.57,8.05,55.11,2.61
1788034101.37,mlx4,42074,15.57,7.87,55.26,2.61
1788034101.78,mlx4,42074,15.57,7.7,55.42,2.61
1788034102.19,mlx4,42074,15.57,7.51,55.55,2.61
1788034102.61,mlx4,42074,15.57,7.01,55.83,2.61
1788034103.02,mlx4,42074,15.57,7.22,55.68,2.61
1788034103.43,mlx4,42074,15.57,6.98,55.91,2.61
1788034103.85,mlx4,42074,15.57,6.84,56.22,2.6
1788034104.27,mlx4,42074,15.57,9.21,54.47,2.61
1788034104.68,mlx4,42074,15.57,9.37,54.33,2.61
1788034105.09,mlx4,42074,15.57,9.02,54.49,2.6
1788034105.5,mlx4,42074,15.57,9.57,54.14,2.6
1788034105.91,mlx4,42074,15.57,9.61,54.11,2.6
1788034106.32,mlx4,42074,15.57,9.18,54.26,2.6
1788034106.73,mlx4,42074,15.57,9.43,53.99,2.6
1788034107.14,mlx4,42074,15.57,9.23,53.97,2.6
1788034107.55,mlx4,42074,15.57,9.2,54.14,2.6
1788034107.96,mlx4,42074,15.57,9.02,54.23,2.6
1788034108.38,mlx4,42074,15.57,8.85,54.37,2.6
1788034108.79,mlx4,42074,15.57,8.04,55.4,2.59
1788034109.2,mlx4,42074,15.57,7.59,55.68,2.59
1788034109.62,mlx4,42074,15.57,7.89,55.57,2.59
1788034110.03,mlx4,42074,15.57,7.72,55.46,2.59
1788034110.44,mlx4,42074,15.57,7.62,55.26,2.59
1788034110.85,mlx4,42074,15.57,7.48,55.39,2.59
1788034111.26,mlx4,42074,15.57,7.25,55.55,2.59
1788034111.68,mlx4,42074,15.57,6.8,55.82,2.59
1788034112.09,mlx4,42074,15.57,9.28,54.13,2.59
1788034112.5,mlx4,42074,15.57,9.43,54.03,2.59
1788034112.9,mlx4,42074,15.57,9.47,54.01,2.59
1788034113.32,mlx4,42074,15.57,9.3,54.13,2.59
1788034113.73,mlx4,42074,15.57,8.86,54.46,2.58
1788034114.14,mlx4,42074,15.57,9.22,54.35,2.57
1788034114.55,mlx4,42074,15.57,9.27,54.4,2.55
1788034114.96,mlx4,42074,15.57,9.06,54.54,2.55
1788034115.37,mlx4,42074,15.57,8.98,54.42,2.55
1788034115.79,mlx4,42074,15.57,8.79,54.56,2.55
1788034116.19,mlx4,42074,15.57,8.6,54.69,2.55
1788034116.61,mlx4,42074,15.57,8.42,54.86,2.55
1788034117.01,mlx4,42074,15.57,7.93,55.16,2.55
1788034117.43,mlx4,42074,15.57,8.12,55.04,2.55
1788034117.84,mlx4,42074,15.57,7.99,55.17,2.55
1788034118.25,mlx4,42074,15.57,7.84,55.28,2.55
1788034118.66,mlx4,42074,15.57,7.65,55.4,2.55
1788034119.08,mlx4,42074,15.57,9.64,54.12,2.55
1788034119.49,mlx4,42074,15.57,9.72,54.08,2.55
1788034119.9,mlx4,42074,15.57,9.76,54.09,2.54
1788034120.31,mlx4,42074,15.57,9.66,54.17,2.54
1788034120.72,mlx4,42074,15.57,9.38,54.35,2.54
1788034121.14,mlx4,42074,15.57,9.24,54.45,2.54
1788034121.55,mlx4,42074,15.57,8.84,54.73,2.54
1788034121.96,mlx4,42074,15.57,8.71,54.83,2.46
1788034122.37,mlx4,42074,15.57,8.48,54.97,2.46
1788034122.79,mlx4,42074,15.57,7.94,55.33,2.46
1788034123.2,mlx4,42074,15.57,8.17,55.0,2.46
1788034123.61,mlx4,42074,15.57,8.18,54.94,2.46
1788034124.02,mlx4,42074,15.57,8.37,54.77,2.46
1788034124.43,mlx4,42074,15.57,7.42,55.75,2.44
1788034124.85,mlx4,42074,15.57,6.82,56.15,2.44
1788034125.26,mlx4,42074,15.57,7.11,55.71,2.44
1788034125.68,mlx4,42074,15.57,7.0,55.82,2.44
1788034126.09,mlx4,42074,15.54,7.01,55.85,2.49
1788034126.5,mlx4,42074,15.54,6.9,55.98,2.49
1788034126.91,mlx4,42074,15.486,6.65,56.12,2.53
1788034127.32,mlx4,42074,15.486,9.53,54.19,2.53
1788034127.73,mlx4,42074,15.486,9.34,54.34,2.53
1788034128.14,mlx4,42074,15.486,9.15,54.47,2.52
1788034128.56,mlx4,42074,15.486,11.88,54.31,1.83
1788034128.97,mlx4,42074,15.486,12.16,54.14,1.77
1788034129.38,mlx4,42074,15.486,11.93,54.25,1.77
1788034129.79,mlx4,42074,15.486,11.78,54.34,1.77
1788034130.2,mlx4,42074,15.486,11.58,54.47,1.77
1788034130.61,mlx4,42074,15.486,11.19,54.71,1.77
1788034131.03,mlx4,42074,15.486,11.1,54.74,1.77
1788034131.44,mlx4,42074,15.486,11.14,54.72,1.77
1788034131.85,mlx4,42074,15.486,10.97,54.81,1.77
1788034132.26,mlx4,42074,15.486,10.81,54.96,1.77
1788034132.67,mlx4,42074,15.486,10.61,55.13,1.77
1788034133.08,mlx4,42074,15.486,10.22,55.4,1.77
1788034133.49,mlx4,42074,15.486,9.9,55.62,1.77
1788034133.91,mlx4,42074,15.486,10.11,55.48,1.77
1788034134.32,mlx4,42074,15.486,9.92,55.57,1.77
1788034134.73,mlx4,42074,15.486,12.35,53.93,1.77
1788034135.14,mlx4,42074,15.486,12.45,53.86,1.77
1788034135.55,mlx4,42074,15.486,12.31,53.95,1.77
1788034135.96,mlx4,42074,15.486,12.1,54.1,1.77
1788034136.37,mlx4,42074,15.486,11.98,54.11,1.77
1788034136.79,mlx4,42074,15.486,11.78,54.24,1.77
1788034137.2,mlx4,42074,15.486,11.58,54.38,1.77
1788034137.61,mlx4,42074,15.486,11.06,54.74,1.77
1788034138.02,mlx4,42074,15.486,11.28,54.59,1.77
1788034138.43,mlx4,42074,15.486,11.14,54.68,1.77
1788034138.84,mlx4,42074,15.486,10.93,54.83,1.77
1788034139.25,mlx4,42074,15.486,10.81,54.92,1.77
1788034139.66,mlx4,42074,15.486,10.61,55.05,1.77
1788034140.07,mlx4,42074,15.486,10.42,55.19,1.77
1788034140.48,mlx4,42074,15.486,9.89,55.55,1.77
1788034140.89,mlx4,42074,15.486,10.1,55.4,1.77
1788034141.3,mlx4,42074,15.486,9.97,55.49,1.77
1788034141.71,mlx4,42074,15.486,9.83,55.59,1.77
1788034142.12,mlx4,42074,15.486,12.41,53.82,1.77
1788034142.54,mlx4,42074,15.486,12.3,53.9,1.77
1788034142.95,mlx4,42074,15.486,12.06,54.02,1.77
1788034143.36,mlx4,42074,15.486,11.97,54.08,1.77
1788034143.77,mlx4,42074,15.486,11.78,54.22,1.77
1788034144.18,mlx4,42074,15.486,11.58,54.35,1.77
1788034144.59,mlx4,42074,15.486,11.04,54.72,1.77
1788034145.01,mlx4,42074,15.486,11.27,54.56,1.77
1788034145.42,mlx4,42074,15.486,11.14,54.66,1.77
1788034145.83,mlx4,42074,15.486,10.93,54.8,1.77
1788034146.24,mlx4,42074,15.486,10.8,54.89,1.77
1788034146.65,mlx4,42074,15.486,10.61,55.02,1.77
1788034147.06,mlx4,42074,15.486,10.41,55.16,1.77
1788034147.47,mlx4,42074,15.486,9.87,55.52,1.77
1788034147.88,mlx4,42074,15.486,9.99,55.45,1.77
1788034148.29,mlx4,42074,15.486,9.91,55.5,1.77
1788034148.7,mlx4,42074,15.486,9.83,55.56,1.77
1788034149.11,mlx4,42074,15.486,9.63,55.69,1.77
1788034149.53,mlx4,42074,15.486,9.37,55.87,1.77
1788034149.94,mlx4,42074,15.486,12.11,53.99,1.77
1788034150.35,mlx4,42074,15.486,11.98,54.08,1.77
1788034150.76,mlx4,42074,15.486,11.79,54.22,1.77
1788034151.17,mlx4,42074,15.486,11.35,54.51,1.77
1788034151.58,mlx4,42074,15.486,11.42,54.54,1.77
1788034152.0,mlx4,42074,15.486,11.3,54.57,1.77
1788034152.41,mlx4,42074,15.486,11.14,54.75,1.77
1788034152.82,mlx4,42074,15.486,11.01,54.75,1.77
1788034153.23,mlx4,42074,15.486,10.82,54.89,1.77
1788034153.64,mlx4,42074,15.486,10.63,55.02,1.77
1788034154.05,mlx4,42074,15.486,10.08,55.4,1.77
1788034154.46,mlx4,42074,15.486,10.26,55.27,1.77
1788034154.87,mlx4,42074,15.486,10.21,55.3,1.77
1788034155.28,mlx4,42074,15.486,10.03,55.48,1.77
1788034155.69,mlx4,42074,15.486,9.84,55.6,1.77
1788034156.11,mlx4,42074,15.486,9.64,55.74,1.77
1788034156.52,mlx4,42074,15.486,9.09,56.12,1.77
1788034156.93,mlx4,42074,15.486,9.33,55.91,1.77
1788034157.34,mlx4,42074,15.486,11.99,54.08,1.77
1788034157.74,mlx4,42074,15.486,11.55,54.39,1.77
1788034158.16,mlx4,42074,15.486,11.63,54.32,1.76
1788034158.57,mlx4,42074,15.486,11.53,54.43,1.76
1788034158.98,mlx4,42074,15.486,11.32,54.57,1.76
1788034159.39,mlx4,42074,15.486,11.19,54.62,1.76
1788034159.8,mlx4,42074,15.486,11.0,54.75,1.76
1788034160.21,mlx4,42074,15.486,10.56,55.06,1.76
1788034160.62,mlx4,42074,15.486,10.65,55.03,1.76
1788034161.04,mlx4,42074,15.486,10.55,55.06,1.76
1788034161.45,mlx4,42074,15.486,10.34,55.2,1.76
1788034161.86,mlx4,42074,15.486,10.22,55.29,1.76
1788034162.27,mlx4,42074,15.486,10.02,55.42,1.76
1788034162.68,mlx4,42074,15.486,9.58,55.73,1.76
1788034163.09,mlx4,42074,15.486,9.65,55.68,1.76
1788034163.51,mlx4,42074,15.486,9.53,55.75,1.76
1788034163.92,mlx4,42074,15.486,9.37,55.87,1.76
1788034164.33,mlx4,42074,15.486,9.24,55.96,1.76
1788034164.74,mlx4,42074,15.486,9.39,55.86,1.76
1788034165.15,mlx4,42074,15.486,11.78,54.22,1.76
1788034165.56,mlx4,42074,15.486,11.59,54.39,1.76
1788034165.97,mlx4,42074,15.486,11.4,54.48,1.76
1788034166.39,mlx4,42074,15.486,11.2,54.62,1.76
1788034166.8,mlx4,42074,15.486,11.01,54.67,1.76
1788034167.21,mlx4,42074,15.486,10.95,54.79,1.76
1788034167.61,mlx4,42074,15.486,10.76,54.96,1.76
1788034168.02,mlx4,42074,15.486,10.61,55.02,1.76
1788034168.43,mlx4,42074,15.486,10.42,55.15,1.76
1788034168.85,mlx4,42074,15.486,9.85,55.55,1.76
1788034169.26,mlx4,42074,15.486,10.05,55.45,1.76
1788034169.67,mlx4,42074,15.486,10.02,55.47,1.76
1788034170.08,mlx4,42074,15.486,9.83,55.6,1.76
1788034170.49,mlx4,42074,15.486,9.64,55.69,1.76
1788034170.9,mlx4,42074,15.486,9.47,55.82,1.76
1788034171.31,mlx4,42074,15.486,9.01,56.21,1.76
1788034171.72,mlx4,42074,15.486,9.36,56.0,1.76
1788034172.14,mlx4,42074,15.486,9.16,56.13,1.76
1788034172.55,mlx4,42074,15.486,11.37,54.59,1.76
1788034172.96,mlx4,42074,15.486,11.7,54.38,1.76
1788034173.37,mlx4,42074,15.486,11.51,54.52,1.76
1788034173.78,mlx4,42074,15.486,11.38,54.61,1.76
1788034174.19,mlx4,42074,15.486,11.18,54.74,1.76
1788034174.61,mlx4,42074,15.486,10.72,55.1,1.76
1788034175.02,mlx4,42074,15.486,10.87,54.95,1.76
1788034175.43,mlx4,42074,15.486,10.69,55.08,1.76
1788034175.84,mlx4,42074,15.486,10.59,55.14,1.76
1788034176.25,mlx4,42074,15.486,10.4,55.28,1.76
1788034176.66,mlx4,42074,15.486,10.21,55.45,1.76
1788034177.07,mlx4,42074,15.486,9.62,55.85,1.76
1788034177.49,mlx4,42074,15.486,9.94,55.63,1.76
1788034177.89,mlx4,42074,15.486,9.76,55.76,1.76
1788034178.31,mlx4,42074,15.486,9.63,55.81,1.76
1788034178.72,mlx4,42074,15.486,9.43,55.94,1.76
1788034179.13,mlx4,42074,15.486,8.97,56.26,1.76
1788034179.54,mlx4,42074,15.486,9.14,56.14,1.76
1788034179.95,mlx4,42074,15.486,8.99,56.24,1.76
1788034180.37,mlx4,42074,15.486,11.28,54.5,1.76
1788034180.77,mlx4,42074,15.486,11.48,54.54,1.76
1788034181.19,mlx4,42074,15.486,11.28,54.67,1.76
1788034181.6,mlx4,42074,15.486,11.16,54.81,1.76
1788034182.01,mlx4,42074,15.486,11.0,54.95,1.76
1788034182.42,mlx4,42074,15.486,10.8,55.08,1.76
1788034182.83,mlx4,42074,15.486,10.65,55.11,1.76
1788034183.24,mlx4,42074,15.486,10.54,55.19,1.76
1788034183.66,mlx4,42074,15.486,10.4,55.33,1.76
1788034184.06,mlx4,42074,15.486,10.21,55.42,1.76
1788034184.47,mlx4,42074,15.486,10.01,55.55,1.76
1788034184.89,mlx4,42074,15.486,9.65,55.84,1.76
1788034185.3,mlx4,42074,15.486,9.76,55.77,1.76
1788034185.71,mlx4,42074,15.486,9.62,55.85,1.76
1788034186.12,mlx4,42074,15.486,9.42,55.98,1.76
1788034186.53,mlx4,42074,15.486,9.23,56.08,1.76
1788034186.93,mlx4,42074,15.486,8.89,56.35,1.76
1788034187.35,mlx4,42074,15.486,8.98,56.25,1.76
1788034187.76,mlx4,42074,15.486,8.84,56.38,1.76
1788034188.17,mlx4,42074,15.487,11.42,54.33,1.76
1788034188.58,mlx4,42074,15.518,11.29,54.65,1.74
1788034189.0,mlx4,42074,15.518,11.15,54.77,1.74
1788034189.41,mlx4,42074,15.518,10.95,54.91,1.74
1788034189.81,mlx4,42074,15.518,10.76,55.04,1.74
1788034190.23,mlx4,42074,15.518,10.61,55.15,1.74
1788034190.64,mlx4,42074,15.518,10.41,55.29,1.74
1788034191.05,mlx4,42074,15.518,10.37,55.31,1.74
1788034191.46,mlx4,42074,15.518,10.18,55.4,1.74
1788034191.87,mlx4,42074,15.518,9.99,55.59,1.74
1788034192.28,mlx4,42074,15.518,9.83,55.66,1.74
1788034192.69,mlx4,42074,15.518,9.73,55.77,1.74
1788034193.1,mlx4,42074,15.518,9.59,55.85,1.74
1788034193.51,mlx4,42074,15.518,9.4,55.94,1.74
1788034193.92,mlx4,42074,15.518,9.2,56.12,1.74
1788034194.33,mlx4,42074,15.518,9.05,56.18,1.74
1788034194.75,mlx4,42074,15.518,8.95,56.29,1.74
1788034195.16,mlx4,42074,15.518,8.81,56.21,1.74
1788034195.57,mlx4,42074,15.518,8.61,56.2,1.74
1788034195.98,mlx4,42074,15.518,9.51,55.72,1.74
1788034196.39,mlx4,42074,15.518,11.16,54.54,1.74
1788034196.8,mlx4,42074,15.518,10.96,54.9,1.74
1788034197.21,mlx4,42074,15.518,10.45,55.24,1.74
1788034197.63,mlx4,42074,15.518,10.59,55.18,1.74
1788034198.04,mlx4,42074,15.518,10.5,55.18,1.74
1788034198.45,mlx4,42074,15.518,10.38,55.26,1.74
1788034198.86,mlx4,42074,15.518,10.18,55.4,1.74
1788034199.27,mlx4,42074,15.518,9.56,55.83,1.74
1788034199.68,mlx4,42074,15.518,9.95,55.59,1.74
1788034200.09,mlx4,42074,15.518,9.72,55.72,1.74
1788034200.51,mlx4,42074,15.518,9.59,55.8,1.74
1788034200.92,mlx4,42074,15.518,9.4,55.95,1.74
1788034201.33,mlx4,42074,15.518,8.78,56.38,1.74
1788034201.74,mlx4,42074,15.518,9.14,56.17,1.74
1788034202.15,mlx4,42074,15.518,8.92,56.23,1.74
1788034202.57,mlx4,42074,15.518,8.81,56.19,1.74
1788034202.98,mlx4,42074,15.518,8.62,56.39,1.74
1788034203.39,mlx4,42074,15.518,8.0,56.64,1.74
1788034203.8,mlx4,42074,15.518,8.37,56.47,1.74
1788034204.21,mlx4,42074,15.518,10.97,54.4,1.74
1788034204.63,mlx4,42074,15.518,10.81,54.97,1.74
1788034205.04,mlx4,42074,15.518,10.66,55.07,1.74
1788034205.45,mlx4,42074,15.518,10.58,55.13,1.74
1788034205.86,mlx4,42074,15.518,10.38,55.26,1.74
1788034206.27,mlx4,42074,15.518,9.86,55.62,1.74
1788034206.68,mlx4,42074,15.518,10.07,55.52,1.74
1788034207.09,mlx4,42074,15.518,9.92,55.58,1.74
1788034207.51,mlx4,42074,15.518,9.79,55.67,1.74
1788034207.92,mlx4,42074,15.518,9.6,55.8,1.74
1788034208.33,mlx4,42074,15.518,8.96,56.24,1.74
1788034208.74,mlx4,42074,15.518,9.34,56.02,1.74
1788034209.15,mlx4,42074,15.518,9.21,56.07,1.74
1788034209.56,mlx4,42074,15.518,9.02,56.17,1.74
1788034209.97,mlx4,42074,15.518,8.82,56.33,1.74
1788034210.37,mlx4,42074,15.518,8.67,56.39,1.74
1788034210.79,mlx4,42074,15.518,8.51,56.49,1.74
1788034211.2,mlx4,42074,15.518,8.43,56.23,1.74
1788034211.61,mlx4,42074,15.518,8.51,56.28,1.74
1788034212.02,mlx4,42074,15.599,19.64,48.74,1.7
1788034212.44,mlx4,42074,15.599,27.8,43.24,1.7
1788034212.86,mlx4,42074,15.599,27.8,43.24,1.7
1788034213.27,mlx4,42074,15.606,27.82,17.06,1.7
1788034213.68,mlx4,42074,15.606,23.89,45.98,1.7
1788034214.09,mlx4,42074,15.606,23.53,46.18,1.7
1788034214.5,mlx4,42074,15.606,23.19,46.42,1.7
1788034214.91,mlx4,42074,15.606,22.84,46.66,1.7
1788034215.32,mlx4,42074,15.606,22.48,46.9,1.7
1788034215.73,mlx4,42074,15.606,22.14,47.14,1.7
1788034216.15,mlx4,42074,15.606,21.79,47.38,1.7
1788034216.56,mlx4,42074,15.606,21.45,47.61,1.7
1788034216.97,mlx4,42074,15.606,21.1,47.86,1.7
1788034217.38,mlx4,42074,15.606,21.24,47.75,1.7
1788034217.79,mlx4,42074,15.606,21.1,47.85,1.7
1788034218.2,mlx4,42074,15.606,21.05,47.88,1.7
1788034218.61,mlx4,42074,15.606,21.03,47.94,1.7
1788034219.02,mlx4,42074,15.606,20.98,47.94,1.7
1788034219.44,mlx4,42074,15.606,20.96,47.95,1.7
1788034219.85,mlx4,42074,15.606,20.91,47.98,1.7
1788034220.25,mlx4,42074,15.606,20.88,48.0,1.7
1788034220.67,mlx4,42074,15.606,20.83,48.07,1.7
1788034221.08,mlx4,42074,15.606,20.81,48.05,1.7
1788034221.49,mlx4,42074,15.606,20.76,48.09,1.7
1788034221.9,mlx4,42074,15.606,20.92,47.98,1.7
1788034222.31,mlx4,42074,15.606,20.84,48.03,1.7
1788034222.72,mlx4,42074,15.606,20.81,48.05,1.7
1788034223.13,mlx4,42074,15.606,20.77,48.08,1.7
1788034223.54,mlx4,42074,15.606,20.7,48.13,1.7
1788034223.94,mlx4,42074,15.606,20.66,48.15,1.7
1788034224.35,mlx4,42074,15.606,20.59,48.2,1.7
1788034224.76,mlx4,42074,15.606,20.55,48.23,1.7
1788034225.18,mlx4,42074,15.606,20.48,48.28,1.7
1788034225.58,mlx4,42074,15.606,20.44,48.3,1.7
1788034226.0,mlx4,42074,15.606,20.9,47.99,1.7
1788034226.41,mlx4,42074,15.606,20.64,48.16,1.7
1788034226.82,mlx4,42074,15.606,20.59,48.25,1.7
1788034227.23,mlx4,42074,15.606,20.54,48.29,1.7
1788034227.64,mlx4,42074,15.606,20.44,48.39,1.7
1788034228.05,mlx4,42074,15.606,20.39,48.37,1.7
1788034228.46,mlx4,42074,15.606,20.3,48.44,1.7
1788034228.87,mlx4,42074,15.606,20.25,48.43,1.7
1788034229.29,mlx4,42074,15.606,20.15,48.5,1.7
1788034229.69,mlx4,42074,15.606,20.1,48.57,1.7
1788034230.1,mlx4,42074,15.606,20.01,48.6,1.7
1788034230.51,mlx4,42074,15.606,20.53,48.24,1.7
1788034230.92,mlx4,42074,15.606,20.41,48.32,1.7
1788034231.33,mlx4,42074,15.606,20.34,48.36,1.7
1788034231.74,mlx4,42074,15.606,20.22,48.45,1.7
1788034232.15,mlx4,42074,15.606,20.16,48.49,1.7
1788034232.56,mlx4,42074,15.606,20.1,48.53,1.7
1788034232.97,mlx4,42074,15.606,19.98,48.61,1.7
1788034233.38,mlx4,42074,15.606,19.92,48.66,1.69
1788034233.79,mlx4,42074,15.606,19.79,48.74,1.69
1788034234.2,mlx4,42074,15.606,19.73,48.78,1.69
1788034234.61,mlx4,42074,15.606,19.61,48.87,1.69
1788034235.02,mlx4,42074,15.606,20.36,48.36,1.69
1788034235.43,mlx4,42074,15.606,20.18,48.48,1.69
1788034235.85,mlx4,42074,15.606,20.11,48.53,1.69
1788034236.26,mlx4,42074,15.606,20.03,48.58,1.69
1788034236.67,mlx4,42074,15.606,19.89,48.72,1.69
1788034237.08,mlx4,42074,15.606,19.81,48.73,1.69
1788034237.49,mlx4,42074,15.606,19.67,48.83,1.69
1788034237.9,mlx4,42074,15.606,19.6,48.88,1.69
1788034238.31,mlx4,42074,15.606,19.45,48.98,1.69
1788034238.73,mlx4,42074,15.606,19.38,49.07,1.69
1788034239.13,mlx4,42074,15.606,19.31,49.08,1.69
1788034239.55,mlx4,42074,15.606,20.31,48.4,1.69
1788034239.96,mlx4,42074,15.606,20.07,48.56,1.69
1788034240.37,mlx4,42074,15.606,19.9,48.68,1.69
1788034240.78,mlx4,42074,15.606,19.81,48.74,1.69
1788034241.19,mlx4,42074,15.606,19.65,48.86,1.69
1788034241.6,mlx4,42074,15.606,19.56,48.91,1.69
1788034242.01,mlx4,42074,15.606,19.47,48.97,1.69
1788034242.43,mlx4,42074,15.606,19.3,49.09,1.69
1788034242.83,mlx4,42074,15.606,19.21,49.15,1.69
1788034243.24,mlx4,42074,15.606,19.11,49.22,1.69
1788034243.66,mlx4,42074,15.606,18.95,49.38,1.69
1788034244.07,mlx4,42074,15.606,18.87,49.4,1.69
1788034244.48,mlx4,42074,15.606,19.81,48.73,1.69
1788034244.89,mlx4,42074,15.606,19.72,48.81,1.69
1788034245.3,mlx4,42074,15.606,19.52,48.95,1.69
1788034245.71,mlx4,42074,15.606,19.42,49.05,1.69
1788034246.12,mlx4,42074,15.606,19.33,49.06,1.69
1788034246.54,mlx4,42074,15.606,19.13,49.2,1.69
1788034246.94,mlx4,42074,15.606,19.04,49.28,1.69
1788034247.36,mlx4,42074,15.606,18.94,49.35,1.69
1788034247.77,mlx4,42074,15.606,18.74,49.52,1.69
1788034248.18,mlx4,42074,15.606,18.65,49.53,1.69
1788034248.59,mlx4,42074,15.606,18.45,49.67,1.69
1788034249.0,mlx4,42074,15.606,19.74,48.78,1.69
1788034249.41,mlx4,42074,15.606,19.49,48.96,1.69
1788034249.82,mlx4,42074,15.606,19.37,49.03,1.69
1788034250.23,mlx4,42074,15.606,19.26,49.11,1.69
1788034250.64,mlx4,42074,15.606,19.04,49.3,1.69
1788034251.05,mlx4,42074,15.606,18.94,49.33,1.69
1788034251.46,mlx4,42074,15.606,18.83,49.41,1.69
1788034251.87,mlx4,42074,15.606,18.61,49.56,1.69
1788034252.28,mlx4,42074,15.606,18.5,49.64,1.69
1788034252.69,mlx4,42074,15.606,18.39,49.75,1.69
1788034253.11,mlx4,42074,15.606,18.17,49.86,1.69
1788034253.52,mlx4,42074,15.606,18.06,49.94,1.69
1788034253.92,mlx4,42074,15.606,19.5,48.95,1.69
1788034254.34,mlx4,42074,15.606,19.38,49.03,1.69
1788034254.74,mlx4,42074,15.606,19.14,49.24,1.69
1788034255.15,mlx4,42074,15.606,19.02,49.28,1.69
1788034255.57,mlx4,42074,15.606,18.89,49.37,1.69
1788034255.98,mlx4,42074,15.606,18.65,49.53,1.69
1788034256.39,mlx4,42074,15.606,18.52,49.62,1.69
1788034256.8,mlx4,42074,15.606,18.4,49.7,1.69
1788034257.21,mlx4,42074,15.606,18.15,49.87,1.69
1788034257.62,mlx4,42074,15.606,18.04,49.95,1.69
1788034258.03,mlx4,42074,15.606,17.92,50.04,1.69
1788034258.44,mlx4,42074,15.606,17.67,50.21,1.69
1788034258.86,mlx4,42074,15.606,19.17,49.18,1.69
1788034259.27,mlx4,42074,15.606,19.03,49.27,1.69
1788034259.68,mlx4,42074,15.606,18.9,49.41,1.69
1788034260.09,mlx4,42074,15.606,18.62,49.57,1.69
1788034260.5,mlx4,42074,15.606,18.48,49.66,1.69
1788034260.91,mlx4,42074,15.606,18.35,49.75,1.69
1788034261.32,mlx4,42074,15.606,18.21,49.85,1.69
1788034261.74,mlx4,42074,15.606,17.95,50.07,1.69
1788034262.15,mlx4,42074,15.606,17.81,50.12,1.69
1788034262.56,mlx4,42074,15.606,17.67,50.2,1.69
1788034262.97,mlx4,42074,15.606,17.41,50.38,1.69
1788034263.38,mlx4,42074,15.606,17.28,50.47,1.69
1788034263.79,mlx4,42074,15.606,18.94,49.37,1.69
1788034264.2,mlx4,42074,15.606,18.79,49.43,1.69
1788034264.61,mlx4,42074,15.606,18.64,49.53,1.69
1788034265.01,mlx4,42074,15.606,18.5,49.63,1.69
1788034265.42,mlx4,42074,15.606,18.21,49.84,1.69
1788034265.83,mlx4,42074,15.606,18.06,49.94,1.69
1788034266.24,mlx4,42074,15.606,17.9,50.04,1.69
1788034266.65,mlx4,42074,15.606,17.61,50.24,1.69
1788034267.07,mlx4,42074,15.606,17.47,50.34,1.69
1788034267.48,mlx4,42074,15.606,17.32,50.44,1.69
1788034267.89,mlx4,42074,15.606,17.17,50.54,1.69
1788034268.3,mlx4,42074,15.606,16.88,50.74,1.69
1788034268.71,mlx4,42074,15.606,19.0,49.33,1.69
1788034269.12,mlx4,42074,15.606,18.67,49.51,1.69
1788034269.53,mlx4,42074,15.606,18.44,49.68,1.69
1788034269.94,mlx4,42074,15.606,18.27,49.79,1.69
1788034270.35,mlx4,42074,15.606,18.12,49.9,1.69
1788034270.76,mlx4,42074,15.606,17.8,50.15,1.69
1788034271.17,mlx4,42074,15.606,17.64,50.22,1.69
1788034271.59,mlx4,42074,15.606,17.49,50.33,1.69
1788034272.0,mlx4,42074,15.606,17.33,50.44,1.69
1788034272.41,mlx4,42074,15.606,17.02,50.66,1.69
1788034272.82,mlx4,42074,15.606,16.86,50.81,1.69
1788034273.23,mlx4,42074,15.606,16.7,50.88,1.69
1788034273.64,mlx4,42074,15.606,16.54,50.99,1.69
1788034274.05,mlx4,42074,15.606,18.54,49.61,1.69
1788034274.45,mlx4,42074,15.606,18.37,49.73,1.69
1788034274.87,mlx4,42074,15.606,18.2,49.89,1.69
1788034275.28,mlx4,42074,15.606,17.86,50.08,1.69
1788034275.69,mlx4,42074,15.606,17.69,50.24,1.69
1788034276.1,mlx4,42074,15.606,17.51,50.37,1.69
1788034276.51,mlx4,42074,15.606,17.34,50.49,1.69
1788034276.92,mlx4,42074,15.606,17.0,50.71,1.69
1788034277.33,mlx4,42074,15.606,16.83,50.83,1.69
1788034277.74,mlx4,42074,15.606,16.65,50.99,1.69
1788034278.15,mlx4,42074,15.606,16.49,51.02,1.69
1788034278.57,mlx4,42074,15.606,16.14,51.26,1.69
1788034278.98,mlx4,42074,15.606,18.95,49.33,1.69
1788034279.39,mlx4,42074,15.606,18.32,49.76,1.69
1788034279.8,mlx4,42074,15.606,17.95,50.05,1.69
1788034280.21,mlx4,42074,15.606,17.76,50.14,1.69
1788034280.62,mlx4,42074,15.606,17.58,50.27,1.69
1788034281.03,mlx4,42074,15.606,17.4,50.39,1.69
1788034281.44,mlx4,42074,15.606,17.13,50.58,1.69
1788034281.85,mlx4,42074,15.606,16.85,50.81,1.69
1788034282.26,mlx4,42074,15.606,16.67,50.9,1.69
1788034282.67,mlx4,42074,15.606,16.49,51.02,1.69
1788034283.09,mlx4,42074,15.606,16.31,51.15,1.69
1788034283.5,mlx4,42074,15.606,15.94,51.4,1.69
1788034283.91,mlx4,42074,15.606,15.75,51.52,1.69
1788034284.32,mlx4,42074,15.606,18.33,49.75,1.69
1788034284.73,mlx4,42074,15.606,17.91,50.09,1.69
1788034285.14,mlx4,42074,15.606,17.71,50.18,1.69
1788034285.55,mlx4,42074,15.606,17.51,50.32,1.69
1788034285.96,mlx4,42074,15.606,17.32,50.45,1.69
1788034286.37,mlx4,42074,15.606,17.12,50.59,1.69
1788034286.78,mlx4,42074,15.606,16.73,50.89,1.69
1788034287.19,mlx4,42074,15.606,16.54,50.99,1.69
1788034287.6,mlx4,42074,15.606,16.34,51.12,1.69
1788034288.01,mlx4,42074,15.606,16.14,51.26,1.69
1788034288.42,mlx4,42074,15.606,15.94,51.39,1.69
1788034288.84,mlx4,42074,15.606,15.55,51.7,1.69
1788034289.25,mlx4,42074,15.606,15.36,51.8,1.69
1788034289.66,mlx4,42074,15.606,18.13,49.9,1.69
1788034290.07,mlx4,42074,15.606,17.67,50.21,1.69
1788034290.48,mlx4,42074,15.606,17.46,50.35,1.69
1788034290.89,mlx4,42074,15.606,17.25,50.53,1.69
1788034291.3,mlx4,42074,15.606,17.05,50.64,1.69
1788034291.71,mlx4,42074,15.606,16.84,50.82,1.69
1788034292.13,mlx4,42074,15.606,16.63,50.92,1.69
1788034292.53,mlx4,42074,15.606,16.2,51.21,1.69
1788034292.95,mlx4,42074,15.606,15.99,51.37,1.69
1788034293.36,mlx4,42074,15.606,15.78,51.51,1.69
1788034293.77,mlx4,42074,15.606,15.57,51.64,1.69
1788034294.17,mlx4,42074,15.606,15.37,51.78,1.69
1788034294.59,mlx4,42074,15.606,14.95,52.06,1.69
1788034295.0,mlx4,42074,15.606,18.3,49.77,1.69
1788034295.41,mlx4,42074,15.606,17.64,50.23,1.69
1788034295.82,mlx4,42074,15.606,17.19,50.52,1.69
1788034296.23,mlx4,42074,15.606,16.97,50.67,1.69
1788034296.64,mlx4,42074,15.606,16.76,50.82,1.69
1788034297.05,mlx4,42074,15.606,16.54,50.97,1.69
1788034297.46,mlx4,42074,15.606,16.32,51.12,1.69
1788034297.87,mlx4,42074,15.606,16.1,51.27,1.69
1788034298.29,mlx4,42074,15.606,15.66,51.58,1.69
1788034298.7,mlx4,42074,15.606,15.44,51.77,1.69
1788034299.11,mlx4,42074,15.606,15.22,51.88,1.69
1788034299.52,mlx4,42074,15.606,14.99,52.03,1.69
1788034299.93,mlx4,42074,15.606,14.78,52.28,1.69
1788034300.34,mlx4,42074,15.606,14.56,52.39,1.69
1788034300.74,mlx4,42074,15.606,17.52,50.4,1.69
1788034301.15,mlx4,42074,15.606,17.28,50.5,1.69
1788034301.57,mlx4,42074,15.606,17.05,50.66,1.69
1788034301.98,mlx4,42074,15.606,16.82,50.77,1.69
1788034302.39,mlx4,42074,15.606,16.36,51.09,1.69
1788034302.8,mlx4,42074,15.606,16.13,51.25,1.69
1788034303.21,mlx4,42074,15.606,15.9,51.43,1.69
1788034303.62,mlx4,42074,15.606,15.67,51.59,1.69
1788034304.03,mlx4,42074,15.606,15.44,51.75,1.69
1788034304.44,mlx4,42074,15.606,15.2,51.89,1.69
1788034304.85,mlx4,42074,15.606,14.94,52.08,1.69
1788034305.26,mlx4,42074,15.606,14.5,52.39,1.69
1788034305.67,mlx4,42074,15.606,14.27,52.55,1.69
1788034306.08,mlx4,42074,15.606,17.48,50.33,1.69
1788034306.49,mlx4,42074,15.606,17.2,50.52,1.69
1788034306.9,mlx4,42074,15.606,16.71,50.85,1.69
1788034307.31,mlx4,42074,15.606,16.47,51.02,1.69
1788034307.72,mlx4,42074,15.606,16.22,51.23,1.69
1788034308.13,mlx4,42074,15.606,15.98,51.36,1.69
1788034308.54,mlx4,42074,15.606,15.73,51.53,1.69
1788034308.95,mlx4,42074,15.606,15.49,51.69,1.69
1788034309.36,mlx4,42074,15.606,15.25,51.86,1.69
1788034309.77,mlx4,42074,15.606,14.76,52.2,1.69
1788034310.18,mlx4,42074,15.606,14.51,52.36,1.69
1788034310.59,mlx4,42074,15.606,14.27,52.53,1.69
1788034311.0,mlx4,42074,15.606,14.02,52.7,1.69
1788034311.41,mlx4,42074,15.606,13.78,52.87,1.69
1788034311.83,mlx4,42074,15.606,17.02,50.64,1.69
1788034312.24,mlx4,42074,15.606,16.72,50.84,1.69
1788034312.65,mlx4,42074,15.606,16.47,51.02,1.69
1788034313.06,mlx4,42074,15.606,16.21,51.2,1.69
1788034313.47,mlx4,42074,15.606,15.95,51.37,1.69
1788034313.88,mlx4,42074,15.606,15.69,51.55,1.69
1788034314.29,mlx4,42074,15.606,15.44,51.72,1.69
1788034314.7,mlx4,42074,15.606,15.18,51.9,1.69
1788034315.11,mlx4,42074,15.606,14.67,52.25,1.69
1788034315.52,mlx4,42074,15.606,14.42,52.43,1.69
1788034315.93,mlx4,42074,15.606,14.17,52.61,1.69
1788034316.34,mlx4,42074,15.606,13.91,52.78,1.69
1788034316.75,mlx4,42074,15.606,13.65,53.0,1.69
1788034317.16,mlx4,42074,15.606,13.4,53.14,1.69
1788034317.57,mlx4,42074,15.606,16.77,50.82,1.69
1788034317.98,mlx4,42074,15.606,16.5,51.0,1.69
1788034318.39,mlx4,42074,15.606,16.23,51.19,1.69
1788034318.81,mlx4,42074,15.606,15.97,51.37,1.69
1788034319.22,mlx4,42074,15.606,15.7,51.56,1.69
1788034319.62,mlx4,42074,15.606,15.43,51.74,1.69
1788034320.03,mlx4,42074,15.606,15.15,51.94,1.69
1788034320.44,mlx4,42074,15.606,14.88,52.13,1.69
1788034320.85,mlx4,42074,15.606,14.34,52.5,1.69
1788034321.26,mlx4,42074,15.606,14.08,52.67,1.69
1788034321.67,mlx4,42074,15.606,13.81,52.85,1.69
1788034322.08,mlx4,42074,15.606,13.53,53.05,1.69
1788034322.49,mlx4,42074,15.606,13.27,53.24,1.69
1788034322.9,mlx4,42074,15.606,13.0,53.41,1.69
1788034323.31,mlx4,42074,15.606,16.58,50.94,1.69
1788034323.73,mlx4,42074,15.606,16.26,51.2,1.69
1788034324.13,mlx4,42074,15.606,15.98,51.41,1.69
1788034324.54,mlx4,42074,15.606,15.7,51.61,1.69
1788034324.95,mlx4,42074,15.606,15.42,51.76,1.69
1788034325.37,mlx4,42074,15.606,15.14,51.93,1.69
1788034325.78,mlx4,42074,15.606,14.85,52.21,1.69
1788034326.19,mlx4,42074,15.606,14.57,52.41,1.69
1788034326.6,mlx4,42074,15.606,14.29,52.6,1.69
1788034327.01,mlx4,42074,15.606,14.01,52.71,1.69
1788034327.43,mlx4,42074,15.606,13.45,53.09,1.69
1788034327.84,mlx4,42074,15.606,13.17,53.29,1.69
1788034328.25,mlx4,42074,15.606,12.88,53.48,1.69
1788034328.66,mlx4,42074,15.606,12.61,53.67,1.69
1788034329.07,mlx4,42074,15.606,16.68,50.87,1.69
1788034329.48,mlx4,42074,15.606,16.32,51.12,1.69
1788034329.89,mlx4,42074,15.606,16.03,51.32,1.69
1788034330.3,mlx4,42074,15.606,15.44,51.72,1.69
1788034330.71,mlx4,42074,15.606,15.15,51.93,1.69
1788034331.12,mlx4,42074,15.606,14.85,52.13,1.69
1788034331.53,mlx4,42074,15.606,14.56,52.33,1.69
1788034331.94,mlx4,42074,15.606,14.27,52.53,1.69
1788034332.35,mlx4,42074,15.606,13.98,52.73,1.69
1788034332.77,mlx4,42074,15.606,13.68,52.97,1.69
1788034333.18,mlx4,42074,15.606,13.39,53.14,1.69
1788034333.59,mlx4,42074,15.606,13.06,53.34,1.69
1788034334.0,mlx4,42074,15.606,12.76,53.54,1.69
1788034334.41,mlx4,42074,15.606,12.47,53.74,1.69
1788034334.82,mlx4,42074,15.606,12.19,53.94,1.69
1788034335.24,mlx4,42074,15.606,16.11,51.25,1.69
1788034335.65,mlx4,42074,15.606,15.81,51.46,1.69
1788034336.06,mlx4,42074,15.606,15.5,51.67,1.69
1788034336.47,mlx4,42074,15.606,15.19,51.88,1.69
1788034336.88,mlx4,42074,15.606,14.89,52.09,1.69
1788034337.29,mlx4,42074,15.606,14.58,52.3,1.69
1788034337.7,mlx4,42074,15.606,14.28,52.51,1.69
1788034338.11,mlx4,42074,15.606,13.97,52.72,1.69
1788034338.52,mlx4,42074,15.606,13.67,52.93,1.69
1788034338.93,mlx4,42074,15.606,13.05,53.36,1.69
1788034339.34,mlx4,42074,15.606,12.74,53.57,1.69
1788034339.75,mlx4,42074,15.606,12.44,53.82,1.69
1788034340.17,mlx4,42074,15.606,12.13,53.98,1.69
1788034340.57,mlx4,42074,15.606,11.83,54.19,1.69
1788034340.99,mlx4,42074,15.606,16.23,51.16,1.69
1788034341.4,mlx4,42074,15.606,15.88,51.4,1.69
1788034341.81,mlx4,42074,15.606,15.57,51.66,1.69
1788034342.22,mlx4,42074,15.606,15.25,51.83,1.69
1788034342.63,mlx4,42074,15.606,14.77,52.16,1.69
1788034343.05,mlx4,42074,15.606,14.29,52.49,1.69
1788034343.46,mlx4,42074,15.606,13.97,52.71,1.69
1788034343.87,mlx4,42074,15.606,13.66,52.93,1.69
1788034344.28,mlx4,42074,15.606,13.34,53.14,1.69
1788034344.69,mlx4,42074,15.606,13.02,53.36,1.69
1788034345.1,mlx4,42074,15.606,12.7,53.58,1.69
1788034345.51,mlx4,42074,15.606,12.39,53.8,1.69
1788034345.92,mlx4,42074,15.606,12.07,54.02,1.69
1788034346.33,mlx4,42074,15.606,11.75,54.24,1.69
1788034346.74,mlx4,42074,15.606,11.58,54.39,1.69
1788034347.16,mlx4,42074,15.606,15.82,51.46,1.69
1788034347.57,mlx4,42074,15.606,15.33,51.79,1.69
1788034347.98,mlx4,42074,15.606,15.0,52.06,1.69
1788034348.39,mlx4,42074,15.606,14.67,52.29,1.69
1788034348.8,mlx4,42074,15.606,14.34,52.56,1.69
1788034349.21,mlx4,42074,15.606,14.01,52.73,1.69
1788034349.62,mlx4,42074,15.606,13.68,52.95,1.69
1788034350.03,mlx4,42074,15.606,13.35,53.14,1.69
1788034350.44,mlx4,42074,15.606,13.02,53.36,1.69
1788034350.85,mlx4,42074,15.606,12.69,53.63,1.69
1788034351.27,mlx4,42074,15.606,12.36,53.82,1.69
1788034351.68,mlx4,42074,15.606,12.02,54.04,1.69
1788034352.09,mlx4,42074,15.606,11.7,54.27,1.69
1788034352.5,mlx4,42074,15.606,11.52,54.39,1.69
1788034352.91,mlx4,42074,15.606,11.47,54.43,1.69
1788034353.32,mlx4,42074,15.606,15.44,51.7,1.69
1788034353.73,mlx4,42074,15.606,15.1,51.94,1.69
1788034354.15,mlx4,42074,15.606,14.76,52.17,1.69
1788034354.56,mlx4,42074,15.606,14.42,52.41,1.69
1788034354.97,mlx4,42074,15.606,14.07,52.64,1.69
1788034355.38,mlx4,42074,15.606,13.73,52.88,1.69
1788034355.79,mlx4,42074,15.606,13.39,53.15,1.69
1788034356.21,mlx4,42074,15.606,13.04,53.35,1.69
1788034356.62,mlx4,42074,15.606,12.7,53.58,1.69
1788034357.03,mlx4,42074,15.606,12.36,53.82,1.69
1788034357.44,mlx4,42074,15.606,12.01,54.05,1.69
1788034357.85,mlx4,42074,15.606,11.68,54.33,1.69
1788034358.26,mlx4,42074,15.606,11.5,54.41,1.69
1788034358.67,mlx4,42074,15.606,11.5,54.41,1.69
1788034359.08,mlx4,42074,15.606,11.55,54.38,1.69
1788034359.49,mlx4,42074,15.606,15.58,51.61,1.69
1788034359.9,mlx4,42074,15.606,15.23,51.89,1.69
1788034360.31,mlx4,42074,15.606,14.87,52.1,1.69
1788034360.72,mlx4,42074,15.606,14.52,52.34,1.69
1788034361.13,mlx4,42074,15.606,14.17,52.58,1.69
1788034361.54,mlx4,42074,15.606,13.81,52.82,1.69
1788034361.95,mlx4,42074,15.606,13.46,53.07,1.69
1788034362.37,mlx4,42074,15.606,13.1,53.31,1.69
1788034362.78,mlx4,42074,15.606,12.75,53.6,1.69
1788034363.19,mlx4,42074,15.606,12.4,53.81,1.69
1788034363.6,mlx4,42074,15.606,11.86,54.18,1.69
1788034364.01,mlx4,42074,15.606,11.51,54.42,1.69
1788034364.42,mlx4,42074,15.606,11.49,54.43,1.69
1788034364.84,mlx4,42074,15.606,11.61,54.39,1.69
1788034365.25,mlx4,42074,15.606,11.58,54.35,1.69
1788034365.66,mlx4,42074,15.606,12.14,53.93,1.69
1788034366.07,mlx4,42074,15.606,15.0,52.0,1.69
1788034366.48,mlx4,42074,15.606,14.63,52.25,1.69
1788034366.89,mlx4,42074,15.606,14.27,52.55,1.69
1788034367.3,mlx4,42074,15.606,13.91,52.76,1.69
1788034367.71,mlx4,42074,15.606,13.54,53.01,1.69
1788034368.13,mlx4,42074,15.606,13.17,53.26,1.69
1788034368.53,mlx4,42074,15.606,12.81,53.51,1.69
1788034368.95,mlx4,42074,15.606,12.44,53.77,1.69
1788034369.36,mlx4,42074,15.606,12.08,54.02,1.69
1788034369.77,mlx4,42074,15.606,11.71,54.31,1.69
1788034370.18,mlx4,42074,15.606,11.51,54.4,1.69
1788034370.59,mlx4,42074,15.606,11.5,54.41,1.69
1788034371.0,mlx4,42074,15.606,11.5,54.41,1.69
1788034371.42,mlx4,42074,15.606,11.55,54.38,1.69
1788034371.83,mlx4,42074,15.606,11.53,54.44,1.69
1788034372.24,mlx4,42074,15.606,14.91,52.07,1.69
1788034372.65,mlx4,42074,15.606,14.79,52.15,1.69
1788034373.06,mlx4,42074,15.606,14.41,52.41,1.69
1788034373.47,mlx4,42074,15.606,14.03,52.67,1.69
1788034373.88,mlx4,42074,15.606,13.64,52.97,1.69
1788034374.29,mlx4,42074,15.606,13.27,53.19,1.69
1788034374.7,mlx4,42074,15.606,12.9,53.46,1.69
1788034375.11,mlx4,42074,15.606,12.52,53.71,1.69
1788034375.52,mlx4,42074,15.606,12.14,53.97,1.69
1788034375.93,mlx4,42074,15.606,11.76,54.28,1.69
1788034376.34,mlx4,42074,15.606,11.56,54.37,1.69
1788034376.75,mlx4,42074,15.606,11.48,54.43,1.69
1788034377.17,mlx4,42074,15.606,11.46,54.44,1.69
1788034377.57,mlx4,42074,15.606,11.45,54.45,1.69
1788034377.99,mlx4,42074,15.606,11.63,54.33,1.69
1788034378.4,mlx4,42074,15.606,11.61,54.33,1.69
1788034378.81,mlx4,42074,15.606,14.57,52.34,1.69
1788034379.22,mlx4,42074,15.606,14.18,52.57,1.69
1788034379.63,mlx4,42074,15.606,13.79,52.84,1.69
1788034380.05,mlx4,42074,15.606,13.39,53.12,1.69
1788034380.45,mlx4,42074,15.606,13.0,53.39,1.69
1788034380.87,mlx4,42074,15.606,12.61,53.7,1.69
1788034381.28,mlx4,42074,15.606,12.22,53.92,1.69
1788034381.69,mlx4,42074,15.606,11.83,54.2,1.69
1788034382.1,mlx4,42074,15.606,11.61,54.34,1.69
1788034382.51,mlx4,42074,15.606,11.47,54.43,1.69
1788034382.92,mlx4,42074,15.606,11.31,54.57,1.69
1788034383.33,mlx4,42074,15.606,11.45,54.41,1.69
1788034383.75,mlx4,42074,15.606,11.49,54.41,1.69
1788034384.16,mlx4,42074,15.606,11.48,54.42,1.69
1788034384.57,mlx4,42074,15.606,11.48,54.42,1.69
1788034384.98,mlx4,42074,15.606,11.47,54.47,1.69
1788034385.39,mlx4,42074,15.606,14.34,52.46,1.69
1788034385.81,mlx4,42074,15.606,13.93,52.77,1.69
1788034386.21,mlx4,42074,15.606,13.53,53.01,1.69
1788034386.62,mlx4,42074,15.606,13.13,53.29,1.69
1788034387.04,mlx4,42074,15.606,12.73,53.56,1.69
1788034387.45,mlx4,42074,15.606,12.32,53.84,1.69
1788034387.86,mlx4,42074,15.606,11.92,54.16,1.69
1788034388.27,mlx4,42074,15.606,11.51,54.39,1.69
1788034388.68,mlx4,42074,15.606,11.49,54.41,1.69
1788034389.09,mlx4,42074,15.606,11.46,54.44,1.69
1788034389.5,mlx4,42074,15.606,11.5,54.41,1.69
1788034389.91,mlx4,42074,15.606,11.48,54.46,1.69
1788034390.32,mlx4,42074,15.606,11.54,54.38,1.69
1788034390.73,mlx4,42074,15.606,11.55,54.38,1.69
1788034391.13,mlx4,42074,15.606,11.54,54.38,1.69
1788034391.54,mlx4,42074,15.606,11.61,54.33,1.69
1788034391.95,mlx4,42074,15.606,14.12,52.65,1.69
1788034392.37,mlx4,42074,15.606,13.71,52.89,1.69
1788034392.78,mlx4,42074,15.606,13.29,53.18,1.69
1788034393.19,mlx4,42074,15.606,12.88,53.46,1.69
1788034393.6,mlx4,42074,15.606,12.46,53.75,1.69
1788034394.01,mlx4,42074,15.606,12.25,53.89,1.69
1788034394.42,mlx4,42074,15.606,12.04,54.03,1.69
1788034394.83,mlx4,42074,15.606,11.63,54.36,1.69
1788034395.24,mlx4,42074,15.606,11.6,54.34,1.69
1788034395.65,mlx4,42074,15.606,11.5,54.41,1.69
1788034396.06,mlx4,42074,15.606,11.45,54.44,1.69
1788034396.47,mlx4,42074,15.606,11.48,54.42,1.69
1788034396.88,mlx4,42074,15.606,11.55,54.42,1.69
1788034397.29,mlx4,42074,15.606,11.55,54.37,1.69
1788034397.71,mlx4,42074,15.606,11.56,54.37,1.69
1788034398.12,mlx4,42074,15.606,11.56,54.36,1.69
1788034398.53,mlx4,42074,15.606,14.33,52.46,1.69
1788034398.93,mlx4,42074,15.606,13.91,52.8,1.69
1788034399.35,mlx4,42074,15.606,13.47,53.05,1.69
1788034399.76,mlx4,42074,15.606,13.05,53.35,1.69
1788034400.17,mlx4,42074,15.606,12.62,53.64,1.69
1788034400.58,mlx4,42074,15.606,12.2,53.93,1.69
1788034400.99,mlx4,42074,15.606,11.76,54.27,1.69
1788034401.4,mlx4,42074,15.606,11.54,54.38,1.69
1788034401.81,mlx4,42074,15.606,11.49,54.45,1.69
1788034402.22,mlx4,42074,15.606,11.49,54.41,1.69
1788034402.63,mlx4,42074,15.606,11.49,54.41,1.69
1788034403.04,mlx4,42074,15.606,11.63,54.32,1.69
1788034403.45,mlx4,42074,15.606,11.64,54.31,1.69
1788034403.87,mlx4,42074,15.606,11.45,54.48,1.69
1788034404.28,mlx4,42074,15.606,11.52,54.39,1.69
1788034404.69,mlx4,42074,15.606,11.54,54.38,1.69
1788034405.1,mlx4,42074,15.606,11.55,54.37,1.69
1788034405.51,mlx4,42074,15.606,13.68,52.91,1.69
1788034405.92,mlx4,42074,15.606,13.24,53.25,1.69
1788034406.33,mlx4,42074,15.606,12.8,53.51,1.69
1788034406.74,mlx4,42074,15.606,12.36,53.81,1.69
1788034407.15,mlx4,42074,15.606,11.92,54.12,1.69
1788034407.57,mlx4,42074,15.606,11.48,54.42,1.69
1788034407.98,mlx4,42074,15.606,11.47,54.47,1.69
1788034408.39,mlx4,42074,15.606,11.46,54.44,1.69
1788034408.8,mlx4,42074,15.606,11.45,54.48,1.69
1788034409.21,mlx4,42074,15.606,11.5,54.41,1.69
1788034409.62,mlx4,42074,15.606,11.46,54.44,1.69
1788034410.03,mlx4,42074,15.606,11.47,54.47,1.69
1788034410.44,mlx4,42074,15.606,11.55,54.37,1.69
1788034410.85,mlx4,42074,15.606,11.57,54.4,1.69
1788034411.26,mlx4,42074,15.606,11.59,54.35,1.69
1788034411.67,mlx4,42074,15.606,11.61,54.33,1.69
1788034412.08,mlx4,42074,15.606,14.22,52.54,1.69
1788034412.49,mlx4,42074,15.606,13.46,53.06,1.69
1788034412.9,mlx4,42074,15.606,13.01,53.41,1.69
1788034413.32,mlx4,42074,15.606,12.55,53.68,1.69
1788034413.72,mlx4,42074,15.606,12.12,53.98,1.69
1788034414.13,mlx4,42074,15.606,11.66,54.3,1.69
1788034414.54,mlx4,42074,15.606,11.63,54.31,1.69
1788034414.95,mlx4,42074,15.606,11.49,54.45,1.69
1788034415.36,mlx4,42074,15.606,11.46,54.43,1.69
1788034415.77,mlx4,42074,15.606,11.5,54.41,1.69
1788034416.18,mlx4,42074,15.606,11.51,54.41,1.69
1788034416.59,mlx4,42074,15.606,11.53,54.39,1.69
1788034417.0,mlx4,42074,15.606,11.61,54.37,1.69
1788034417.41,mlx4,42074,15.606,11.64,54.31,1.69
1788034417.83,mlx4,42074,15.606,11.52,54.43,1.69
1788034418.24,mlx4,42074,15.606,11.54,54.38,1.69
1788034418.65,mlx4,42074,15.606,11.56,54.37,1.69
1788034419.06,mlx4,42074,15.606,13.72,52.88,1.69
1788034419.47,mlx4,42074,15.606,13.25,53.2,1.69
1788034419.89,mlx4,42074,15.606,12.78,53.58,1.69
1788034420.29,mlx4,42074,15.606,12.31,53.9,1.69
1788034420.7,mlx4,42074,15.606,11.85,54.22,1.69
1788034421.11,mlx4,42074,15.606,11.6,54.38,1.69
1788034421.52,mlx4,42074,15.606,11.47,54.46,1.69
1788034421.93,mlx4,42074,15.606,11.44,54.53,1.69
1788034422.34,mlx4,42074,15.606,11.47,54.43,1.69
1788034422.76,mlx4,42074,15.606,11.6,54.34,1.69
1788034423.17,mlx4,42074,15.606,11.62,54.33,1.69
1788034423.58,mlx4,42074,15.606,11.44,54.46,1.69
1788034423.99,mlx4,42074,15.606,11.47,54.44,1.69
1788034424.4,mlx4,42074,15.606,11.56,54.36,1.69
1788034424.81,mlx4,42074,15.606,11.59,54.39,1.69
1788034425.23,mlx4,42074,15.606,11.46,54.45,1.69
1788034425.64,mlx4,42074,15.606,11.48,54.43,1.69
1788034426.05,mlx4,42074,15.606,13.48,53.03,1.69
1788034426.46,mlx4,42074,15.606,13.01,53.36,1.69
1788034426.87,mlx4,42074,15.606,12.53,53.69,1.69
1788034427.28,mlx4,42074,15.606,12.06,54.02,1.69
1788034427.69,mlx4,42074,15.606,11.58,54.34,1.69
1788034428.1,mlx4,42074,15.606,11.56,54.36,1.69
1788034428.52,mlx4,42074,15.606,11.45,54.44,1.69
1788034428.93,mlx4,42074,15.606,11.46,54.43,1.69
1788034429.33,mlx4,42074,15.606,11.47,54.42,1.69
1788034429.75,mlx4,42074,15.606,11.29,54.54,1.69
1788034430.16,mlx4,42074,15.606,11.57,54.35,1.69
1788034430.57,mlx4,42074,15.606,11.44,54.44,1.69
1788034430.98,mlx4,42074,15.606,11.48,54.42,1.69
1788034431.39,mlx4,42074,15.606,11.58,54.35,1.69
1788034431.81,mlx4,42074,15.606,11.61,54.32,1.69
1788034432.21,mlx4,42074,15.606,11.65,54.3,1.69
1788034432.62,mlx4,42074,15.606,11.46,54.43,1.69
1788034433.04,mlx4,42074,15.606,13.8,52.82,1.69
1788034433.45,mlx4,42074,15.606,12.79,53.51,1.69
1788034433.86,mlx4,42074,15.606,12.3,53.89,1.69
1788034434.27,mlx4,42074,15.606,11.82,54.18,1.69
1788034434.68,mlx4,42074,15.606,11.56,54.36,1.69
1788034435.09,mlx4,42074,15.606,11.48,54.41,1.69
1788034435.51,mlx4,42074,15.606,11.48,54.41,1.69
1788034435.92,mlx4,42074,15.606,11.49,54.41,1.69
1788034436.34,mlx4,42074,15.606,11.49,54.41,1.69
1788034436.74,mlx4,42074,15.606,11.55,54.37,1.69
1788034437.15,mlx4,42074,15.606,11.65,54.3,1.69
1788034437.56,mlx4,42074,15.606,11.46,54.43,1.69
1788034437.98,mlx4,42074,15.606,11.5,54.4,1.69
1788034438.39,mlx4,42074,15.606,11.54,54.38,1.69
1788034438.81,mlx4,42074,15.606,11.58,54.35,1.69
1788034439.22,mlx4,42074,15.606,11.45,54.44,1.69
1788034439.64,mlx4,42074,15.606,11.51,54.4,1.69
1788034440.05,mlx4,42074,15.606,11.54,54.39,1.69
1788034440.46,mlx4,42074,15.606,12.57,53.72,1.69
1788034440.88,mlx4,42074,15.606,12.07,54.11,1.69
1788034441.3,mlx4,42074,15.606,11.57,54.37,1.69
1788034441.71,mlx4,42074,15.606,11.57,54.37,1.69
1788034442.13,mlx4,42074,15.606,11.55,54.39,1.69
1788034442.55,mlx4,42074,15.606,11.47,54.42,1.69
1788034442.97,mlx4,42074,15.606,11.46,54.43,1.69
1788034443.38,mlx4,42074,15.606,11.45,54.44,1.69
1788034443.79,mlx4,42074,15.606,11.56,54.36,1.69
1788034444.21,mlx4,42074,15.606,11.61,54.33,1.69
1788034444.62,mlx4,42074,15.606,11.47,54.42,1.69
1788034445.04,mlx4,42074,15.606,11.52,54.44,1.69
1788034445.46,mlx4,42074,15.606,11.58,54.4,1.69
1788034445.87,mlx4,42074,15.606,11.45,54.53,1.69
1788034446.29,mlx4,42074,15.606,11.49,54.4,1.69
1788034446.71,mlx4,42074,15.606,11.6,54.32,1.69
1788034447.12,mlx4,42074,15.606,11.65,54.29,1.69
1788034447.54,mlx4,42074,15.606,12.86,53.46,1.69
1788034447.95,mlx4,42074,15.606,12.35,53.86,1.69
1788034448.37,mlx4,42074,15.606,11.84,54.17,1.69
1788034448.79,mlx4,42074,15.606,11.57,54.35,1.69
1788034449.2,mlx4,42074,15.606,11.48,54.41,1.69
1788034449.62,mlx4,42074,15.606,11.46,54.43,1.69
1788034450.03,mlx4,42074,15.606,11.43,54.44,1.69
1788034450.45,mlx4,42074,15.606,11.47,54.42,1.69
1788034450.86,mlx4,42074,15.606,11.6,54.37,1.69
1788034451.27,mlx4,42074,15.606,11.46,54.42,1.69
1788034451.69,mlx4,42074,15.606,11.52,54.39,1.69
1788034452.1,mlx4,42074,15.606,11.63,54.3,1.69
1788034452.52,mlx4,42074,15.606,11.44,54.44,1.69
1788034452.94,mlx4,42074,15.606,11.49,54.44,1.69
1788034453.35,mlx4,42074,15.606,11.55,54.36,1.69
1788034453.77,mlx4,42074,15.606,11.67,54.28,1.69
1788034454.18,mlx4,42074,15.606,11.48,54.41,1.69
1788034454.59,mlx4,42074,15.606,11.54,54.37,1.69
1788034455.01,mlx4,42074,15.606,12.13,54.01,1.69
1788034455.43,mlx4,42074,15.606,11.6,54.33,1.69
1788034455.84,mlx4,42074,15.606,11.61,54.33,1.69
1788034456.26,mlx4,42074,15.606,11.59,54.34,1.69
1788034456.67,mlx4,42074,15.606,11.49,54.41,1.69
1788034457.09,mlx4,42074,15.606,11.44,54.45,1.69
1788034457.5,mlx4,42074,15.606,11.46,54.43,1.69
1788034457.92,mlx4,42074,15.606,11.44,54.49,1.69
1788034458.33,mlx4,42074,15.606,11.5,54.39,1.69
1788034458.74,mlx4,42074,15.606,11.62,54.31,1.69
1788034459.15,mlx4,42074,15.606,11.44,54.43,1.69
1788034459.57,mlx4,42074,15.606,11.56,54.35,1.69
1788034459.98,mlx4,42074,15.606,11.43,54.48,1.69
1788034460.4,mlx4,42074,15.606,11.49,54.4,1.69
1788034460.82,mlx4,42074,15.606,11.55,54.36,1.69
1788034461.23,mlx4,42074,15.606,11.61,54.32,1.69
1788034461.65,mlx4,42074,15.606,11.47,54.41,1.69
1788034462.07,mlx4,42074,15.606,11.55,54.4,1.69
1788034462.48,mlx4,42074,15.606,11.91,54.12,1.69
1788034462.9,mlx4,42074,15.606,11.62,54.36,1.69
1788034463.31,mlx4,42074,15.606,11.46,54.43,1.69
1788034463.72,mlx4,42074,15.606,11.47,54.43,1.69
1788034464.13,mlx4,42074,15.606,11.48,54.41,1.69
1788034464.55,mlx4,42074,15.606,11.43,54.44,1.69
1788034464.96,mlx4,42074,15.606,11.44,54.47,1.69
1788034465.38,mlx4,42074,15.606,11.43,54.44,1.69
1788034465.78,mlx4,42074,15.606,11.56,54.35,1.69
1788034466.19,mlx4,42074,15.606,11.65,54.3,1.69
1788034466.61,mlx4,42074,15.606,11.44,54.43,1.69
1788034467.03,mlx4,42074,15.606,11.57,54.39,1.69
1788034467.44,mlx4,42074,15.606,11.44,54.44,1.69
1788034467.86,mlx4,42074,15.606,11.51,54.39,1.69
1788034468.27,mlx4,42074,15.606,11.58,54.35,1.69
1788034468.69,mlx4,42074,15.606,11.44,54.44,1.69
1788034469.11,mlx4,42074,15.606,11.52,54.48,1.69
1788034469.52,mlx4,42074,15.606,11.65,54.35,1.69
1788034469.93,mlx4,42074,15.606,11.68,54.37,1.69
1788034470.34,mlx4,42074,15.606,11.66,54.33,1.69
1788034470.75,mlx4,42074,15.606,11.66,54.33,1.69
1788034471.17,mlx4,42074,15.606,11.48,54.41,1.69
1788034471.58,mlx4,42074,15.606,11.49,54.41,1.69
1788034472.0,mlx4,42074,15.606,11.48,54.41,1.69
1788034472.42,mlx4,42074,15.606,11.63,54.31,1.69
1788034472.83,mlx4,42074,15.606,11.5,54.4,1.69
1788034473.25,mlx4,42074,15.606,11.58,54.34,1.69
1788034473.66,mlx4,42074,15.606,11.44,54.43,1.69
1788034474.07,mlx4,42074,15.606,11.58,54.34,1.69
1788034474.48,mlx4,42074,15.606,11.66,54.29,1.69
1788034474.89,mlx4,42074,15.606,11.46,54.47,1.69
1788034475.31,mlx4,42074,15.606,11.53,54.37,1.69
1788034475.72,mlx4,42074,15.606,11.4,54.47,1.69
1788034476.14,mlx4,42074,15.606,11.49,54.41,1.69
1788034476.56,mlx4,42074,15.606,11.62,54.31,1.69
1788034476.97,mlx4,42074,15.606,11.48,54.41,1.69
1788034477.38,mlx4,42074,15.606,12.03,54.03,1.69
1788034477.8,mlx4,42074,15.606,11.47,54.42,1.69
1788034478.22,mlx4,42074,15.606,11.45,54.44,1.69
1788034478.63,mlx4,42074,15.606,11.43,54.44,1.69
1788034479.05,mlx4,42074,15.606,11.49,54.41,1.69
1788034479.46,mlx4,42074,15.606,11.47,54.42,1.69
1788034479.88,mlx4,42074,15.606,11.44,54.44,1.69
1788034480.3,mlx4,42074,15.606,11.53,54.38,1.69
1788034480.71,mlx4,42074,15.606,11.46,54.43,1.69
1788034481.12,mlx4,42074,15.606,11.54,54.38,1.69
1788034481.54,mlx4,42074,15.606,11.61,54.33,1.69
1788034481.94,mlx4,42074,15.606,11.69,54.35,1.69
1788034482.36,mlx4,42074,15.606,11.28,54.44,1.69
1788034482.78,mlx4,42074,15.606,11.64,54.34,1.69
1788034483.19,mlx4,42074,15.606,11.57,54.36,1.69
1788034483.61,mlx4,42074,15.606,11.65,54.31,1.69
1788034484.02,mlx4,42074,15.606,11.46,54.44,1.69
1788034484.44,mlx4,42074,15.606,11.54,54.39,1.69
1788034484.86,mlx4,42074,15.606,11.73,54.24,1.69
1788034485.26,mlx4,42074,15.606,11.53,54.43,1.69
1788034485.67,mlx4,42074,15.606,11.47,54.42,1.69
1788034486.09,mlx4,42074,15.606,11.45,54.48,1.69
1788034486.5,mlx4,42074,15.606,11.45,54.48,1.69
1788034486.91,mlx4,42074,15.606,11.49,54.41,1.69
1788034487.32,mlx4,42074,15.606,11.47,54.43,1.69
1788034487.74,mlx4,42074,15.606,11.67,54.28,1.69
1788034488.15,mlx4,42074,15.606,11.48,54.46,1.69
1788034488.57,mlx4,42074,15.606,11.62,54.32,1.69
1788034488.98,mlx4,42074,15.606,11.44,54.48,1.69
1788034489.4,mlx4,42074,15.606,11.63,54.3,1.69
1788034489.81,mlx4,42074,15.606,11.46,54.43,1.69
1788034490.23,mlx4,42074,15.606,11.54,54.43,1.69
1788034490.64,mlx4,42074,15.606,11.62,54.33,1.69
1788034491.05,mlx4,42074,15.606,11.24,54.46,1.69
1788034491.46,mlx4,42074,15.606,11.58,54.34,1.69
1788034491.87,mlx4,42074,15.606,11.51,54.39,1.69
1788034492.29,mlx4,42074,15.606,11.59,54.37,1.69
1788034492.7,mlx4,42074,15.606,11.61,54.32,1.69
1788034493.12,mlx4,42074,15.606,11.59,54.34,1.69
1788034493.54,mlx4,42074,15.606,11.44,54.45,1.69
1788034493.96,mlx4,42074,15.606,11.46,54.47,1.69
1788034494.37,mlx4,42074,15.606,11.48,54.41,1.69
1788034494.78,mlx4,42074,15.606,11.49,54.41,1.69
1788034495.19,mlx4,42074,15.606,11.55,54.4,1.69
1788034495.61,mlx4,42074,15.606,11.7,54.3,1.69
1788034496.02,mlx4,42074,15.606,11.51,54.45,1.69
1788034496.43,mlx4,42074,15.606,11.6,54.38,1.69
1788034496.84,mlx4,42074,15.606,11.47,54.48,1.69
1788034497.25,mlx4,42074,15.606,11.63,54.39,1.69
1788034497.67,mlx4,42074,15.606,11.5,54.48,1.69
1788034498.08,mlx4,42074,15.606,11.59,54.42,1.69
1788034498.5,mlx4,42074,15.606,11.67,54.36,1.69
1788034498.92,mlx4,42074,15.606,11.54,54.37,1.69
1788034499.33,mlx4,42074,15.606,11.64,54.29,1.69
1788034499.75,mlx4,42074,15.606,11.51,54.39,1.69
1788034500.15,mlx4,42074,15.606,11.66,54.3,1.69
1788034500.57,mlx4,42074,15.606,11.48,54.43,1.69
1788034500.98,mlx4,42074,15.606,11.45,54.49,1.69
1788034501.4,mlx4,42074,15.606,11.46,54.44,1.69
1788034501.82,mlx4,42074,15.606,11.47,54.44,1.69
1788034502.23,mlx4,42074,15.606,11.48,54.43,1.69
1788034502.65,mlx4,42074,15.606,11.26,54.55,1.69
1788034503.06,mlx4,42074,15.606,11.59,54.37,1.69
1788034503.47,mlx4,42074,15.606,11.45,54.43,1.69
1788034503.88,mlx4,42074,15.606,11.55,54.36,1.69
1788034504.3,mlx4,42074,15.606,11.65,54.29,1.69
1788034504.72,mlx4,42074,15.606,11.52,54.38,1.69
1788034505.13,mlx4,42074,15.606,11.63,54.35,1.69
1788034505.54,mlx4,42074,15.606,11.55,54.36,1.69
1788034505.96,mlx4,42074,15.606,11.65,54.33,1.69
1788034506.37,mlx4,42074,15.606,11.46,54.42,1.69
1788034506.79,mlx4,42074,15.606,11.55,54.36,1.69
1788034507.2,mlx4,42074,15.606,11.44,54.44,1.69
1788034507.62,mlx4,42074,15.606,11.59,54.33,1.69
1788034508.04,mlx4,42074,15.606,11.46,54.46,1.69
1788034508.45,mlx4,42074,15.606,11.5,54.4,1.69
1788034508.86,mlx4,42074,15.606,11.48,54.41,1.69
1788034509.28,mlx4,42074,15.606,11.48,54.41,1.69
1788034509.69,mlx4,42074,15.606,11.48,54.41,1.69
1788034510.1,mlx4,42074,15.606,11.48,54.45,1.69
1788034510.52,mlx4,42074,15.606,11.43,54.44,1.69
1788034510.93,mlx4,42074,15.606,11.64,54.3,1.69
1788034511.35,mlx4,42074,15.606,11.5,54.39,1.69
1788034511.76,mlx4,42074,15.606,11.61,54.32,1.69
1788034512.18,mlx4,42074,15.606,11.71,54.28,1.69
1788034512.59,mlx4,42074,15.606,11.59,54.39,1.69
1788034513.01,mlx4,42074,15.606,11.46,54.52,1.69
1788034513.42,mlx4,42074,15.606,11.63,54.41,1.69
1788034513.83,mlx4,42074,15.606,11.43,54.46,1.69
1788034514.25,mlx4,42074,15.606,11.54,54.37,1.69
1788034514.66,mlx4,42074,15.606,11.71,54.26,1.69
1788034515.08,mlx4,42074,15.606,11.52,54.44,1.69
1788034515.5,mlx4,42074,15.606,11.45,54.45,1.69
1788034515.9,mlx4,42074,15.606,11.44,54.45,1.69
1788034516.31,mlx4,42074,15.606,11.45,54.43,1.69
1788034516.72,mlx4,42074,15.608,11.45,54.43,1.69
1788034517.14,mlx4,42074,15.61,11.44,54.48,1.68
1788034517.55,mlx4,42074,15.61,11.42,54.44,1.68
1788034517.97,mlx4,42074,15.61,11.41,54.45,1.68
1788034518.38,mlx4,42074,15.61,11.59,54.33,1.68
1788034518.79,mlx4,42074,15.61,11.46,54.42,1.68
1788034519.21,mlx4,42074,15.61,11.57,54.34,1.68
1788034519.63,mlx4,42074,15.61,11.68,54.27,1.68
1788034520.04,mlx4,42074,15.61,11.53,54.37,1.68
1788034520.45,mlx4,42074,15.61,11.43,54.44,1.68
1788034520.86,mlx4,42074,15.61,11.6,54.32,1.68
1788034521.27,mlx4,42074,15.61,11.71,54.25,1.68
1788034521.69,mlx4,42074,15.61,11.51,54.38,1.68
1788034522.1,mlx4,42074,15.61,11.67,54.27,1.68
1788034522.52,mlx4,42074,15.61,11.54,54.36,1.68
1788034522.94,mlx4,42074,15.61,11.4,54.46,1.68
1788034523.34,mlx4,42074,15.61,11.49,54.38,1.68
1788034523.76,mlx4,42074,15.61,11.36,54.47,1.68
1788034524.18,mlx4,42074,15.61,11.51,54.36,1.68
1788034524.6,mlx4,42074,15.61,11.39,54.44,1.68
1788034525.01,mlx4,42074,15.61,11.43,54.46,1.68
1788034525.43,mlx4,42074,15.61,11.43,54.42,1.68
1788034525.84,mlx4,42074,15.61,11.41,54.43,1.68
1788034526.26,mlx4,42074,15.61,11.39,54.45,1.68
1788034526.67,mlx4,42074,15.61,11.51,54.37,1.68
1788034527.09,mlx4,42074,15.61,11.68,54.24,1.68
1788034527.5,mlx4,42074,15.61,11.5,54.37,1.68
1788034527.92,mlx4,42074,15.61,11.42,54.42,1.68
1788034528.33,mlx4,42074,15.61,11.54,54.34,1.68
1788034528.74,mlx4,42074,15.61,11.66,54.26,1.68
1788034529.16,mlx4,42074,15.61,11.53,54.35,1.68
1788034529.57,mlx4,42074,15.61,11.4,54.44,1.68
1788034529.98,mlx4,42074,15.61,11.58,54.32,1.68
1788034530.39,mlx4,42074,15.61,11.4,54.45,1.68
1788034530.81,mlx4,42074,15.61,11.48,54.4,1.68
1788034531.22,mlx4,42074,15.61,11.67,54.24,1.68
1788034531.64,mlx4,42074,15.61,11.58,54.32,1.68
1788034532.06,mlx4,42074,15.61,11.41,54.48,1.68
1788034532.46,mlx4,42074,15.61,11.44,54.42,1.68
1788034532.87,mlx4,42074,15.61,11.43,54.42,1.68
1788034533.29,mlx4,42074,15.61,11.4,54.44,1.68
1788034533.7,mlx4,42074,15.61,11.42,54.43,1.68
1788034534.11,mlx4,42074,15.61,11.42,54.43,1.68
1788034534.53,mlx4,42074,15.61,11.4,54.44,1.68
1788034534.94,mlx4,42074,15.61,11.59,54.31,1.68
1788034535.35,mlx4,42074,15.61,11.4,54.44,1.68
1788034535.77,mlx4,42074,15.61,11.58,54.32,1.68
1788034536.18,mlx4,42074,15.61,11.4,54.44,1.68
1788034536.59,mlx4,42074,15.61,11.64,54.27,1.68
1788034537.0,mlx4,42074,15.61,11.44,54.41,1.68
1788034537.42,mlx4,42074,15.61,11.57,54.32,1.68
1788034537.83,mlx4,42074,15.61,11.36,54.47,1.68
1788034538.25,mlx4,42074,15.61,11.64,54.28,1.68
1788034538.66,mlx4,42074,15.61,11.47,54.39,1.68
1788034539.08,mlx4,42074,15.61,11.6,54.35,1.68
1788034539.49,mlx4,42074,15.61,11.39,54.45,1.68
1788034539.9,mlx4,42074,15.61,11.41,54.43,1.68
1788034540.31,mlx4,42074,15.61,11.43,54.42,1.68
1788034540.73,mlx4,42074,15.61,11.42,54.44,1.68
1788034541.15,mlx4,42074,15.61,11.42,54.48,1.68
1788034541.56,mlx4,42074,15.61,11.43,54.43,1.68
1788034541.98,mlx4,42074,15.61,11.45,54.42,1.68
1788034542.4,mlx4,42074,15.61,11.63,54.34,1.68
1788034542.81,mlx4,42074,15.61,11.45,54.47,1.68
1788034543.22,mlx4,42074,15.61,11.7,54.3,1.68
1788034543.64,mlx4,42074,15.61,11.5,54.43,1.68
1788034544.05,mlx4,42074,15.61,11.63,54.39,1.68
1788034544.47,mlx4,42074,15.61,11.51,54.41,1.68
1788034544.89,mlx4,42074,15.61,11.7,54.28,1.68
1788034545.3,mlx4,42074,15.61,11.56,54.35,1.68
1788034545.71,mlx4,42074,15.61,11.46,54.42,1.68
1788034546.13,mlx4,42074,15.61,11.41,54.49,1.68
1788034546.55,mlx4,42074,15.61,11.71,54.24,1.68
1788034546.96,mlx4,42074,15.61,11.59,54.32,1.68
1788034547.37,mlx4,42074,15.61,11.4,54.44,1.68
1788034547.79,mlx4,42074,15.61,11.54,54.35,1.68
1788034548.21,mlx4,42074,15.61,11.4,54.48,1.68
1788034548.62,mlx4,42074,15.61,11.35,54.47,1.68
1788034549.03,mlx4,42074,15.61,11.44,54.45,1.68
1788034549.45,mlx4,42074,15.61,11.44,54.41,1.68
1788034549.86,mlx4,42074,15.61,11.44,54.41,1.68
1788034550.28,mlx4,42074,15.61,11.53,54.35,1.68
1788034550.69,mlx4,42074,15.61,11.67,54.26,1.68
1788034551.11,mlx4,42074,15.61,11.55,54.38,1.68
1788034551.52,mlx4,42074,15.61,11.47,54.39,1.68
1788034551.94,mlx4,42074,15.61,11.61,54.3,1.68
1788034552.35,mlx4,42074,15.61,11.41,54.45,1.68
1788034552.76,mlx4,42074,15.61,11.61,54.3,1.68
1788034553.17,mlx4,42074,15.61,11.48,54.44,1.68
1788034553.58,mlx4,42074,15.61,11.43,54.41,1.68
1788034553.98,mlx4,42074,15.61,11.44,54.41,1.68
1788034554.4,mlx4,42074,15.61,11.41,54.43,1.68
1788034554.82,mlx4,42074,15.61,11.58,54.32,1.68
1788034555.23,mlx4,42074,15.61,11.39,54.48,1.68
1788034555.65,mlx4,42074,15.61,11.54,54.35,1.68
1788034556.06,mlx4,42074,15.61,10.97,54.77,1.68
1788034556.47,mlx4,42074,15.61,11.3,54.51,1.68
1788034556.89,mlx4,42074,15.61,11.17,54.6,1.68
1788034557.31,mlx4,42074,15.61,11.39,54.45,1.68
1788034557.72,mlx4,42074,15.61,11.42,54.43,1.68
1788034558.14,mlx4,42074,15.61,11.41,54.47,1.68
1788034558.55,mlx4,42074,15.61,11.64,54.27,1.68
1788034558.97,mlx4,42074,15.61,11.18,54.58,1.68
1788034559.39,mlx4,42074,15.61,11.72,54.22,1.68
1788034559.8,mlx4,42074,15.61,11.58,54.31,1.68
1788034560.22,mlx4,42074,15.61,11.39,54.54,1.68
1788034560.63,mlx4,42074,15.61,11.59,54.37,1.68
1788034561.04,mlx4,42074,15.61,11.47,54.45,1.68
1788034561.46,mlx4,42074,15.61,11.42,54.44,1.68
1788034561.87,mlx4,42074,15.61,11.43,54.44,1.68
1788034562.28,mlx4,42074,15.61,11.4,54.5,1.68
1788034562.7,mlx4,42074,15.61,11.57,54.32,1.68
1788034563.1,mlx4,42074,15.61,11.39,54.44,1.68
1788034563.52,mlx4,42074,15.61,11.54,54.35,1.68
1788034563.94,mlx4,42074,15.61,10.96,54.74,1.68
1788034564.34,mlx4,42074,15.61,11.3,54.51,1.68
1788034564.75,mlx4,42074,15.61,11.16,54.6,1.68
1788034565.16,mlx4,42074,15.61,10.96,54.74,1.68
1788034565.58,mlx4,42074,15.61,10.28,55.2,1.68
1788034565.99,mlx4,42074,15.61,11.39,54.44,1.68
1788034566.41,mlx4,42074,15.61,11.43,54.46,1.68
1788034566.82,mlx4,42074,15.61,11.43,54.46,1.68
1788034567.24,mlx4,42074,15.61,11.42,54.51,1.68
1788034567.65,mlx4,42074,15.61,11.56,54.33,1.68
1788034568.06,mlx4,42074,15.61,11.44,54.46,1.68
1788034568.47,mlx4,42074,15.61,11.59,54.31,1.68
1788034568.89,mlx4,42074,15.61,11.51,54.36,1.68
1788034569.3,mlx4,42074,15.61,11.4,54.44,1.68
1788034569.71,mlx4,42074,15.61,11.48,54.39,1.68
1788034570.13,mlx4,42074,15.61,11.7,54.23,1.68
1788034570.54,mlx4,42074,15.61,11.56,54.32,1.68
1788034570.96,mlx4,42074,15.61,11.72,54.21,1.68
1788034571.38,mlx4,42074,15.61,11.53,54.35,1.68
1788034571.8,mlx4,42074,15.61,11.41,54.44,1.68
1788034572.21,mlx4,42074,15.61,11.36,54.47,1.68
1788034572.62,mlx4,42074,15.61,11.17,54.6,1.68
1788034573.04,mlx4,42074,15.61,10.97,54.74,1.68
1788034573.46,mlx4,42074,15.61,10.85,54.82,1.68
1788034573.88,mlx4,42074,15.61,10.78,54.87,1.68
1788034574.29,mlx4,42074,15.61,11.07,54.67,1.68
1788034574.7,mlx4,42074,15.61,11.44,54.42,1.68
1788034575.11,mlx4,42074,15.61,11.4,54.48,1.68
1788034575.53,mlx4,42074,15.61,11.55,54.34,1.68
1788034575.94,mlx4,42074,15.61,11.43,54.42,1.68
1788034576.35,mlx4,42074,15.61,11.71,54.23,1.68
1788034576.77,mlx4,42074,15.61,11.51,54.37,1.68
1788034577.19,mlx4,42074,15.61,11.41,54.44,1.68
1788034577.6,mlx4,42074,15.61,11.55,54.34,1.68
1788034578.02,mlx4,42074,15.61,11.66,54.26,1.68
1788034578.44,mlx4,42074,15.61,11.57,54.33,1.68
1788034578.85,mlx4,42074,15.61,11.74,54.21,1.68
1788034579.27,mlx4,42074,15.61,11.36,54.45,1.68
1788034579.69,mlx4,42074,15.61,11.44,54.42,1.68
1788034580.1,mlx4,42074,15.61,11.36,54.51,1.68
1788034580.51,mlx4,42074,15.61,11.17,54.6,1.68
1788034580.93,mlx4,42074,15.61,11.05,54.68,1.68
1788034581.34,mlx4,42074,15.61,10.97,54.74,1.68
1788034581.75,mlx4,42074,15.61,10.77,54.87,1.68
1788034582.17,mlx4,42074,15.61,10.16,55.33,1.68
1788034582.59,mlx4,42074,15.61,10.48,55.08,1.68
1788034583.0,mlx4,42074,15.611,11.43,54.43,1.68
1788034583.41,mlx4,42074,15.611,11.63,54.28,1.68
1788034583.83,mlx4,42074,15.611,11.46,54.4,1.68
1788034584.25,mlx4,42074,15.611,11.69,54.24,1.68
1788034584.66,mlx4,42074,15.611,11.55,54.34,1.68
1788034585.07,mlx4,42074,15.611,11.42,54.43,1.68
1788034585.49,mlx4,42074,15.611,11.31,54.5,1.68
1788034585.9,mlx4,42074,15.611,11.47,54.4,1.68
1788034586.31,mlx4,42074,15.611,11.42,54.43,1.68
1788034586.72,mlx4,42074,15.611,11.4,54.45,1.68
1788034587.13,mlx4,42074,15.611,11.54,54.39,1.68
1788034587.54,mlx4,42074,15.609,17.95,49.63,1.68
1788034587.97,mlx4,42074,15.609,22.49,46.36,1.68
1788034588.39,mlx4,42074,15.609,22.49,46.81,1.68
1788034588.81,mlx4,42074,15.609,22.52,46.73,1.68
1788034589.24,mlx4,42074,15.609,22.52,46.78,1.68
1788034589.67,mlx4,42074,15.609,22.56,3.34,1.68
1788034590.09,mlx4,42074,15.609,22.58,3.34,1.68
1788034590.51,mlx4,42074,15.609,22.62,3.39,1.68
1788034590.93,mlx4,42074,15.609,22.63,3.39,1.68
1788034591.36,mlx4,42074,15.609,22.67,3.38,1.68
1788034591.78,mlx4,42074,15.618,22.65,14.82,1.68
1788034592.2,mlx4,42074,15.618,18.6,49.59,1.68
1788034592.61,mlx4,42074,15.618,18.26,49.74,1.68
1788034593.02,mlx4,42074,15.618,17.91,49.98,1.68
1788034593.44,mlx4,42074,15.618,17.55,50.22,1.68
1788034593.86,mlx4,42074,15.618,17.21,50.46,1.68
1788034594.27,mlx4,42074,15.618,16.85,50.7,1.68
1788034594.69,mlx4,42074,15.618,16.51,50.94,1.68
1788034595.1,mlx4,42074,15.618,16.15,51.18,1.68
1788034595.52,mlx4,42074,15.618,15.81,51.42,1.68
1788034595.94,mlx4,42074,15.618,15.95,51.32,1.68
1788034596.35,mlx4,42074,15.618,15.82,51.42,1.68
1788034596.76,mlx4,42074,15.618,15.77,51.45,1.68
1788034597.17,mlx4,42074,15.618,15.74,51.51,1.68
1788034597.59,mlx4,42074,15.618,15.76,51.46,1.68
1788034598.01,mlx4,42074,15.618,15.7,51.49,1.68
1788034598.42,mlx4,42074,15.618,15.74,51.47,1.68
1788034598.83,mlx4,42074,15.618,15.75,51.46,1.68
1788034599.25,mlx4,42074,15.618,15.73,51.52,1.68
1788034599.66,mlx4,42074,15.618,15.74,51.47,1.68
1788034600.08,mlx4,42074,15.618,15.74,51.47,1.68
1788034600.5,mlx4,42074,15.618,15.72,51.48,1.68
1788034600.91,mlx4,42074,15.618,15.71,51.49,1.68
1788034601.32,mlx4,42074,15.618,15.74,51.47,1.68
1788034601.73,mlx4,42074,15.618,15.73,51.48,1.68
1788034602.14,mlx4,42074,15.618,15.75,51.5,1.68
1788034602.56,mlx4,42074,15.618,15.74,51.47,1.68
1788034602.98,mlx4,42074,15.618,15.73,51.48,1.68
1788034603.38,mlx4,42074,15.618,15.73,51.48,1.68
1788034603.79,mlx4,42074,15.618,15.7,51.51,1.68
1788034604.21,mlx4,42074,15.618,15.73,51.53,1.68
1788034604.62,mlx4,42074,15.618,15.74,51.48,1.68
1788034605.04,mlx4,42074,15.618,15.7,51.5,1.68
1788034605.46,mlx4,42074,15.618,15.71,51.48,1.68
1788034605.87,mlx4,42074,15.618,15.74,51.46,1.68
1788034606.29,mlx4,42074,15.618,15.69,51.53,1.68
1788034606.7,mlx4,42074,15.618,15.71,51.48,1.68
1788034607.12,mlx4,42074,15.618,15.74,51.46,1.68
1788034607.54,mlx4,42074,15.618,15.69,51.49,1.68
1788034607.95,mlx4,42074,15.618,15.68,51.5,1.68
1788034608.37,mlx4,42074,15.618,15.69,51.48,1.68
1788034608.78,mlx4,42074,15.618,15.7,51.49,1.68
1788034609.2,mlx4,42074,15.618,15.7,51.53,1.68
1788034609.62,mlx4,42074,15.618,15.69,51.49,1.68
1788034610.03,mlx4,42074,15.618,15.69,51.49,1.68
1788034610.45,mlx4,42074,15.618,15.7,51.5,1.68
1788034610.87,mlx4,42074,15.618,15.7,51.5,1.68
1788034611.28,mlx4,42074,15.618,15.69,51.55,1.68
1788034611.7,mlx4,42074,15.618,15.68,51.51,1.68
1788034612.12,mlx4,42074,15.618,15.71,51.49,1.68
1788034612.53,mlx4,42074,15.618,15.42,51.68,1.68
1788034612.94,mlx4,42074,15.618,15.74,51.46,1.68
1788034613.35,mlx4,42074,15.618,15.71,51.52,1.68
1788034613.76,mlx4,42074,15.618,15.7,51.48,1.68
1788034614.18,mlx4,42074,15.618,15.67,51.52,1.68
1788034614.59,mlx4,42074,15.618,15.73,51.53,1.68
1788034615.0,mlx4,42074,15.618,15.71,51.53,1.68
1788034615.42,mlx4,42074,15.618,15.68,51.49,1.68
1788034615.83,mlx4,42074,15.618,15.7,51.48,1.68
1788034616.25,mlx4,42074,15.618,15.68,51.58,1.68
1788034616.66,mlx4,42074,15.618,15.62,51.58,1.68
1788034617.08,mlx4,42074,15.618,15.44,51.71,1.68
1788034617.49,mlx4,42074,15.618,15.71,51.48,1.68
1788034617.9,mlx4,42074,15.618,15.72,51.47,1.68
1788034618.31,mlx4,42074,15.618,15.69,51.53,1.68
1788034618.73,mlx4,42074,15.618,15.73,51.46,1.68
1788034619.14,mlx4,42074,15.618,15.69,51.49,1.68
1788034619.55,mlx4,42074,15.618,15.7,51.48,1.68
1788034619.96,mlx4,42074,15.618,15.69,51.49,1.68
1788034620.38,mlx4,42074,15.618,15.68,51.56,1.68
1788034620.79,mlx4,42074,15.618,15.68,51.51,1.68
1788034621.2,mlx4,42074,15.618,15.48,51.69,1.68
1788034621.62,mlx4,42074,15.618,15.29,51.78,1.68
1788034622.03,mlx4,42074,15.618,15.68,51.51,1.68
1788034622.45,mlx4,42074,15.618,15.71,51.48,1.68
1788034622.87,mlx4,42074,15.618,15.7,51.49,1.68
1788034623.28,mlx4,42074,15.618,15.72,51.47,1.68
1788034623.7,mlx4,42074,15.618,15.69,51.49,1.68
1788034624.11,mlx4,42074,15.618,15.69,51.49,1.68
1788034624.53,mlx4,42074,15.618,15.69,51.49,1.68
1788034624.94,mlx4,42074,15.618,15.69,51.49,1.68
1788034625.35,mlx4,42074,15.618,15.66,51.51,1.68
1788034625.76,mlx4,42074,15.618,15.44,51.64,1.68
1788034626.18,mlx4,42074,15.618,15.2,51.86,1.68
1788034626.6,mlx4,42074,15.618,15.71,51.48,1.68
1788034627.01,mlx4,42074,15.618,15.74,51.46,1.68
1788034627.43,mlx4,42074,15.618,15.69,51.49,1.68
1788034627.84,mlx4,42074,15.618,15.7,51.48,1.68
1788034628.26,mlx4,42074,15.618,15.73,51.47,1.68
1788034628.67,mlx4,42074,15.618,15.71,51.48,1.68
1788034629.09,mlx4,42074,15.618,15.69,51.49,1.68
1788034629.51,mlx4,42074,15.618,15.72,51.47,1.68
1788034629.92,mlx4,42074,15.618,15.61,51.46,1.68
1788034630.34,mlx4,42074,15.618,15.39,51.7,1.68
1788034630.76,mlx4,42074,15.618,15.08,51.91,1.68
1788034631.17,mlx4,42074,15.618,14.78,52.11,1.68
1788034631.59,mlx4,42074,15.618,15.69,51.49,1.68
1788034632.0,mlx4,42074,15.618,15.7,51.48,1.68
1788034632.42,mlx4,42074,15.618,15.69,51.5,1.68
1788034632.83,mlx4,42074,15.618,15.7,51.5,1.68
1788034633.25,mlx4,42074,15.618,15.72,51.52,1.68
1788034633.66,mlx4,42074,15.618,15.69,51.49,1.68
1788034634.08,mlx4,42074,15.618,15.7,51.48,1.68
1788034634.5,mlx4,42074,15.618,15.56,51.58,1.68
1788034634.91,mlx4,42074,15.618,15.39,51.7,1.68
1788034635.33,mlx4,42074,15.618,15.14,51.87,1.68
1788034635.74,mlx4,42074,15.618,14.84,52.08,1.68
1788034636.16,mlx4,42074,15.618,14.34,52.42,1.68
1788034636.58,mlx4,42074,15.618,15.73,51.46,1.68
1788034636.99,mlx4,42074,15.618,15.71,51.48,1.68
1788034637.41,mlx4,42074,15.618,15.69,51.48,1.68
1788034637.83,mlx4,42074,15.618,15.68,51.49,1.68
1788034638.24,mlx4,42074,15.618,15.72,51.51,1.68
1788034638.65,mlx4,42074,15.618,15.69,51.49,1.68
1788034639.06,mlx4,42074,15.618,15.67,51.5,1.68
1788034639.48,mlx4,42074,15.618,15.35,51.72,1.68
1788034639.89,mlx4,42074,15.618,15.14,51.87,1.68
1788034640.3,mlx4,42074,15.618,14.84,52.17,1.68
1788034640.72,mlx4,42074,15.618,14.64,52.27,1.68
1788034641.13,mlx4,42074,15.618,14.24,52.54,1.68
1788034641.54,mlx4,42074,15.618,15.69,51.49,1.68
1788034641.96,mlx4,42074,15.618,15.7,51.48,1.68
1788034642.37,mlx4,42074,15.618,15.68,51.5,1.68
1788034642.79,mlx4,42074,15.618,15.69,51.49,1.68
1788034643.21,mlx4,42074,15.618,15.68,51.5,1.68
1788034643.62,mlx4,42074,15.618,15.72,51.47,1.68
1788034644.04,mlx4,42074,15.618,15.43,51.67,1.68
1788034644.46,mlx4,42074,15.618,15.22,51.81,1.68
1788034644.87,mlx4,42074,15.618,15.07,51.91,1.68
1788034645.29,mlx4,42074,15.618,14.68,52.22,1.68
1788034645.7,mlx4,42074,15.618,14.49,52.31,1.68
1788034646.12,mlx4,42074,15.618,14.12,52.57,1.68
1788034646.53,mlx4,42074,15.618,15.72,51.47,1.68
1788034646.95,mlx4,42074,15.618,15.69,51.49,1.68
1788034647.37,mlx4,42074,15.618,15.73,51.47,1.68
1788034647.78,mlx4,42074,15.618,15.68,51.5,1.68
1788034648.2,mlx4,42074,15.618,15.7,51.49,1.68
1788034648.62,mlx4,42074,15.618,15.59,51.57,1.68
1788034649.02,mlx4,42074,15.618,15.34,51.73,1.68
1788034649.44,mlx4,42074,15.618,15.14,51.87,1.68
1788034649.86,mlx4,42074,15.618,14.78,52.12,1.68
1788034650.26,mlx4,42074,15.618,14.66,52.24,1.68
1788034650.68,mlx4,42074,15.618,14.36,52.4,1.68
1788034651.1,mlx4,42074,15.618,14.07,52.61,1.68
1788034651.51,mlx4,42074,15.618,15.71,51.48,1.68
1788034651.93,mlx4,42074,15.618,15.73,51.48,1.68
1788034652.34,mlx4,42074,15.618,15.75,51.5,1.68
1788034652.75,mlx4,42074,15.618,15.7,51.5,1.68
1788034653.17,mlx4,42074,15.618,15.72,51.46,1.68
1788034653.59,mlx4,42074,15.618,15.48,51.64,1.68
1788034654.0,mlx4,42074,15.618,15.3,51.77,1.68
1788034654.42,mlx4,42074,15.618,15.0,52.02,1.68
1788034654.84,mlx4,42074,15.618,14.78,52.13,1.68
1788034655.25,mlx4,42074,15.618,14.5,52.37,1.68
1788034655.67,mlx4,42074,15.618,14.25,52.48,1.68
1788034656.08,mlx4,42074,15.618,14.03,52.63,1.68
1788034656.5,mlx4,42074,15.618,13.64,52.9,1.68
1788034656.92,mlx4,42074,15.618,15.74,51.46,1.68
1788034657.33,mlx4,42074,15.618,15.71,51.51,1.68
1788034657.75,mlx4,42074,15.618,15.72,51.47,1.68
1788034658.16,mlx4,42074,15.618,15.67,51.51,1.68
1788034658.58,mlx4,42074,15.618,15.48,51.64,1.68
1788034659.0,mlx4,42074,15.618,15.2,51.83,1.68
1788034659.41,mlx4,42074,15.618,15.13,51.91,1.68
1788034659.83,mlx4,42074,15.618,14.76,52.13,1.68
1788034660.24,mlx4,42074,15.618,14.51,52.3,1.68
1788034660.66,mlx4,42074,15.618,14.25,52.48,1.68
1788034661.07,mlx4,42074,15.618,14.05,52.62,1.68
1788034661.49,mlx4,42074,15.618,13.78,52.8,1.68
1788034661.91,mlx4,42074,15.618,15.62,51.5,1.68
1788034662.32,mlx4,42074,15.618,15.7,51.58,1.68
1788034662.74,mlx4,42074,15.618,15.71,51.54,1.68
1788034663.15,mlx4,42074,15.618,15.73,51.52,1.68
1788034663.57,mlx4,42074,15.618,15.44,51.66,1.68
1788034663.99,mlx4,42074,15.618,15.12,51.88,1.68
1788034664.4,mlx4,42074,15.618,15.06,51.97,1.68
1788034664.82,mlx4,42074,15.618,14.76,52.13,1.68
1788034665.22,mlx4,42074,15.618,14.45,52.34,1.68
1788034665.64,mlx4,42074,15.618,14.2,52.52,1.68
1788034666.05,mlx4,42074,15.618,13.95,52.69,1.68
1788034666.47,mlx4,42074,15.618,13.78,52.84,1.68
1788034666.89,mlx4,42074,15.618,13.52,52.98,1.68
1788034667.3,mlx4,42074,15.618,15.69,51.53,1.68
1788034667.72,mlx4,42074,15.618,15.7,51.49,1.68
1788034668.13,mlx4,42074,15.618,15.72,51.48,1.68
1788034668.55,mlx4,42074,15.618,15.51,51.62,1.68
1788034668.97,mlx4,42074,15.618,15.22,51.82,1.68
1788034669.39,mlx4,42074,15.618,14.91,52.02,1.68
1788034669.8,mlx4,42074,15.618,14.81,52.08,1.68
1788034670.22,mlx4,42074,15.618,14.56,52.28,1.68
1788034670.63,mlx4,42074,15.618,14.31,52.39,1.68
1788034671.04,mlx4,42074,15.618,14.11,52.6,1.68
1788034671.46,mlx4,42074,15.618,13.83,52.79,1.68
1788034671.87,mlx4,42074,15.618,13.56,52.97,1.68
1788034672.29,mlx4,42074,15.618,13.39,53.13,1.68
1788034672.7,mlx4,42074,15.618,15.73,51.47,1.68
1788034673.11,mlx4,42074,15.618,15.68,51.5,1.68
1788034673.53,mlx4,42074,15.618,15.54,51.6,1.68
1788034673.94,mlx4,42074,15.618,15.34,51.73,1.68
1788034674.35,mlx4,42074,15.618,15.08,51.91,1.68
1788034674.77,mlx4,42074,15.618,14.9,52.04,1.68
1788034675.18,mlx4,42074,15.618,14.64,52.21,1.68
1788034675.59,mlx4,42074,15.618,14.32,52.43,1.68
1788034676.0,mlx4,42074,15.618,14.2,52.47,1.68
1788034676.41,mlx4,42074,15.618,13.98,52.67,1.68
1788034676.82,mlx4,42074,15.618,13.71,52.85,1.68
1788034677.24,mlx4,42074,15.618,13.53,52.98,1.68
1788034677.66,mlx4,42074,15.618,13.28,53.15,1.68
1788034678.07,mlx4,42074,15.618,12.99,53.35,1.68
1788034678.49,mlx4,42074,15.618,15.69,51.48,1.68
1788034678.91,mlx4,42074,15.618,15.48,51.64,1.68
1788034679.32,mlx4,42074,15.618,15.23,51.85,1.68
1788034679.73,mlx4,42074,15.618,14.89,52.04,1.68
1788034680.15,mlx4,42074,15.618,14.78,52.13,1.68
1788034680.56,mlx4,42074,15.618,14.56,52.28,1.68
1788034680.97,mlx4,42074,15.618,14.3,52.46,1.68
1788034681.38,mlx4,42074,15.618,14.05,52.63,1.68
1788034681.8,mlx4,42074,15.618,13.84,52.78,1.68
1788034682.21,mlx4,42074,15.618,13.62,52.93,1.68
1788034682.63,mlx4,42074,15.618,13.41,53.06,1.68
1788034683.04,mlx4,42074,15.618,13.19,53.21,1.68
1788034683.46,mlx4,42074,15.618,13.0,53.34,1.68
1788034683.88,mlx4,42074,15.618,15.56,51.58,1.68
1788034684.29,mlx4,42074,15.618,15.36,51.76,1.68
1788034684.71,mlx4,42074,15.618,15.14,51.86,1.68
1788034685.12,mlx4,42074,15.618,14.94,52.0,1.68
1788034685.53,mlx4,42074,15.618,14.68,52.18,1.68
1788034685.95,mlx4,42074,15.618,14.45,52.34,1.68
1788034686.36,mlx4,42074,15.618,14.3,52.48,1.68
1788034686.77,mlx4,42074,15.618,14.05,52.61,1.68
1788034687.19,mlx4,42074,15.618,13.7,52.85,1.68
1788034687.6,mlx4,42074,15.618,13.7,52.91,1.68
1788034688.01,mlx4,42074,15.618,13.39,53.13,1.68
1788034688.42,mlx4,42074,15.618,13.19,53.31,1.68
1788034688.84,mlx4,42074,15.618,13.0,53.39,1.68
1788034689.25,mlx4,42074,15.618,12.75,53.56,1.68
1788034689.66,mlx4,42074,15.618,15.34,51.73,1.68
1788034690.08,mlx4,42074,15.618,15.15,51.86,1.68
1788034690.49,mlx4,42074,15.618,14.89,52.04,1.68
1788034690.91,mlx4,42074,15.618,14.71,52.16,1.68
1788034691.33,mlx4,42074,15.618,14.5,52.34,1.68
1788034691.74,mlx4,42074,15.618,14.25,52.48,1.68
1788034692.16,mlx4,42074,15.618,13.99,52.66,1.68
1788034692.57,mlx4,42074,15.618,13.69,52.84,1.68
1788034692.98,mlx4,42074,15.618,13.59,52.94,1.68
1788034693.4,mlx4,42074,15.618,13.39,53.11,1.68
1788034693.81,mlx4,42074,15.618,13.19,53.21,1.68
1788034694.23,mlx4,42074,15.618,13.0,53.34,1.68
1788034694.65,mlx4,42074,15.618,12.75,53.51,1.68
1788034695.06,mlx4,42074,15.618,12.44,53.73,1.68
1788034695.48,mlx4,42074,15.618,15.15,51.9,1.68
1788034695.89,mlx4,42074,15.618,14.95,52.0,1.68
1788034696.31,mlx4,42074,15.618,14.63,52.26,1.68
1788034696.73,mlx4,42074,15.618,14.51,52.3,1.68
1788034697.14,mlx4,42074,15.618,14.3,52.44,1.68
1788034697.56,mlx4,42074,15.618,14.05,52.61,1.68
1788034697.98,mlx4,42074,15.618,13.66,52.89,1.68
1788034698.39,mlx4,42074,15.618,13.58,52.98,1.68
1788034698.8,mlx4,42074,15.618,13.44,53.03,1.68
1788034699.21,mlx4,42074,15.618,13.2,53.21,1.68
1788034699.63,mlx4,42074,15.618,13.01,53.34,1.68
1788034700.05,mlx4,42074,15.618,12.74,53.52,1.68
1788034700.46,mlx4,42074,15.618,12.62,53.65,1.68
1788034700.88,mlx4,42074,15.618,12.36,53.78,1.68
1788034701.3,mlx4,42074,15.618,14.96,52.0,1.68
1788034701.71,mlx4,42074,15.618,14.77,52.13,1.68
1788034702.12,mlx4,42074,15.618,14.57,52.27,1.68
1788034702.53,mlx4,42074,15.618,14.37,52.44,1.68
1788034702.95,mlx4,42074,15.618,14.11,52.58,1.68
1788034703.36,mlx4,42074,15.618,13.83,52.78,1.68
1788034703.78,mlx4,42074,15.618,13.73,52.84,1.68
1788034704.18,mlx4,42074,15.618,13.49,53.01,1.68
1788034704.6,mlx4,42074,15.618,13.28,53.15,1.68
1788034705.02,mlx4,42074,15.618,13.0,53.34,1.68
1788034705.43,mlx4,42074,15.618,12.59,53.66,1.68
1788034705.85,mlx4,42074,15.618,12.69,53.55,1.68
1788034706.26,mlx4,42074,15.618,12.42,53.74,1.68
1788034706.68,mlx4,42074,15.618,12.22,53.88,1.68
1788034707.1,mlx4,42074,15.618,14.84,52.08,1.68
1788034707.51,mlx4,42074,15.618,14.61,52.28,1.68
1788034707.93,mlx4,42074,15.618,14.25,52.48,1.68
1788034708.34,mlx4,42074,15.618,14.14,52.6,1.68
1788034708.76,mlx4,42074,15.618,14.01,52.64,1.68
1788034709.17,mlx4,42074,15.618,13.78,52.8,1.68
1788034709.59,mlx4,42074,15.618,13.58,52.94,1.68
1788034710.0,mlx4,42074,15.618,13.39,53.07,1.68
1788034710.41,mlx4,42074,15.618,13.19,53.3,1.68
1788034710.82,mlx4,42074,15.618,12.93,53.44,1.68
1788034711.23,mlx4,42074,15.618,12.8,53.53,1.68
1788034711.65,mlx4,42074,15.618,12.55,53.69,1.68
1788034712.07,mlx4,42074,15.618,12.35,53.83,1.68
1788034712.49,mlx4,42074,15.618,11.99,54.11,1.68
1788034712.9,mlx4,42074,15.618,11.88,54.03,1.68
1788034713.32,mlx4,42074,15.618,14.56,52.31,1.68
1788034713.73,mlx4,42074,15.618,14.37,52.4,1.68
1788034714.15,mlx4,42074,15.618,14.11,52.58,1.68
1788034714.56,mlx4,42074,15.618,13.97,52.67,1.68
1788034714.98,mlx4,42074,15.618,13.67,52.88,1.68
1788034715.39,mlx4,42074,15.618,13.53,52.98,1.68
1788034715.81,mlx4,42074,15.618,13.33,53.12,1.68
1788034716.22,mlx4,42074,15.618,13.02,53.32,1.68
1788034716.63,mlx4,42074,15.618,12.88,53.42,1.68
1788034717.05,mlx4,42074,15.618,12.65,53.58,1.68
1788034717.46,mlx4,42074,15.618,12.28,53.83,1.68
1788034717.87,mlx4,42074,15.618,12.09,53.97,1.68
1788034718.29,mlx4,42074,15.618,12.01,54.02,1.68
1788034718.71,mlx4,42074,15.618,11.83,54.15,1.68
1788034719.12,mlx4,42074,15.618,11.67,54.26,1.68
1788034719.54,mlx4,42074,15.618,14.31,52.44,1.68
1788034719.96,mlx4,42074,15.618,14.11,52.58,1.68
1788034720.37,mlx4,42074,15.618,13.81,52.83,1.68
1788034720.79,mlx4,42074,15.618,13.67,52.88,1.68
1788034721.2,mlx4,42074,15.618,13.48,53.02,1.68
1788034721.61,mlx4,42074,15.618,13.24,53.11,1.68
1788034722.03,mlx4,42074,15.618,12.9,53.41,1.68
1788034722.44,mlx4,42074,15.618,12.66,53.61,1.68
1788034722.86,mlx4,42074,15.618,12.47,53.71,1.68
1788034723.27,mlx4,42074,15.618,12.39,53.76,1.68
1788034723.69,mlx4,42074,15.618,12.19,53.9,1.68
1788034724.1,mlx4,42074,15.618,12.03,54.01,1.68
1788034724.52,mlx4,42074,15.618,11.83,54.15,1.68
1788034724.94,mlx4,42074,15.618,11.63,54.28,1.68
1788034725.35,mlx4,42074,15.618,13.95,52.68,1.68
1788034725.76,mlx4,42074,15.618,13.98,52.65,1.68
1788034726.17,mlx4,42074,15.618,13.71,52.84,1.68
1788034726.58,mlx4,42074,15.618,13.65,52.88,1.68
1788034727.0,mlx4,42074,15.618,13.45,53.02,1.68
1788034727.42,mlx4,42074,15.618,13.22,53.22,1.68
1788034727.83,mlx4,42074,15.618,12.93,53.38,1.68
1788034728.25,mlx4,42074,15.618,12.63,53.58,1.68
1788034728.67,mlx4,42074,15.618,12.44,53.72,1.68
1788034729.08,mlx4,42074,15.618,12.25,53.85,1.68
1788034729.49,mlx4,42074,15.618,12.17,53.95,1.68
1788034729.91,mlx4,42074,15.618,11.96,54.04,1.68
1788034730.32,mlx4,42074,15.618,11.8,54.16,1.68
1788034730.74,mlx4,42074,15.618,11.6,54.3,1.68
1788034731.16,mlx4,42074,15.618,11.41,54.43,1.68
1788034731.57,mlx4,42074,15.618,11.24,54.55,1.68
1788034731.98,mlx4,42074,15.618,13.9,52.72,1.68
1788034732.39,mlx4,42074,15.618,13.7,52.9,1.68
1788034732.81,mlx4,42074,15.618,13.49,53.02,1.68
1788034733.22,mlx4,42074,15.618,13.26,53.18,1.68
1788034733.64,mlx4,42074,15.618,12.99,53.32,1.68
1788034734.06,mlx4,42074,15.618,12.79,53.3,1.68
1788034734.48,mlx4,42074,15.618,12.66,53.56,1.68
1788034734.89,mlx4,42074,15.618,12.46,53.69,1.68
1788034735.3,mlx4,42074,15.618,12.26,53.82,1.68
1788034735.72,mlx4,42074,15.618,12.03,53.98,1.68
1788034736.13,mlx4,42074,15.618,11.84,54.12,1.68
1788034736.55,mlx4,42074,15.618,11.57,54.34,1.68
1788034736.96,mlx4,42074,15.618,11.23,54.57,1.68
1788034737.38,mlx4,42074,15.618,11.04,54.71,1.68
1788034737.78,mlx4,42074,15.618,10.87,54.78,1.68
1788034738.2,mlx4,42074,15.618,13.79,52.61,1.68
1788034738.62,mlx4,42074,15.618,13.55,52.94,1.68
1788034739.03,mlx4,42074,15.618,13.36,53.07,1.68
1788034739.45,mlx4,42074,15.618,13.16,53.21,1.68
1788034739.86,mlx4,42074,15.618,12.96,53.34,1.68
1788034740.28,mlx4,42074,15.618,12.7,53.54,1.68
1788034740.69,mlx4,42074,15.618,12.51,53.67,1.68
1788034741.1,mlx4,42074,15.618,12.31,53.79,1.68
1788034741.51,mlx4,42074,15.618,12.18,53.94,1.68
1788034741.93,mlx4,42074,15.618,11.92,54.07,1.68
1788034742.34,mlx4,42074,15.618,11.72,54.21,1.68
1788034742.76,mlx4,42074,15.618,11.53,54.33,1.68
1788034743.17,mlx4,42074,15.618,11.33,54.46,1.68
1788034743.58,mlx4,42074,15.618,11.13,54.64,1.68
1788034743.99,mlx4,42074,15.618,10.94,54.73,1.68
1788034744.41,mlx4,42074,15.618,13.35,53.11,1.68
1788034744.83,mlx4,42074,15.618,13.16,53.21,1.68
1788034745.23,mlx4,42074,15.618,12.96,53.34,1.68
1788034745.65,mlx4,42074,15.618,12.77,53.47,1.68
1788034746.07,mlx4,42074,15.618,12.57,53.61,1.68
1788034746.48,mlx4,42074,15.618,12.38,53.78,1.68
1788034746.9,mlx4,42074,15.618,12.18,53.88,1.68
1788034747.32,mlx4,42074,15.618,11.98,54.01,1.68
1788034747.73,mlx4,42074,15.618,11.95,54.04,1.68
1788034748.14,mlx4,42074,15.618,11.81,54.1,1.68
1788034748.55,mlx4,42074,15.618,11.64,54.29,1.68
1788034748.97,mlx4,42074,15.618,11.45,54.39,1.68
1788034749.38,mlx4,42074,15.618,11.26,54.52,1.68
1788034749.79,mlx4,42074,15.618,11.1,54.63,1.68
1788034750.2,mlx4,42074,15.618,10.9,54.76,1.68
1788034750.61,mlx4,42074,15.618,10.71,54.94,1.68
1788034751.02,mlx4,42074,15.618,13.36,53.07,1.68
1788034751.44,mlx4,42074,15.618,13.16,53.25,1.68
1788034751.86,mlx4,42074,15.618,12.96,53.34,1.68
1788034752.27,mlx4,42074,15.618,12.78,53.47,1.68
1788034752.69,mlx4,42074,15.618,12.58,53.61,1.68
1788034753.11,mlx4,42074,15.618,12.39,53.74,1.68
1788034753.52,mlx4,42074,15.618,12.2,53.88,1.68
1788034753.94,mlx4,42074,15.618,12.0,54.01,1.68
1788034754.35,mlx4,42074,15.618,11.81,54.15,1.68
1788034754.77,mlx4,42074,15.618,11.61,54.28,1.68
1788034755.19,mlx4,42074,15.618,11.41,54.41,1.68
1788034755.6,mlx4,42074,15.618,11.11,54.61,1.68
1788034756.02,mlx4,42074,15.618,10.93,54.74,1.68
1788034756.43,mlx4,42074,15.618,10.73,54.92,1.68
1788034756.85,mlx4,42074,15.618,10.55,55.01,1.68
1788034757.27,mlx4,42074,15.618,10.26,55.21,1.68
1788034757.67,mlx4,42074,15.618,13.17,53.21,1.68
1788034758.08,mlx4,42074,15.618,12.98,53.34,1.68
1788034758.5,mlx4,42074,15.618,12.78,53.47,1.68
1788034758.91,mlx4,42074,15.618,12.58,53.61,1.68
1788034759.33,mlx4,42074,15.618,12.39,53.74,1.68
1788034759.75,mlx4,42074,15.618,12.19,53.93,1.68
1788034760.16,mlx4,42074,15.618,11.99,54.07,1.68
1788034760.57,mlx4,42074,15.618,11.79,54.19,1.67
1788034760.99,mlx4,42074,15.618,11.6,54.33,1.67
1788034761.4,mlx4,42074,15.618,11.4,54.46,1.67
1788034761.81,mlx4,42074,15.618,11.21,54.55,1.67
1788034762.23,mlx4,42074,15.618,11.01,54.72,1.67
1788034762.64,mlx4,42074,15.618,10.71,54.89,1.67
1788034763.05,mlx4,42074,15.618,10.44,54.91,1.67
1788034763.46,mlx4,42074,15.618,10.21,55.24,1.67
1788034763.87,mlx4,42074,15.618,10.05,55.35,1.67
1788034764.28,mlx4,42074,15.618,12.97,53.34,1.67
1788034764.7,mlx4,42074,15.618,12.77,53.48,1.67
1788034765.12,mlx4,42074,15.618,12.58,53.61,1.67
1788034765.53,mlx4,42074,15.618,12.39,53.78,1.67
1788034765.94,mlx4,42074,15.618,12.19,53.88,1.67
1788034766.35,mlx4,42074,15.618,11.99,54.01,1.67
1788034766.77,mlx4,42074,15.618,11.8,54.15,1.67
1788034767.19,mlx4,42074,15.618,11.49,54.36,1.67
1788034767.6,mlx4,42074,15.618,11.29,54.49,1.67
1788034768.02,mlx4,42074,15.618,10.98,54.71,1.67
1788034768.43,mlx4,42074,15.618,10.78,54.84,1.67
1788034768.85,mlx4,42074,15.618,10.76,54.86,1.67
1788034769.26,mlx4,42074,15.618,10.66,54.9,1.67
1788034769.67,mlx4,42074,15.618,10.51,55.03,1.67
1788034770.09,mlx4,42074,15.618,10.26,55.2,1.67
1788034770.5,mlx4,42074,15.618,10.18,55.3,1.67
1788034770.9,mlx4,42074,15.618,12.78,53.48,1.67
1788034771.32,mlx4,42074,15.618,12.58,53.61,1.67
1788034771.74,mlx4,42074,15.618,12.26,53.83,1.67
1788034772.15,mlx4,42074,15.618,11.95,54.05,1.67
1788034772.56,mlx4,42074,15.618,11.75,54.22,1.67
1788034772.98,mlx4,42074,15.618,11.85,54.12,1.67
1788034773.39,mlx4,42074,15.618,11.68,54.23,1.67
1788034773.81,mlx4,42074,15.618,11.43,54.4,1.67
1788034774.23,mlx4,42074,15.618,11.35,54.46,1.67
1788034774.64,mlx4,42074,15.618,11.16,54.59,1.67
1788034775.06,mlx4,42074,15.618,10.91,54.76,1.67
1788034775.48,mlx4,42074,15.618,10.83,54.86,1.67
1788034775.89,mlx4,42074,15.618,10.56,55.0,1.67
1788034776.3,mlx4,42074,15.618,10.43,55.09,1.67
1788034776.72,mlx4,42074,15.618,10.24,55.22,1.67
1788034777.13,mlx4,42074,15.618,10.04,55.35,1.67
1788034777.55,mlx4,42074,15.618,12.67,53.6,1.67
1788034777.96,mlx4,42074,15.618,12.5,53.6,1.67
1788034778.38,mlx4,42074,15.618,12.33,53.78,1.67
1788034778.8,mlx4,42074,15.618,12.08,53.95,1.67
1788034779.21,mlx4,42074,15.618,11.94,54.06,1.67
1788034779.62,mlx4,42074,15.618,11.81,54.19,1.67
1788034780.04,mlx4,42074,15.618,11.61,54.28,1.67
1788034780.45,mlx4,42074,15.618,11.41,54.41,1.67
1788034780.86,mlx4,42074,15.618,11.21,54.55,1.67
1788034781.26,mlx4,42074,15.618,11.02,54.68,1.67
1788034781.67,mlx4,42074,15.618,10.83,54.82,1.67
1788034782.09,mlx4,42074,15.618,10.46,55.07,1.67
1788034782.5,mlx4,42074,15.618,10.17,55.35,1.67
1788034782.92,mlx4,42074,15.618,9.98,55.48,1.67
1788034783.34,mlx4,42074,15.618,10.08,55.37,1.67
1788034783.75,mlx4,42074,15.618,9.92,55.48,1.67
1788034784.17,mlx4,42074,15.618,9.78,55.58,1.67
1788034784.58,mlx4,42074,15.618,12.38,53.83,1.67
1788034784.99,mlx4,42074,15.618,12.09,53.92,1.67
1788034785.41,mlx4,42074,15.618,11.62,54.31,1.67
1788034785.82,mlx4,42074,15.618,11.53,54.33,1.67
1788034786.24,mlx4,42074,15.618,11.68,54.23,1.67
1788034786.66,mlx4,42074,15.618,11.43,54.44,1.67
1788034787.07,mlx4,42074,15.618,11.35,54.45,1.67
1788034787.49,mlx4,42074,15.618,11.1,54.66,1.67
1788034787.91,mlx4,42074,15.618,11.01,54.69,1.67
1788034788.32,mlx4,42074,15.618,10.82,54.82,1.67
1788034788.74,mlx4,42074,15.618,10.62,54.95,1.67
1788034789.15,mlx4,42074,15.618,10.43,55.09,1.67
1788034789.57,mlx4,42074,15.618,10.23,55.26,1.67
1788034789.98,mlx4,42074,15.618,10.04,55.36,1.67
1788034790.39,mlx4,42074,15.618,9.83,55.51,1.67
1788034790.81,mlx4,42074,15.618,9.49,55.74,1.67
1788034791.22,mlx4,42074,15.618,9.21,55.94,1.67
1788034791.64,mlx4,42074,15.618,12.18,53.94,1.67
1788034792.05,mlx4,42074,15.618,11.99,54.03,1.67
1788034792.47,mlx4,42074,15.618,11.8,54.15,1.67
1788034792.89,mlx4,42074,15.618,11.6,54.28,1.67
1788034793.3,mlx4,42074,15.618,11.24,54.53,1.67
1788034793.71,mlx4,42074,15.618,10.93,54.78,1.67
1788034794.13,mlx4,42074,15.618,11.09,54.63,1.67
1788034794.54,mlx4,42074,15.618,10.91,54.79,1.67
1788034794.95,mlx4,42074,15.618,10.76,54.86,1.67
1788034795.37,mlx4,42074,15.618,10.62,54.95,1.67
1788034795.78,mlx4,42074,15.618,10.36,55.13,1.67
1788034796.19,mlx4,42074,15.618,10.23,55.22,1.67
1788034796.6,mlx4,42074,15.618,10.04,55.35,1.67
1788034797.02,mlx4,42074,15.618,9.84,55.49,1.67
1788034797.43,mlx4,42074,15.618,9.65,55.62,1.67
1788034797.85,mlx4,42074,15.618,9.29,55.87,1.67
1788034798.26,mlx4,42074,15.618,9.31,55.84,1.67
1788034798.68,mlx4,42074,15.618,11.99,54.01,1.67
1788034799.1,mlx4,42074,15.618,11.8,54.15,1.67
1788034799.51,mlx4,42074,15.618,11.6,54.32,1.67
1788034799.93,mlx4,42074,15.618,11.4,54.42,1.67
1788034800.35,mlx4,42074,15.618,10.91,54.77,1.67
1788034800.76,mlx4,42074,15.618,11.06,54.71,1.67
1788034801.18,mlx4,42074,15.618,10.84,54.8,1.67
1788034801.59,mlx4,42074,15.618,10.76,54.87,1.67
1788034802.01,mlx4,42074,15.618,10.61,54.97,1.67
1788034802.42,mlx4,42074,15.618,10.35,55.15,1.67
1788034802.84,mlx4,42074,15.618,10.22,55.22,1.67
1788034803.25,mlx4,42074,15.618,10.02,55.35,1.67
1788034803.67,mlx4,42074,15.618,9.83,55.49,1.67
1788034804.09,mlx4,42074,15.618,9.64,55.62,1.67
1788034804.5,mlx4,42074,15.618,9.27,55.88,1.67
1788034804.92,mlx4,42074,15.618,8.96,56.09,1.67
1788034805.33,mlx4,42074,15.618,9.08,55.97,1.67
1788034805.75,mlx4,42074,15.618,11.79,54.15,1.67
1788034806.17,mlx4,42074,15.618,11.59,54.28,1.67
1788034806.58,mlx4,42074,15.618,11.21,54.58,1.67
1788034806.99,mlx4,42074,15.618,10.89,54.76,1.67
1788034807.41,mlx4,42074,15.618,11.07,54.63,1.67
1788034807.83,mlx4,42074,15.618,10.9,54.78,1.67
1788034808.24,mlx4,42074,15.618,10.72,54.9,1.67
1788034808.66,mlx4,42074,15.618,10.57,55.0,1.67
1788034809.07,mlx4,42074,15.618,10.37,55.13,1.67
1788034809.49,mlx4,42074,15.618,10.17,55.27,1.67
1788034809.9,mlx4,42074,15.618,9.98,55.36,1.67
1788034810.32,mlx4,42074,15.618,9.6,55.62,1.67
1788034810.74,mlx4,42074,15.618,9.28,55.83,1.67
1788034811.15,mlx4,42074,15.618,9.43,55.7,1.67
1788034811.57,mlx4,42074,15.618,9.26,55.8,1.67
1788034811.99,mlx4,42074,15.618,9.12,55.92,1.67
1788034812.4,mlx4,42074,15.618,8.89,56.07,1.67
1788034812.82,mlx4,42074,15.618,11.19,54.5,1.67
1788034813.22,mlx4,42074,15.618,11.33,54.4,1.67
1788034813.64,mlx4,42074,15.618,11.25,54.45,1.67
1788034814.06,mlx4,42074,15.618,11.04,54.6,1.67
1788034814.47,mlx4,42074,15.618,10.91,54.68,1.67
1788034814.89,mlx4,42074,15.618,10.72,54.82,1.67
1788034815.3,mlx4,42074,15.618,10.53,54.95,1.67
1788034815.72,mlx4,42074,15.618,10.33,55.09,1.67
1788034816.14,mlx4,42074,15.618,9.82,55.44,1.67
1788034816.55,mlx4,42074,15.618,9.98,55.37,1.67
1788034816.97,mlx4,42074,15.618,9.77,55.47,1.67
1788034817.39,mlx4,42074,15.618,9.69,55.53,1.67
1788034817.8,mlx4,42074,15.618,9.49,55.67,1.67
1788034818.22,mlx4,42074,15.618,9.36,55.76,1.67
1788034818.63,mlx4,42074,15.618,9.12,55.93,1.67
1788034819.04,mlx4,42074,15.618,8.93,56.03,1.67
1788034819.46,mlx4,42074,15.618,8.53,56.28,1.67
1788034819.87,mlx4,42074,15.618,8.34,56.41,1.67
1788034820.29,mlx4,42074,15.618,11.27,54.42,1.67
1788034820.71,mlx4,42074,15.618,11.08,54.55,1.67
1788034821.12,mlx4,42074,15.618,10.88,54.69,1.67
1788034821.54,mlx4,42074,15.618,10.35,55.05,1.67
1788034821.96,mlx4,42074,15.618,10.5,54.95,1.67
1788034822.37,mlx4,42074,15.618,10.43,55.0,1.67
1788034822.79,mlx4,42074,15.618,10.26,55.11,1.67
1788034823.2,mlx4,42074,15.618,10.1,55.22,1.67
1788034823.62,mlx4,42074,15.618,9.91,55.4,1.67
1788034824.03,mlx4,42074,15.618,9.7,55.49,1.67
1788034824.44,mlx4,42074,15.618,9.5,55.63,1.67
1788034824.86,mlx4,42074,15.618,8.98,55.99,1.67
1788034825.28,mlx4,42074,15.618,9.2,55.84,1.67
1788034825.69,mlx4,42074,15.618,9.01,56.01,1.67
1788034826.1,mlx4,42074,15.618,8.92,56.03,1.67
1788034826.52,mlx4,42074,15.618,8.73,56.16,1.67
1788034826.93,mlx4,42074,15.618,8.53,56.3,1.67
1788034827.34,mlx4,42074,15.618,8.68,55.99,1.67
1788034827.76,mlx4,42074,15.618,11.07,54.55,1.67
1788034828.18,mlx4,42074,15.618,10.88,54.69,1.67
1788034828.59,mlx4,42074,15.618,10.68,54.86,1.67
1788034829.01,mlx4,42074,15.618,10.49,54.95,1.67
1788034829.42,mlx4,42074,15.618,10.07,55.24,1.67
1788034829.83,mlx4,42074,15.618,10.14,55.19,1.67
1788034830.24,mlx4,42074,15.618,10.03,55.27,1.67
1788034830.66,mlx4,42074,15.618,9.9,55.4,1.67
1788034831.07,mlx4,42074,15.618,9.71,55.49,1.67
1788034831.49,mlx4,42074,15.618,9.51,55.63,1.67
1788034831.9,mlx4,42074,15.618,9.31,55.76,1.67
1788034832.31,mlx4,42074,15.618,8.85,56.06,1.67
1788034832.73,mlx4,42074,15.618,8.58,56.36,1.67
1788034833.15,mlx4,42074,15.618,8.67,56.26,1.67
1788034833.55,mlx4,42074,15.618,8.62,56.29,1.67
1788034833.97,mlx4,42074,15.618,8.47,56.32,1.67
1788034834.39,mlx4,42074,15.618,8.34,56.28,1.67
1788034834.8,mlx4,42074,15.618,10.6,54.72,1.67
1788034835.21,mlx4,42074,15.618,10.76,54.43,1.67
1788034835.62,mlx4,42074,15.618,10.68,54.82,1.67
1788034836.04,mlx4,42074,15.618,10.49,54.95,1.67
1788034836.45,mlx4,42074,15.618,10.29,55.09,1.67
1788034836.87,mlx4,42074,15.618,9.86,55.39,1.67
1788034837.29,mlx4,42074,15.618,9.51,55.62,1.67
1788034837.7,mlx4,42074,15.618,9.8,55.46,1.67
1788034838.12,mlx4,42074,15.618,9.67,55.52,1.67
1788034838.54,mlx4,42074,15.618,9.51,55.63,1.67
1788034838.95,mlx4,42074,15.618,9.31,55.76,1.67
1788034839.37,mlx4,42074,15.618,9.12,55.89,1.67
1788034839.79,mlx4,42074,15.618,8.78,56.09,1.67
1788034840.2,mlx4,42074,15.618,8.51,56.31,1.67
1788034840.61,mlx4,42074,15.618,8.63,56.23,1.67
1788034841.03,mlx4,42074,15.618,8.53,56.24,1.67
1788034841.44,mlx4,42074,15.618,8.34,56.35,1.67
1788034841.86,mlx4,42074,15.618,8.15,56.26,1.67
1788034842.28,mlx4,42074,15.618,8.61,55.98,1.67
1788034842.69,mlx4,42074,15.618,10.62,54.8,1.67
1788034843.11,mlx4,42074,15.618,10.49,54.89,1.67
1788034843.53,mlx4,42074,15.618,10.3,55.09,1.67
1788034843.94,mlx4,42074,15.618,10.1,55.22,1.67
1788034844.36,mlx4,42074,15.618,9.54,55.61,1.67
1788034844.77,mlx4,42074,15.618,9.79,55.44,1.67
1788034845.18,mlx4,42074,15.618,9.6,55.57,1.67
1788034845.6,mlx4,42074,15.618,9.51,55.67,1.67
1788034846.01,mlx4,42074,15.618,9.31,55.76,1.67
1788034846.42,mlx4,42074,15.618,9.12,55.89,1.67
1788034846.82,mlx4,42074,15.618,8.56,56.28,1.67
1788034847.24,mlx4,42074,15.618,8.8,56.11,1.67
1788034847.65,mlx4,42074,15.618,8.66,56.21,1.67
1788034848.07,mlx4,42074,15.618,8.53,56.31,1.67
1788034848.48,mlx4,42074,15.618,8.33,56.24,1.67
1788034848.9,mlx4,42074,15.618,8.13,56.45,1.67
1788034849.31,mlx4,42074,15.618,7.94,56.35,1.67
1788034849.73,mlx4,42074,15.618,7.64,56.47,1.67
1788034850.16,mlx4,42074,15.615,31.38,40.44,1.67
1788034850.58,mlx4,42074,15.615,31.38,40.6,1.67
1788034851.0,mlx4,42074,15.615,31.39,40.61,1.67
1788034851.43,mlx4,42074,15.615,31.77,3.33,1.67
1788034851.85,mlx4,42074,15.615,31.79,3.35,1.67
1788034852.28,mlx4,42074,15.615,31.81,3.35,1.67
1788034852.7,mlx4,42074,15.615,31.85,3.39,1.67
1788034853.13,mlx4,42074,15.615,31.86,3.33,1.67
1788034853.55,mlx4,42074,15.615,31.88,3.33,1.67
1788034853.97,mlx4,42074,15.615,31.92,3.33,1.67
1788034854.39,mlx4,42074,15.615,31.94,3.33,1.67
1788034854.81,mlx4,42074,15.615,31.98,3.37,1.67
1788034855.23,mlx4,42074,15.615,31.98,3.33,1.67
1788034855.66,mlx4,42074,15.615,32.01,3.37,1.67
1788034856.09,mlx4,42074,15.615,32.02,3.33,1.67
1788034856.51,mlx4,42074,15.615,32.03,3.33,1.67
1788034856.93,mlx4,42074,15.615,32.08,3.33,1.67
1788034857.36,mlx4,42074,15.615,32.09,3.33,1.67
1788034857.78,mlx4,42074,15.615,32.14,3.33,1.67
1788034858.21,mlx4,42074,15.615,32.15,3.33,1.67
1788034858.63,mlx4,42074,15.615,32.2,3.33,1.67
1788034859.05,mlx4,42074,15.615,32.2,3.33,1.67
1788034859.47,mlx4,42074,15.624,32.16,13.91,1.67
1788034859.89,mlx4,42074,15.624,27.56,43.28,1.67
1788034860.31,mlx4,42074,15.624,27.18,43.54,1.67
1788034860.72,mlx4,42074,15.624,26.77,43.78,1.67
1788034861.14,mlx4,42074,15.624,26.43,44.02,1.67
1788034861.55,mlx4,42074,15.624,26.09,44.26,1.67
1788034861.97,mlx4,42074,15.624,25.74,44.49,1.67
1788034862.38,mlx4,42074,15.624,25.45,44.7,1.67
1788034862.8,mlx4,42074,15.624,25.11,44.91,1.67
1788034863.22,mlx4,42074,15.624,24.81,45.11,1.67
1788034863.63,mlx4,42074,15.624,24.47,45.39,1.67
1788034864.04,mlx4,42074,15.624,24.71,45.18,1.67
1788034864.46,mlx4,42074,15.624,24.66,45.21,1.67
1788034864.87,mlx4,42074,15.624,24.64,45.23,1.67
1788034865.29,mlx4,42074,15.624,24.58,45.26,1.67
1788034865.7,mlx4,42074,15.624,24.54,45.3,1.67
1788034866.12,mlx4,42074,15.624,24.51,45.31,1.67
1788034866.53,mlx4,42074,15.624,24.46,45.35,1.67
1788034866.95,mlx4,42074,15.624,24.44,45.36,1.67
1788034867.36,mlx4,42074,15.624,24.39,45.4,1.67
1788034867.78,mlx4,42074,15.624,24.37,45.41,1.67
1788034868.18,mlx4,42074,15.624,24.54,45.3,1.67
1788034868.6,mlx4,42074,15.624,24.46,45.35,1.67
1788034869.02,mlx4,42074,15.624,24.43,45.37,1.67
1788034869.43,mlx4,42074,15.624,24.35,45.42,1.67
1788034869.85,mlx4,42074,15.624,24.32,45.45,1.67
1788034870.26,mlx4,42074,15.624,24.24,45.5,1.67
1788034870.68,mlx4,42074,15.624,24.17,45.59,1.67
1788034871.1,mlx4,42074,15.624,24.13,45.57,1.67
1788034871.5,mlx4,42074,15.624,24.06,45.62,1.67
1788034871.92,mlx4,42074,15.624,24.03,45.65,1.67
1788034872.34,mlx4,42074,15.624,24.24,45.49,1.67
1788034872.75,mlx4,42074,15.624,24.29,45.47,1.67
1788034873.17,mlx4,42074,15.624,24.19,45.54,1.67
1788034873.58,mlx4,42074,15.624,24.15,45.57,1.67
1788034873.99,mlx4,42074,15.624,24.04,45.64,1.67
1788034874.4,mlx4,42074,15.624,24.0,45.67,1.67
1788034874.82,mlx4,42074,15.624,23.89,45.74,1.66
1788034875.23,mlx4,42074,15.624,23.84,45.78,1.66
1788034875.65,mlx4,42074,15.624,23.74,45.88,1.66
1788034876.06,mlx4,42074,15.624,23.69,45.88,1.66
1788034876.48,mlx4,42074,15.624,23.59,45.94,1.66
1788034876.9,mlx4,42074,15.624,24.12,45.58,1.66
1788034877.31,mlx4,42074,15.624,24.0,45.67,1.66
1788034877.73,mlx4,42074,15.624,23.96,45.75,1.66
1788034878.15,mlx4,42074,15.624,23.84,45.79,1.66
1788034878.56,mlx4,42074,15.624,23.79,45.83,1.66
1788034878.98,mlx4,42074,15.624,23.66,45.92,1.66
1788034879.39,mlx4,42074,15.624,23.6,45.96,1.66
1788034879.81,mlx4,42074,15.624,23.48,46.04,1.66
1788034880.22,mlx4,42074,15.624,23.42,46.09,1.66
1788034880.63,mlx4,42074,15.624,23.36,46.13,1.66
1788034881.05,mlx4,42074,15.624,23.24,46.21,1.66
1788034881.46,mlx4,42074,15.624,23.88,45.78,1.66
1788034881.87,mlx4,42074,15.624,23.8,45.83,1.66
1788034882.29,mlx4,42074,15.624,23.69,45.9,1.66
1788034882.71,mlx4,42074,15.624,23.58,46.02,1.66
1788034883.12,mlx4,42074,15.624,23.51,46.03,1.66
1788034883.54,mlx4,42074,15.624,23.36,46.13,1.66
1788034883.95,mlx4,42074,15.624,23.29,46.18,1.66
1788034884.36,mlx4,42074,15.624,23.14,46.28,1.66
1788034884.77,mlx4,42074,15.624,23.07,46.37,1.66
1788034885.19,mlx4,42074,15.624,22.92,46.43,1.66
1788034885.6,mlx4,42074,15.624,22.85,46.48,1.66
1788034886.01,mlx4,42074,15.624,23.68,45.91,1.66
1788034886.42,mlx4,42074,15.624,23.6,45.97,1.66
1788034886.83,mlx4,42074,15.624,23.51,46.06,1.66
1788034887.25,mlx4,42074,15.624,23.35,46.14,1.66
1788034887.67,mlx4,42074,15.624,23.26,46.24,1.66
1788034888.08,mlx4,42074,15.624,23.09,46.32,1.66
1788034888.5,mlx4,42074,15.624,23.01,46.38,1.66
1788034888.91,mlx4,42074,15.624,22.83,46.49,1.66
1788034889.33,mlx4,42074,15.624,22.75,46.55,1.66
1788034889.74,mlx4,42074,15.624,22.66,46.65,1.66
1788034890.16,mlx4,42074,15.624,22.49,46.73,1.66
1788034890.58,mlx4,42074,15.624,23.43,46.08,1.66
1788034890.99,mlx4,42074,15.624,23.34,46.15,1.66
1788034891.4,mlx4,42074,15.624,23.24,46.21,1.66
1788034891.81,mlx4,42074,15.624,23.05,46.39,1.66
1788034892.21,mlx4,42074,15.624,22.95,46.41,1.66
1788034892.63,mlx4,42074,15.624,22.85,46.48,1.66
1788034893.05,mlx4,42074,15.624,22.65,46.62,1.66
1788034893.46,mlx4,42074,15.624,22.55,46.68,1.66
1788034893.87,mlx4,42074,15.624,22.35,46.86,1.66
1788034894.29,mlx4,42074,15.624,22.26,46.89,1.66
1788034894.7,mlx4,42074,15.624,22.16,46.99,1.66
1788034895.12,mlx4,42074,15.624,23.47,46.05,1.66
1788034895.54,mlx4,42074,15.624,23.21,46.23,1.66
1788034895.94,mlx4,42074,15.624,22.99,46.38,1.66
1788034896.35,mlx4,42074,15.624,22.88,46.46,1.66
1788034896.76,mlx4,42074,15.624,22.77,46.57,1.66
1788034897.18,mlx4,42074,15.624,22.56,46.68,1.66
1788034897.59,mlx4,42074,15.624,22.45,46.76,1.66
1788034898.0,mlx4,42074,15.624,22.23,46.91,1.66
1788034898.42,mlx4,42074,15.624,22.12,46.98,1.66
1788034898.82,mlx4,42074,15.624,22.03,47.05,1.66
1788034899.23,mlx4,42074,15.624,21.8,47.21,1.66
1788034899.64,mlx4,42074,15.624,21.68,47.28,1.66
1788034900.06,mlx4,42074,15.624,23.12,46.29,1.66
1788034900.47,mlx4,42074,15.624,23.0,46.38,1.66
1788034900.89,mlx4,42074,15.624,22.76,46.54,1.66
1788034901.3,mlx4,42074,15.624,22.63,46.63,1.66
1788034901.72,mlx4,42074,15.624,22.51,46.75,1.66
1788034902.14,mlx4,42074,15.624,22.27,46.88,1.66
1788034902.55,mlx4,42074,15.624,22.17,46.95,1.66
1788034902.96,mlx4,42074,15.624,21.9,47.13,1.66
1788034903.37,mlx4,42074,15.624,21.78,47.21,1.66
1788034903.78,mlx4,42074,15.624,21.66,47.3,1.66
1788034904.19,mlx4,42074,15.624,21.42,47.46,1.66
1788034904.61,mlx4,42074,15.624,21.3,47.55,1.66
1788034905.02,mlx4,42074,15.624,22.77,46.59,1.66
1788034905.44,mlx4,42074,15.624,22.63,46.68,1.66
1788034905.85,mlx4,42074,15.624,22.37,46.81,1.66
1788034906.26,mlx4,42074,15.624,22.24,46.9,1.66
1788034906.68,mlx4,42074,15.624,22.1,46.99,1.66
1788034907.1,mlx4,42074,15.624,21.83,47.22,1.66
1788034907.51,mlx4,42074,15.624,21.7,47.31,1.66
1788034907.92,mlx4,42074,15.624,21.56,47.36,1.66
1788034908.34,mlx4,42074,15.624,21.29,47.55,1.66
1788034908.75,mlx4,42074,15.624,21.16,47.68,1.66
1788034909.17,mlx4,42074,15.624,21.03,47.73,1.66
1788034909.58,mlx4,42074,15.624,22.88,46.46,1.66
1788034909.99,mlx4,42074,15.624,22.55,46.68,1.66
1788034910.4,mlx4,42074,15.624,22.25,46.9,1.66
1788034910.82,mlx4,42074,15.624,22.1,47.0,1.66
1788034911.24,mlx4,42074,15.624,21.96,47.1,1.66
1788034911.65,mlx4,42074,15.624,21.77,47.2,1.66
1788034912.07,mlx4,42074,15.624,21.51,47.4,1.66
1788034912.49,mlx4,42074,15.624,21.37,47.51,1.66
1788034912.9,mlx4,42074,15.624,21.23,47.59,1.66
1788034913.32,mlx4,42074,15.624,20.93,47.79,1.66
1788034913.73,mlx4,42074,15.624,20.79,47.93,1.66
1788034914.14,mlx4,42074,15.624,20.64,47.99,1.66
1788034914.56,mlx4,42074,15.624,22.94,46.41,1.66
1788034914.97,mlx4,42074,15.624,22.36,46.81,1.66
1788034915.38,mlx4,42074,15.624,22.12,46.97,1.66
1788034915.79,mlx4,42074,15.624,21.89,47.18,1.66
1788034916.2,mlx4,42074,15.624,21.72,47.25,1.66
1788034916.62,mlx4,42074,15.624,21.56,47.35,1.66
1788034917.02,mlx4,42074,15.624,21.25,47.57,1.66
1788034917.43,mlx4,42074,15.624,21.09,47.68,1.66
1788034917.85,mlx4,42074,15.624,20.93,47.79,1.66
1788034918.26,mlx4,42074,15.624,20.77,47.9,1.66
1788034918.67,mlx4,42074,15.624,20.45,48.12,1.66
1788034919.08,mlx4,42074,15.624,20.3,48.23,1.66
1788034919.5,mlx4,42074,15.624,20.14,48.34,1.66
1788034919.91,mlx4,42074,15.624,22.14,46.96,1.66
1788034920.33,mlx4,42074,15.624,21.96,47.1,1.66
1788034920.74,mlx4,42074,15.624,21.79,47.25,1.66
1788034921.15,mlx4,42074,15.624,21.45,47.45,1.66
1788034921.57,mlx4,42074,15.624,21.28,47.57,1.66
1788034921.98,mlx4,42074,15.624,21.11,47.68,1.66
1788034922.4,mlx4,42074,15.624,20.94,47.78,1.66
1788034922.82,mlx4,42074,15.624,20.6,48.06,1.66
1788034923.23,mlx4,42074,15.624,20.43,48.14,1.66
1788034923.64,mlx4,42074,15.624,20.26,48.25,1.66
1788034924.06,mlx4,42074,15.624,20.0,48.43,1.66
1788034924.47,mlx4,42074,15.624,19.74,48.61,1.66
1788034924.89,mlx4,42074,15.624,22.13,47.0,1.66
1788034925.3,mlx4,42074,15.624,21.73,47.24,1.66
1788034925.72,mlx4,42074,15.624,21.55,47.36,1.66
1788034926.13,mlx4,42074,15.624,21.37,47.49,1.66
1788034926.55,mlx4,42074,15.624,21.19,47.62,1.66
1788034926.96,mlx4,42074,15.624,20.82,47.87,1.66
1788034927.38,mlx4,42074,15.624,20.64,47.99,1.66
1788034927.78,mlx4,42074,15.624,20.46,48.16,1.66
1788034928.2,mlx4,42074,15.624,20.27,48.24,1.66
1788034928.62,mlx4,42074,15.624,19.9,48.49,1.66
1788034929.03,mlx4,42074,15.624,19.72,48.68,1.66
1788034929.44,mlx4,42074,15.624,19.54,48.81,1.66
1788034929.85,mlx4,42074,15.624,19.35,48.97,1.66
1788034930.27,mlx4,42074,15.624,21.7,47.31,1.66
1788034930.68,mlx4,42074,15.624,21.5,47.44,1.66
1788034931.1,mlx4,42074,15.624,21.31,47.53,1.66
1788034931.51,mlx4,42074,15.624,20.92,47.8,1.66
1788034931.93,mlx4,42074,15.624,20.72,47.97,1.66
1788034932.34,mlx4,42074,15.624,20.53,48.07,1.66
1788034932.76,mlx4,42074,15.624,20.33,48.24,1.66
1788034933.17,mlx4,42074,15.624,20.04,48.4,1.66
1788034933.59,mlx4,42074,15.624,19.75,48.61,1.66
1788034934.0,mlx4,42074,15.624,19.55,48.74,1.66
1788034934.42,mlx4,42074,15.624,19.36,48.87,1.66
1788034934.84,mlx4,42074,15.624,19.16,49.05,1.66
1788034935.25,mlx4,42074,15.624,22.24,46.89,1.66
1788034935.67,mlx4,42074,15.624,21.47,47.42,1.66
1788034936.09,mlx4,42074,15.624,21.27,47.56,1.66
1788034936.5,mlx4,42074,15.624,20.91,47.81,1.66
1788034936.92,mlx4,42074,15.624,20.65,48.02,1.66
1788034937.33,mlx4,42074,15.624,20.44,48.13,1.66
1788034937.74,mlx4,42074,15.624,20.23,48.27,1.66
1788034938.15,mlx4,42074,15.624,20.03,48.41,1.66
1788034938.56,mlx4,42074,15.624,19.72,48.63,1.66
1788034938.98,mlx4,42074,15.624,19.41,48.84,1.66
1788034939.39,mlx4,42074,15.624,19.21,48.99,1.66
1788034939.8,mlx4,42074,15.624,19.0,49.13,1.66
1788034940.21,mlx4,42074,15.624,18.79,49.27,1.66
1788034940.63,mlx4,42074,15.624,22.01,47.06,1.66
1788034941.05,mlx4,42074,15.624,21.28,47.57,1.66
1788034941.46,mlx4,42074,15.624,21.05,47.72,1.66
1788034941.88,mlx4,42074,15.624,20.61,48.02,1.66
1788034942.29,mlx4,42074,15.624,20.39,48.17,1.66
1788034942.7,mlx4,42074,15.624,20.17,48.32,1.66
1788034943.12,mlx4,42074,15.624,19.95,48.47,1.66
1788034943.53,mlx4,42074,15.624,19.73,48.62,1.66
1788034943.94,mlx4,42074,15.624,19.29,48.93,1.66
1788034944.36,mlx4,42074,15.624,19.07,49.08,1.66
1788034944.77,mlx4,42074,15.624,18.85,49.27,1.66
1788034945.19,mlx4,42074,15.624,18.63,49.38,1.66
1788034945.6,mlx4,42074,15.624,18.41,49.53,1.66
1788034946.02,mlx4,42074,15.624,18.19,49.68,1.66
1788034946.43,mlx4,42074,15.624,21.16,47.65,1.66
1788034946.84,mlx4,42074,15.624,20.92,47.8,1.66
1788034947.25,mlx4,42074,15.624,20.7,47.97,1.66
1788034947.67,mlx4,42074,15.624,20.35,48.2,1.66
1788034948.08,mlx4,42074,15.624,19.99,48.44,1.66
1788034948.5,mlx4,42074,15.624,19.76,48.6,1.66
1788034948.91,mlx4,42074,15.624,19.53,48.76,1.66
1788034949.33,mlx4,42074,15.624,19.3,48.92,1.66
1788034949.75,mlx4,42074,15.624,19.06,49.08,1.66
1788034950.15,mlx4,42074,15.624,18.6,49.4,1.66
1788034950.57,mlx4,42074,15.624,18.36,49.56,1.66
1788034950.98,mlx4,42074,15.624,18.13,49.72,1.66
1788034951.39,mlx4,42074,15.624,17.9,49.88,1.66
1788034951.8,mlx4,42074,15.624,20.86,47.88,1.66
1788034952.21,mlx4,42074,15.624,20.59,48.04,1.66
1788034952.63,mlx4,42074,15.624,20.34,48.2,1.66
1788034953.04,mlx4,42074,15.624,20.09,48.43,1.66
1788034953.46,mlx4,42074,15.624,19.84,48.59,1.66
1788034953.88,mlx4,42074,15.624,19.6,48.8,1.66
1788034954.29,mlx4,42074,15.624,19.28,48.97,1.66
1788034954.71,mlx4,42074,15.624,18.87,49.26,1.66
1788034955.12,mlx4,42074,15.624,18.63,49.38,1.66
1788034955.54,mlx4,42074,15.624,18.39,49.55,1.66
1788034955.96,mlx4,42074,15.624,18.14,49.71,1.66
1788034956.37,mlx4,42074,15.624,17.9,49.88,1.66
1788034956.78,mlx4,42074,15.624,17.65,50.05,1.66
1788034957.2,mlx4,42074,15.624,18.7,49.27,1.66
1788034957.62,mlx4,42074,15.624,20.61,48.02,1.66
1788034958.03,mlx4,42074,15.624,20.36,48.19,1.66
1788034958.45,mlx4,42074,15.624,20.1,48.37,1.66
1788034958.87,mlx4,42074,15.624,19.58,48.76,1.66
1788034959.28,mlx4,42074,15.624,19.33,48.9,1.66
1788034959.7,mlx4,42074,15.624,19.07,49.07,1.66
1788034960.11,mlx4,42074,15.624,18.82,49.25,1.66
1788034960.53,mlx4,42074,15.624,18.56,49.43,1.66
1788034960.94,mlx4,42074,15.624,18.3,49.64,1.66
1788034961.35,mlx4,42074,15.624,18.04,49.78,1.66
1788034961.77,mlx4,42074,15.624,17.66,50.04,1.66
1788034962.18,mlx4,42074,15.624,17.27,50.31,1.66
1788034962.6,mlx4,42074,15.624,17.01,50.49,1.66
1788034963.02,mlx4,42074,15.624,20.8,47.89,1.66
1788034963.43,mlx4,42074,15.624,20.39,48.17,1.66
1788034963.85,mlx4,42074,15.624,19.85,48.58,1.66
1788034964.26,mlx4,42074,15.624,19.58,48.72,1.66
1788034964.68,mlx4,42074,15.624,19.32,48.91,1.66
1788034965.09,mlx4,42074,15.624,19.05,49.09,1.66
1788034965.5,mlx4,42074,15.624,18.78,49.28,1.66
1788034965.92,mlx4,42074,15.624,18.51,49.5,1.66
1788034966.34,mlx4,42074,15.624,18.24,49.65,1.66
1788034966.75,mlx4,42074,15.624,17.97,49.83,1.66
1788034967.16,mlx4,42074,15.624,17.56,50.12,1.66
1788034967.57,mlx4,42074,15.624,17.17,50.38,1.66
1788034967.98,mlx4,42074,15.624,16.9,50.61,1.66
1788034968.39,mlx4,42074,15.624,16.63,50.75,1.66
1788034968.81,mlx4,42074,15.624,20.48,48.1,1.66
1788034969.22,mlx4,42074,15.624,20.17,48.32,1.66
1788034969.64,mlx4,42074,15.624,19.61,48.7,1.66
1788034970.06,mlx4,42074,15.624,19.32,48.91,1.66
1788034970.47,mlx4,42074,15.624,19.04,49.11,1.66
1788034970.89,mlx4,42074,15.624,18.76,49.34,1.66
1788034971.31,mlx4,42074,15.624,18.48,49.49,1.66
1788034971.72,mlx4,42074,15.624,18.2,49.69,1.66
1788034972.14,mlx4,42074,15.624,17.92,49.88,1.66
1788034972.54,mlx4,42074,15.624,17.63,50.06,1.66
1788034972.95,mlx4,42074,15.624,17.35,50.29,1.66
1788034973.37,mlx4,42074,15.624,16.93,50.54,1.66
1788034973.78,mlx4,42074,15.624,16.52,50.83,1.66
1788034974.2,mlx4,42074,15.624,16.23,51.02,1.66
1788034974.62,mlx4,42074,15.624,20.5,48.09,1.66
1788034975.03,mlx4,42074,15.624,19.95,48.51,1.66
1788034975.44,mlx4,42074,15.624,19.65,48.67,1.66
1788034975.86,mlx4,42074,15.624,19.36,48.91,1.66
1788034976.28,mlx4,42074,15.624,18.77,49.27,1.66
1788034976.69,mlx4,42074,15.624,18.48,49.48,1.66
1788034977.09,mlx4,42074,15.624,18.18,49.68,1.66
1788034977.51,mlx4,42074,15.624,17.89,49.88,1.66
1788034977.92,mlx4,42074,15.624,17.6,50.12,1.66
1788034978.34,mlx4,42074,15.624,17.3,50.28,1.66
1788034978.75,mlx4,42074,15.624,17.01,50.48,1.66
1788034979.17,mlx4,42074,15.624,16.71,50.73,1.66
1788034979.59,mlx4,42074,15.624,16.42,50.93,1.66
1788034980.0,mlx4,42074,15.624,16.13,51.18,1.66
1788034980.41,mlx4,42074,15.624,15.83,51.35,1.66
1788034980.82,mlx4,42074,15.624,19.76,48.66,1.66
1788034981.24,mlx4,42074,15.624,19.46,48.81,1.66
1788034981.66,mlx4,42074,15.624,19.15,49.01,1.66
1788034982.06,mlx4,42074,15.624,18.84,49.28,1.66
1788034982.48,mlx4,42074,15.624,18.54,49.45,1.66
1788034982.9,mlx4,42074,15.624,18.23,49.64,1.66
1788034983.31,mlx4,42074,15.624,17.93,49.85,1.66
1788034983.73,mlx4,42074,15.624,17.63,50.07,1.66
1788034984.15,mlx4,42074,15.624,17.02,50.48,1.66
1788034984.57,mlx4,42074,15.624,16.71,50.69,1.66
1788034984.98,mlx4,42074,15.624,16.4,50.9,1.66
1788034985.4,mlx4,42074,15.624,16.09,51.11,1.66
1788034985.81,mlx4,42074,15.624,15.79,51.32,1.66
1788034986.23,mlx4,42074,15.624,15.48,51.53,1.66
1788034986.65,mlx4,42074,15.624,19.86,48.53,1.66
1788034987.06,mlx4,42074,15.624,19.54,48.75,1.66
1788034987.47,mlx4,42074,15.624,18.91,49.18,1.66
1788034987.89,mlx4,42074,15.624,18.58,49.44,1.66
1788034988.3,mlx4,42074,15.624,18.27,49.62,1.66
1788034988.7,mlx4,42074,15.624,17.95,49.84,1.66
1788034989.12,mlx4,42074,15.624,17.63,50.06,1.66
1788034989.54,mlx4,42074,15.624,17.32,50.28,1.66
1788034989.95,mlx4,42074,15.624,17.0,50.49,1.66
1788034990.37,mlx4,42074,15.624,16.68,50.71,1.66
1788034990.78,mlx4,42074,15.624,16.37,50.93,1.66
1788034991.2,mlx4,42074,15.624,16.05,51.16,1.66
1788034991.62,mlx4,42074,15.624,15.73,51.38,1.66
1788034992.03,mlx4,42074,15.624,15.41,51.58,1.66
1788034992.45,mlx4,42074,15.624,15.09,51.8,1.66
1788034992.86,mlx4,42074,15.624,19.31,48.94,1.66
1788034993.27,mlx4,42074,15.624,18.98,49.13,1.66
1788034993.68,mlx4,42074,15.624,18.66,49.35,1.66
1788034994.1,mlx4,42074,15.624,18.33,49.58,1.66
1788034994.51,mlx4,42074,15.624,18.0,49.8,1.66
1788034994.93,mlx4,42074,15.624,17.67,50.07,1.66
1788034995.35,mlx4,42074,15.624,17.34,50.26,1.66
1788034995.76,mlx4,42074,15.624,17.01,50.48,1.66
1788034996.18,mlx4,42074,15.624,16.68,50.71,1.66
1788034996.6,mlx4,42074,15.624,16.34,50.94,1.66
1788034997.01,mlx4,42074,15.624,16.02,51.16,1.66
1788034997.42,mlx4,42074,15.624,15.69,51.39,1.66
1788034997.84,mlx4,42074,15.624,15.36,51.62,1.66
1788034998.26,mlx4,42074,15.624,15.03,51.84,1.66
1788034998.67,mlx4,42074,15.624,14.7,52.07,1.66
1788034999.08,mlx4,42074,15.624,19.1,49.05,1.66
1788034999.5,mlx4,42074,15.624,18.76,49.28,1.66
1788034999.91,mlx4,42074,15.624,18.41,49.56,1.66
1788035000.32,mlx4,42074,15.624,18.07,49.75,1.66
1788035000.74,mlx4,42074,15.624,17.73,49.99,1.66
1788035001.15,mlx4,42074,15.624,17.39,50.22,1.66
1788035001.57,mlx4,42074,15.624,17.06,50.46,1.66
1788035001.99,mlx4,42074,15.624,16.71,50.73,1.66
1788035002.4,mlx4,42074,15.624,16.37,50.93,1.66
1788035002.82,mlx4,42074,15.624,16.03,51.16,1.66
1788035003.22,mlx4,42074,15.624,15.69,51.4,1.66
1788035003.64,mlx4,42074,15.624,15.34,51.63,1.66
1788035004.06,mlx4,42074,15.624,15.0,51.87,1.66
1788035004.46,mlx4,42074,15.624,14.66,52.1,1.66
1788035004.88,mlx4,42074,15.624,14.32,52.34,1.66
1788035005.3,mlx4,42074,15.624,18.89,49.2,1.66
1788035005.71,mlx4,42074,15.624,18.54,49.44,1.66
1788035006.13,mlx4,42074,15.624,18.18,49.69,1.66
1788035006.55,mlx4,42074,15.624,17.83,49.93,1.66
1788035006.96,mlx4,42074,15.624,17.48,50.21,1.66
1788035007.37,mlx4,42074,15.624,17.12,50.42,1.66
1788035007.78,mlx4,42074,15.624,16.77,50.66,1.66
1788035008.19,mlx4,42074,15.624,16.41,50.9,1.66
1788035008.61,mlx4,42074,15.624,16.05,51.15,1.66
1788035009.02,mlx4,42074,15.624,15.7,51.43,1.66
1788035009.44,mlx4,42074,15.624,15.34,51.63,1.66
1788035009.85,mlx4,42074,15.624,14.99,51.88,1.66
1788035010.26,mlx4,42074,15.624,14.63,52.12,1.66
1788035010.68,mlx4,42074,15.624,14.28,52.37,1.66
1788035011.1,mlx4,42074,15.624,13.93,52.61,1.66
1788035011.51,mlx4,42074,15.624,19.16,49.01,1.66
1788035011.93,mlx4,42074,15.624,18.66,49.39,1.66
1788035012.34,mlx4,42074,15.624,18.29,49.6,1.66
1788035012.75,mlx4,42074,15.624,17.93,49.85,1.66
1788035013.17,mlx4,42074,15.624,17.57,50.11,1.66
1788035013.58,mlx4,42074,15.624,17.2,50.36,1.66
1788035014.0,mlx4,42074,15.624,16.83,50.65,1.66
1788035014.41,mlx4,42074,15.624,16.47,50.86,1.66
1788035014.83,mlx4,42074,15.624,16.09,51.11,1.66
1788035015.24,mlx4,42074,15.624,15.73,51.37,1.66
1788035015.65,mlx4,42074,15.624,15.36,51.62,1.66
1788035016.06,mlx4,42074,15.624,15.0,51.91,1.66
1788035016.47,mlx4,42074,15.624,14.63,52.12,1.66
1788035016.89,mlx4,42074,15.624,14.26,52.37,1.66
1788035017.3,mlx4,42074,15.624,13.89,52.63,1.66
1788035017.72,mlx4,42074,15.624,13.53,52.88,1.66
1788035018.13,mlx4,42074,15.624,18.44,49.54,1.66
1788035018.54,mlx4,42074,15.624,18.07,49.76,1.66
1788035018.96,mlx4,42074,15.624,17.69,50.06,1.66
1788035019.38,mlx4,42074,15.624,17.31,50.28,1.66
1788035019.79,mlx4,42074,15.624,16.93,50.54,1.66
1788035020.21,mlx4,42074,15.624,16.54,50.82,1.66
1788035020.63,mlx4,42074,15.624,16.16,51.08,1.66
1788035021.04,mlx4,42074,15.624,15.78,51.38,1.66
1788035021.46,mlx4,42074,15.624,15.4,51.58,1.66
1788035021.87,mlx4,42074,15.624,15.02,51.84,1.66
1788035022.29,mlx4,42074,15.624,14.64,52.11,1.66
1788035022.71,mlx4,42074,15.624,14.26,52.36,1.66
1788035023.12,mlx4,42074,15.624,13.88,52.67,1.66
1788035023.54,mlx4,42074,15.624,13.51,52.89,1.66
1788035023.95,mlx4,42074,15.624,13.13,53.19,1.66
1788035024.37,mlx4,42074,15.624,19.12,49.03,1.66
1788035024.79,mlx4,42074,15.624,18.21,49.65,1.66
1788035025.2,mlx4,42074,15.624,17.82,49.92,1.66
1788035025.61,mlx4,42074,15.624,17.43,50.19,1.66
1788035026.03,mlx4,42074,15.624,17.04,50.56,1.66
1788035026.45,mlx4,42074,15.624,16.65,50.79,1.66
1788035026.87,mlx4,42074,15.624,16.26,51.06,1.66
1788035027.28,mlx4,42074,15.624,15.86,51.31,1.66
1788035027.7,mlx4,42074,15.624,15.47,51.58,1.66
1788035028.1,mlx4,42074,15.624,15.09,51.8,1.66
1788035028.52,mlx4,42074,15.624,14.69,52.07,1.66
1788035028.94,mlx4,42074,15.624,14.3,52.38,1.66
1788035029.34,mlx4,42074,15.624,13.91,52.61,1.66
1788035029.75,mlx4,42074,15.624,13.52,52.88,1.66
1788035030.17,mlx4,42074,15.624,13.13,53.16,1.66
1788035030.58,mlx4,42074,15.624,12.74,53.43,1.66
1788035030.99,mlx4,42074,15.624,18.92,49.19,1.66
1788035031.41,mlx4,42074,15.624,17.99,49.8,1.66
1788035031.82,mlx4,42074,15.624,17.59,50.1,1.66
1788035032.23,mlx4,42074,15.624,17.18,50.37,1.66
1788035032.64,mlx4,42074,15.624,16.78,50.65,1.66
1788035033.06,mlx4,42074,15.624,16.38,50.91,1.66
1788035033.47,mlx4,42074,15.624,15.98,51.19,1.66
1788035033.89,mlx4,42074,15.624,15.58,51.47,1.66
1788035034.3,mlx4,42074,15.624,15.17,51.74,1.66
1788035034.72,mlx4,42074,15.624,14.77,52.02,1.66
1788035035.14,mlx4,42074,15.624,14.37,52.3,1.66
1788035035.55,mlx4,42074,15.624,13.96,52.58,1.66
1788035035.97,mlx4,42074,15.624,13.55,52.89,1.66
1788035036.37,mlx4,42074,15.624,13.15,53.13,1.66
1788035036.79,mlx4,42074,15.624,12.75,53.41,1.66
1788035037.21,mlx4,42074,15.624,12.35,53.68,1.66
1788035037.62,mlx4,42074,15.624,12.17,53.8,1.66
1788035038.04,mlx4,42074,15.624,17.77,49.96,1.66
1788035038.46,mlx4,42074,15.624,17.35,50.24,1.66
1788035038.87,mlx4,42074,15.624,16.94,50.53,1.66
1788035039.29,mlx4,42074,15.624,16.53,50.81,1.66
1788035039.71,mlx4,42074,15.624,16.11,51.1,1.66
1788035040.12,mlx4,42074,15.624,15.69,51.4,1.66
1788035040.53,mlx4,42074,15.624,15.28,51.69,1.66
1788035040.94,mlx4,42074,15.624,14.86,51.97,1.66
1788035041.35,mlx4,42074,15.624,14.45,52.24,1.66
1788035041.76,mlx4,42074,15.624,14.03,52.54,1.66
1788035042.18,mlx4,42074,15.624,14.03,52.54,1.66
1788035042.59,mlx4,42074,15.624,13.62,52.81,1.66
1788035043.01,mlx4,42074,15.624,13.2,53.14,1.66
1788035043.42,mlx4,42074,15.624,12.78,53.38,1.66
1788035043.84,mlx4,42074,15.624,12.37,53.67,1.66
1788035044.26,mlx4,42074,15.624,11.96,53.95,1.66
1788035044.67,mlx4,42074,15.624,17.56,50.11,1.66
1788035045.09,mlx4,42074,15.624,17.13,50.4,1.66
1788035045.5,mlx4,42074,15.624,16.7,50.69,1.66
1788035045.91,mlx4,42074,15.624,16.34,50.95,1.66
1788035046.33,mlx4,42074,15.624,16.27,50.99,1.66
1788035046.74,mlx4,42074,15.624,15.84,51.28,1.66
1788035047.16,mlx4,42074,15.624,15.41,51.58,1.66
1788035047.57,mlx4,42074,15.624,14.98,51.87,1.66
1788035047.98,mlx4,42074,15.624,14.56,52.2,1.66
1788035048.4,mlx4,42074,15.624,14.13,52.46,1.66
1788035048.82,mlx4,42074,15.624,13.7,52.75,1.66
1788035049.23,mlx4,42074,15.624,13.27,53.05,1.66
1788035049.65,mlx4,42074,15.624,12.84,53.36,1.66
1788035050.07,mlx4,42074,15.624,12.41,53.69,1.66
1788035050.48,mlx4,42074,15.624,11.99,53.93,1.66
1788035050.9,mlx4,42074,15.624,11.56,54.22,1.66
1788035051.31,mlx4,42074,15.624,18.22,49.66,1.66
1788035051.73,mlx4,42074,15.624,17.33,50.27,1.66
1788035052.14,mlx4,42074,15.624,16.89,50.56,1.66
1788035052.55,mlx4,42074,15.624,16.45,50.86,1.66
1788035052.97,mlx4,42074,15.624,16.01,51.17,1.66
1788035053.38,mlx4,42074,15.624,15.57,51.47,1.66
1788035053.8,mlx4,42074,15.624,15.13,51.77,1.66
1788035054.22,mlx4,42074,15.624,14.69,52.07,1.66
1788035054.63,mlx4,42074,15.624,14.25,52.37,1.66
1788035055.04,mlx4,42074,15.624,13.81,52.72,1.66
1788035055.46,mlx4,42074,15.624,13.59,52.83,1.66
1788035055.87,mlx4,42074,15.624,13.37,52.98,1.66
1788035056.29,mlx4,42074,15.624,12.93,53.28,1.66
1788035056.7,mlx4,42074,15.624,12.5,53.58,1.66
1788035057.11,mlx4,42074,15.624,12.05,53.92,1.66
1788035057.52,mlx4,42074,15.624,11.61,54.19,1.66
1788035057.93,mlx4,42074,15.624,11.38,54.35,1.66
1788035058.34,mlx4,42074,15.624,17.57,50.1,1.66
1788035058.75,mlx4,42074,15.624,17.11,50.41,1.66
1788035059.17,mlx4,42074,15.624,16.66,50.76,1.66
1788035059.58,mlx4,42074,15.624,16.21,51.03,1.66
1788035060.0,mlx4,42074,15.624,15.76,51.38,1.66
1788035060.42,mlx4,42074,15.624,15.31,51.65,1.66
1788035060.83,mlx4,42074,15.624,14.85,51.96,1.66
1788035061.25,mlx4,42074,15.624,14.4,52.27,1.66
1788035061.66,mlx4,42074,15.624,13.96,52.58,1.66
1788035062.08,mlx4,42074,15.624,13.5,52.93,1.66
1788035062.5,mlx4,42074,15.624,13.04,53.2,1.66
1788035062.91,mlx4,42074,15.624,12.6,53.52,1.66
1788035063.33,mlx4,42074,15.624,12.59,53.52,1.66
1788035063.74,mlx4,42074,15.624,12.14,53.83,1.66
1788035064.16,mlx4,42074,15.624,11.69,54.18,1.66
1788035064.58,mlx4,42074,15.624,11.46,54.3,1.66
1788035064.99,mlx4,42074,15.624,11.28,54.42,1.66
1788035065.41,mlx4,42074,15.624,16.89,50.56,1.66
1788035065.83,mlx4,42074,15.624,16.7,50.69,1.66
1788035066.24,mlx4,42074,15.624,16.43,50.92,1.66
1788035066.66,mlx4,42074,15.624,15.97,51.2,1.66
1788035067.07,mlx4,42074,15.624,15.51,51.56,1.66
1788035067.49,mlx4,42074,15.624,15.05,51.84,1.66
1788035067.9,mlx4,42074,15.624,14.58,52.15,1.66
1788035068.32,mlx4,42074,15.624,14.11,52.47,1.66
1788035068.74,mlx4,42074,15.624,13.65,52.79,1.66
1788035069.15,mlx4,42074,15.624,13.18,53.11,1.66
1788035069.57,mlx4,42074,15.624,12.72,53.43,1.66
1788035069.99,mlx4,42074,15.624,12.25,53.75,1.66
1788035070.4,mlx4,42074,15.624,12.25,53.75,1.66
1788035070.81,mlx4,42074,15.624,11.79,54.07,1.66
1788035071.22,mlx4,42074,15.624,11.31,54.39,1.66
1788035071.64,mlx4,42074,15.624,11.29,54.41,1.66
1788035072.05,mlx4,42074,15.624,11.3,54.4,1.66
1788035072.46,mlx4,42074,15.624,16.91,50.55,1.66
1788035072.88,mlx4,42074,15.624,16.67,50.71,1.66
1788035073.29,mlx4,42074,15.624,16.19,51.04,1.66
1788035073.7,mlx4,42074,15.624,15.72,51.37,1.66
1788035074.12,mlx4,42074,15.624,15.24,51.75,1.66
1788035074.54,mlx4,42074,15.624,14.76,52.08,1.66
1788035074.95,mlx4,42074,15.624,14.28,52.4,1.66
1788035075.36,mlx4,42074,15.624,13.81,52.72,1.66
1788035075.78,mlx4,42074,15.624,13.33,53.05,1.66
1788035076.19,mlx4,42074,15.624,13.33,53.02,1.66
1788035076.6,mlx4,42074,15.624,12.85,53.33,1.66
1788035077.02,mlx4,42074,15.624,12.38,53.66,1.66
1788035077.43,mlx4,42074,15.624,11.9,53.99,1.66
1788035077.84,mlx4,42074,15.624,11.43,54.31,1.66
1788035078.26,mlx4,42074,15.624,11.4,54.33,1.66
1788035078.68,mlx4,42074,15.624,11.29,54.4,1.66
1788035079.09,mlx4,42074,15.624,11.39,54.38,1.66
1788035079.51,mlx4,42074,15.624,14.84,51.88,1.66
1788035079.92,mlx4,42074,15.624,16.45,50.86,1.66
1788035080.34,mlx4,42074,15.624,15.96,51.2,1.66
1788035080.75,mlx4,42074,15.624,15.47,51.53,1.66
1788035081.17,mlx4,42074,15.624,14.98,51.87,1.66
1788035081.59,mlx4,42074,15.624,14.49,52.21,1.66
1788035082.0,mlx4,42074,15.624,14.49,52.21,1.66
1788035082.42,mlx4,42074,15.624,14.01,52.54,1.66
1788035082.83,mlx4,42074,15.624,13.51,52.91,1.66
1788035083.25,mlx4,42074,15.624,13.02,53.29,1.66
1788035083.66,mlx4,42074,15.624,12.53,53.62,1.66
1788035084.08,mlx4,42074,15.624,12.05,53.93,1.66
1788035084.5,mlx4,42074,15.624,11.57,54.22,1.66
1788035084.9,mlx4,42074,15.624,11.31,54.4,1.66
1788035085.32,mlx4,42074,15.624,11.28,54.4,1.66
1788035085.74,mlx4,42074,15.624,11.29,54.41,1.66
1788035086.15,mlx4,42074,15.624,11.41,54.37,1.66
1788035086.57,mlx4,42074,15.624,11.27,54.42,1.66
1788035086.98,mlx4,42074,15.624,16.23,51.01,1.66
1788035087.4,mlx4,42074,15.624,16.23,51.01,1.66
1788035087.82,mlx4,42074,15.624,15.73,51.36,1.66
1788035088.23,mlx4,42074,15.624,15.23,51.7,1.66
1788035088.65,mlx4,42074,15.624,14.72,52.05,1.66
1788035089.07,mlx4,42074,15.624,14.23,52.43,1.66
1788035089.48,mlx4,42074,15.624,13.72,52.74,1.66
1788035089.89,mlx4,42074,15.624,13.22,53.08,1.66
1788035090.31,mlx4,42074,15.624,12.72,53.42,1.66
1788035090.72,mlx4,42074,15.624,12.73,53.42,1.66
1788035091.14,mlx4,42074,15.624,12.23,53.81,1.66
1788035091.55,mlx4,42074,15.624,11.72,54.11,1.66
1788035091.96,mlx4,42074,15.624,11.46,54.29,1.66
1788035092.38,mlx4,42074,15.624,11.26,54.43,1.66
1788035092.79,mlx4,42074,15.624,11.24,54.44,1.66
1788035093.21,mlx4,42074,15.624,11.36,54.4,1.66
1788035093.62,mlx4,42074,15.624,11.47,54.29,1.66
1788035094.03,mlx4,42074,15.624,11.28,54.41,1.66
1788035094.45,mlx4,42074,15.624,16.01,51.17,1.66
1788035094.87,mlx4,42074,15.624,15.5,51.52,1.66
1788035095.28,mlx4,42074,15.624,14.99,51.87,1.66
1788035095.7,mlx4,42074,15.624,14.98,51.87,1.66
1788035096.11,mlx4,42074,15.624,14.47,52.26,1.66
1788035096.53,mlx4,42074,15.624,13.96,52.57,1.66
1788035096.95,mlx4,42074,15.624,13.44,52.93,1.66
1788035097.36,mlx4,42074,15.624,12.93,53.28,1.66
1788035097.77,mlx4,42074,15.624,12.42,53.63,1.66
1788035098.18,mlx4,42074,15.624,11.9,54.03,1.66
1788035098.6,mlx4,42074,15.624,11.91,53.99,1.66
1788035099.01,mlx4,42074,15.624,11.39,54.34,1.66
1788035099.42,mlx4,42074,15.624,11.36,54.41,1.66
1788035099.84,mlx4,42074,15.624,11.28,54.47,1.66
1788035100.26,mlx4,42074,15.624,11.44,54.4,1.66
1788035100.67,mlx4,42074,15.624,11.25,54.53,1.66
1788035101.09,mlx4,42074,15.624,11.3,54.49,1.66
1788035101.5,mlx4,42074,15.624,11.42,54.37,1.66
1788035101.92,mlx4,42074,15.624,15.78,51.37,1.66
1788035102.33,mlx4,42074,15.624,15.26,51.68,1.66
1788035102.73,mlx4,42074,15.624,14.74,52.04,1.66
1788035103.14,mlx4,42074,15.624,14.74,52.08,1.66
1788035103.56,mlx4,42074,15.624,14.21,52.4,1.66
1788035103.98,mlx4,42074,15.624,13.68,52.76,1.66
1788035104.39,mlx4,42074,15.624,13.15,53.12,1.66
1788035104.8,mlx4,42074,15.624,12.63,53.48,1.66
1788035105.22,mlx4,42074,15.624,12.11,53.88,1.66
1788035105.62,mlx4,42074,15.624,11.58,54.2,1.66
1788035106.04,mlx4,42074,15.624,11.58,54.2,1.66
1788035106.46,mlx4,42074,15.624,11.31,54.39,1.66
1788035106.87,mlx4,42074,15.624,11.27,54.41,1.66
1788035107.29,mlx4,42074,15.624,11.23,54.48,1.66
1788035107.7,mlx4,42074,15.624,11.36,54.35,1.66
1788035108.12,mlx4,42074,15.624,11.42,54.35,1.66
1788035108.53,mlx4,42074,15.624,11.28,54.4,1.66
1788035108.95,mlx4,42074,15.624,11.36,54.35,1.66
1788035109.37,mlx4,42074,15.624,15.56,51.53,1.66
1788035109.78,mlx4,42074,15.624,15.02,51.9,1.66
1788035110.2,mlx4,42074,15.624,14.49,52.23,1.66
1788035110.62,mlx4,42074,15.624,14.48,52.22,1.66
1788035111.03,mlx4,42074,15.624,13.95,52.59,1.66
1788035111.44,mlx4,42074,15.624,13.41,52.94,1.66
1788035111.86,mlx4,42074,15.624,12.88,53.31,1.66
1788035112.27,mlx4,42074,15.624,12.34,53.68,1.66
1788035112.68,mlx4,42074,15.624,11.79,54.05,1.66
1788035113.1,mlx4,42074,15.624,11.53,54.28,1.66
1788035113.51,mlx4,42074,15.624,11.26,54.42,1.66
1788035113.93,mlx4,42074,15.624,11.23,54.44,1.66
1788035114.34,mlx4,42074,15.624,11.25,54.43,1.66
1788035114.76,mlx4,42074,15.624,11.48,54.27,1.66
1788035115.17,mlx4,42074,15.624,11.29,54.4,1.66
1788035115.59,mlx4,42074,15.624,11.42,54.32,1.66
1788035116.01,mlx4,42074,15.624,11.5,54.26,1.66
1788035116.42,mlx4,42074,15.624,11.36,54.35,1.66
1788035116.83,mlx4,42074,15.624,15.34,51.62,1.66
1788035117.24,mlx4,42074,15.624,15.17,51.74,1.66
1788035117.66,mlx4,42074,15.624,14.79,52.0,1.66
1788035118.06,mlx4,42074,15.624,14.24,52.37,1.66
1788035118.48,mlx4,42074,15.624,13.69,52.75,1.66
1788035118.9,mlx4,42074,15.624,13.14,53.13,1.66
1788035119.31,mlx4,42074,15.624,12.59,53.51,1.66
1788035119.73,mlx4,42074,15.624,12.08,53.85,1.66
1788035120.15,mlx4,42074,15.624,12.04,53.92,1.66
1788035120.56,mlx4,42074,15.624,11.5,54.26,1.66
1788035120.98,mlx4,42074,15.624,11.47,54.28,1.66
1788035121.39,mlx4,42074,15.624,11.29,54.41,1.66
1788035121.81,mlx4,42074,15.624,11.29,54.4,1.66
1788035122.23,mlx4,42074,15.624,11.49,54.27,1.66
1788035122.64,mlx4,42074,15.624,11.31,54.4,1.66
1788035123.06,mlx4,42074,15.624,11.44,54.3,1.66
1788035123.46,mlx4,42074,15.624,11.3,54.45,1.66
1788035123.87,mlx4,42074,15.624,11.38,54.4,1.66
1788035124.28,mlx4,42074,15.624,16.2,51.03,1.66
1788035124.69,mlx4,42074,15.624,15.13,51.77,1.66
1788035125.1,mlx4,42074,15.624,14.56,52.2,1.66
1788035125.52,mlx4,42074,15.624,14.0,52.54,1.66
1788035125.94,mlx4,42074,15.624,13.44,52.93,1.66
1788035126.35,mlx4,42074,15.624,13.44,52.93,1.66
1788035126.77,mlx4,42074,15.624,12.88,53.31,1.66
1788035127.18,mlx4,42074,15.624,12.32,53.74,1.66
1788035127.6,mlx4,42074,15.624,11.75,54.09,1.66
1788035128.01,mlx4,42074,15.624,11.46,54.29,1.66
1788035128.43,mlx4,42074,15.624,11.43,54.31,1.66
1788035128.85,mlx4,42074,15.624,11.29,54.4,1.66
1788035129.26,mlx4,42074,15.624,11.28,54.41,1.66
1788035129.68,mlx4,42074,15.624,11.3,54.4,1.66
1788035130.1,mlx4,42074,15.624,11.38,54.34,1.66
1788035130.51,mlx4,42074,15.624,11.24,54.44,1.66
1788035130.93,mlx4,42074,15.624,11.34,54.37,1.66
1788035131.34,mlx4,42074,15.624,11.48,54.28,1.66
1788035131.76,mlx4,42074,15.624,11.35,54.37,1.66
1788035132.18,mlx4,42074,15.624,14.91,51.96,1.66
1788035132.59,mlx4,42074,15.624,14.91,51.92,1.66
1788035133.01,mlx4,42074,15.624,14.33,52.31,1.66
1788035133.42,mlx4,42074,15.624,13.76,52.71,1.66
1788035133.83,mlx4,42074,15.624,13.19,53.1,1.66
1788035134.25,mlx4,42074,15.624,12.62,53.54,1.66
1788035134.66,mlx4,42074,15.624,12.62,53.5,1.66
1788035135.08,mlx4,42074,15.624,12.04,53.89,1.66
1788035135.49,mlx4,42074,15.624,11.47,54.29,1.66
1788035135.91,mlx4,42074,15.624,11.45,54.3,1.66
1788035136.32,mlx4,42074,15.624,11.3,54.4,1.66
1788035136.73,mlx4,42074,15.624,11.27,54.42,1.66
1788035137.15,mlx4,42074,15.624,11.27,54.46,1.66
1788035137.56,mlx4,42074,15.624,11.26,54.43,1.66
1788035137.98,mlx4,42074,15.624,11.34,54.37,1.66
1788035138.39,mlx4,42074,15.624,11.43,54.31,1.66
1788035138.8,mlx4,42074,15.624,11.3,54.4,1.66
1788035139.22,mlx4,42074,15.624,11.4,54.37,1.66
1788035139.63,mlx4,42074,15.624,11.26,54.43,1.66
1788035140.04,mlx4,42074,15.624,14.69,52.07,1.66
1788035140.46,mlx4,42074,15.624,14.69,52.07,1.66
1788035140.86,mlx4,42074,15.624,14.11,52.47,1.66
1788035141.28,mlx4,42074,15.624,13.52,52.91,1.66
1788035141.7,mlx4,42074,15.624,12.93,53.28,1.66
1788035142.11,mlx4,42074,15.624,12.35,53.68,1.66
1788035142.53,mlx4,42074,15.624,11.82,54.04,1.66
1788035142.94,mlx4,42074,15.624,11.76,54.08,1.66
1788035143.36,mlx4,42074,15.624,11.46,54.3,1.66
1788035143.78,mlx4,42074,15.624,11.28,54.42,1.66
1788035144.19,mlx4,42074,15.624,11.3,54.44,1.66
1788035144.61,mlx4,42074,15.624,11.49,54.27,1.66
1788035145.02,mlx4,42074,15.624,11.31,54.4,1.66
1788035145.44,mlx4,42074,15.624,11.52,54.25,1.66
1788035145.86,mlx4,42074,15.624,11.32,54.39,1.66
1788035146.27,mlx4,42074,15.624,11.42,54.36,1.66
1788035146.69,mlx4,42074,15.624,11.28,54.41,1.66
1788035147.1,mlx4,42074,15.624,11.38,54.34,1.66
1788035147.51,mlx4,42074,15.624,11.25,54.49,1.66
1788035147.93,mlx4,42074,15.624,14.47,52.28,1.66
1788035148.34,mlx4,42074,15.624,14.47,52.32,1.66
1788035148.76,mlx4,42074,15.624,13.87,52.68,1.66
1788035149.18,mlx4,42074,15.624,13.28,53.13,1.66
1788035149.59,mlx4,42074,15.624,12.67,53.45,1.66
1788035150.01,mlx4,42074,15.624,12.07,53.87,1.66
1788035150.42,mlx4,42074,15.624,12.07,53.87,1.66
1788035150.84,mlx4,42074,15.624,11.47,54.28,1.66
1788035151.26,mlx4,42074,15.624,11.45,54.33,1.66
1788035151.67,mlx4,42074,15.624,11.28,54.41,1.66
1788035152.08,mlx4,42074,15.624,11.29,54.4,1.66
1788035152.48,mlx4,42074,15.624,11.29,54.4,1.66
1788035152.9,mlx4,42074,15.624,11.4,54.33,1.66
1788035153.31,mlx4,42074,15.624,11.5,54.3,1.66
1788035153.73,mlx4,42074,15.624,11.3,54.39,1.66
1788035154.14,mlx4,42074,15.624,11.47,54.29,1.66
1788035154.55,mlx4,42074,15.624,11.28,54.41,1.66
1788035154.97,mlx4,42074,15.624,11.5,54.26,1.66
1788035155.38,mlx4,42074,15.624,11.31,54.39,1.66
1788035155.8,mlx4,42074,15.624,15.31,51.64,1.66
1788035156.22,mlx4,42074,15.624,14.25,52.37,1.66
1788035156.63,mlx4,42074,15.624,13.64,52.79,1.66
1788035157.05,mlx4,42074,15.624,13.03,53.21,1.66
1788035157.47,mlx4,42074,15.624,12.96,53.26,1.66
1788035157.88,mlx4,42074,15.624,12.42,53.63,1.66
1788035158.3,mlx4,42074,15.624,11.81,54.05,1.66
1788035158.71,mlx4,42074,15.624,11.49,54.27,1.66
1788035159.13,mlx4,42074,15.624,11.29,54.4,1.66
1788035159.54,mlx4,42074,15.624,11.29,54.4,1.66
1788035159.96,mlx4,42074,15.624,11.29,54.4,1.66
1788035160.38,mlx4,42074,15.624,11.29,54.42,1.66
1788035160.79,mlx4,42074,15.624,11.39,54.35,1.66
1788035161.2,mlx4,42074,15.624,11.26,54.48,1.66
1788035161.62,mlx4,42074,15.624,11.37,54.36,1.66
1788035162.03,mlx4,42074,15.624,11.3,54.41,1.66
1788035162.45,mlx4,42074,15.624,11.41,54.32,1.66
1788035162.86,mlx4,42074,15.624,11.51,54.25,1.66
1788035163.27,mlx4,42074,15.624,11.37,54.34,1.66
1788035163.69,mlx4,42074,15.624,11.49,54.26,1.66
1788035164.1,mlx4,42074,15.624,14.03,52.52,1.66
1788035164.5,mlx4,42074,15.624,14.02,52.52,1.66
1788035164.92,mlx4,42074,15.624,13.4,52.95,1.66
1788035165.34,mlx4,42074,15.624,12.77,53.38,1.66
1788035165.75,mlx4,42074,15.624,12.15,53.81,1.66
1788035166.17,mlx4,42074,15.624,11.53,54.24,1.66
1788035166.58,mlx4,42074,15.624,11.53,54.24,1.66
1788035166.99,mlx4,42074,15.624,11.51,54.25,1.66
1788035167.41,mlx4,42074,15.624,11.25,54.43,1.66
1788035167.83,mlx4,42074,15.624,11.24,54.44,1.66
1788035168.24,mlx4,42074,15.624,11.35,54.4,1.66
1788035168.66,mlx4,42074,15.624,11.53,54.23,1.66
1788035169.07,mlx4,42074,15.624,11.4,54.34,1.66
1788035169.49,mlx4,42074,15.624,11.51,54.27,1.66
1788035169.91,mlx4,42074,15.624,11.31,54.4,1.66
1788035170.32,mlx4,42074,15.624,11.49,54.28,1.66
1788035170.74,mlx4,42074,15.624,11.36,54.37,1.66
1788035171.15,mlx4,42074,15.624,11.53,54.25,1.66
1788035171.57,mlx4,42074,15.624,11.34,54.43,1.66
1788035171.99,mlx4,42074,15.624,14.95,51.94,1.66
1788035172.4,mlx4,42074,15.624,13.8,52.73,1.66
1788035172.81,mlx4,42074,15.624,13.17,53.17,1.66
1788035173.22,mlx4,42074,15.624,12.53,53.65,1.66
1788035173.64,mlx4,42074,15.624,12.53,53.55,1.66
1788035174.06,mlx4,42074,15.624,11.9,53.98,1.66
1788035174.47,mlx4,42074,15.624,11.26,54.42,1.66
1788035174.89,mlx4,42074,15.624,11.23,54.44,1.66
1788035175.3,mlx4,42074,15.624,11.23,54.48,1.66
1788035175.71,mlx4,42074,15.624,11.27,54.41,1.66
1788035176.13,mlx4,42074,15.624,11.25,54.43,1.66
1788035176.54,mlx4,42074,15.624,11.3,54.39,1.66
1788035176.95,mlx4,42074,15.624,11.47,54.27,1.66
1788035177.36,mlx4,42074,15.624,11.35,54.36,1.66
1788035177.78,mlx4,42074,15.624,11.53,54.23,1.66
1788035178.19,mlx4,42074,15.624,11.33,54.37,1.66
1788035178.61,mlx4,42074,15.625,11.49,54.25,1.66
1788035179.02,mlx4,42074,15.625,11.31,54.37,1.66
1788035179.43,mlx4,42074,15.625,11.23,54.42,1.66
1788035179.84,mlx4,42074,15.625,11.35,54.34,1.66
1788035180.26,mlx4,42074,15.625,14.36,52.32,1.66
1788035180.67,mlx4,42074,15.625,13.67,52.74,1.66
1788035181.08,mlx4,42074,15.625,13.02,53.19,1.66
1788035181.5,mlx4,42074,15.625,12.37,53.63,1.66
1788035181.91,mlx4,42074,15.625,12.36,53.63,1.66
1788035182.33,mlx4,42074,15.625,11.71,54.12,1.66
1788035182.74,mlx4,42074,15.624,11.39,54.31,1.66
1788035183.16,mlx4,42074,15.624,11.24,54.41,1.66
1788035183.57,mlx4,42074,15.624,11.24,54.41,1.66
1788035183.98,mlx4,42074,15.624,11.2,54.44,1.66
1788035184.4,mlx4,42074,15.624,11.49,54.24,1.66
1788035184.82,mlx4,42074,15.624,11.29,54.38,1.66
1788035185.23,mlx4,42074,15.624,11.16,54.51,1.66
1788035185.65,mlx4,42074,15.624,11.35,54.34,1.66
1788035186.06,mlx4,42074,15.624,11.22,54.43,1.66
1788035186.47,mlx4,42074,15.624,11.34,54.34,1.66
1788035186.88,mlx4,42074,15.624,11.2,54.44,1.66
1788035187.29,mlx4,42074,15.624,11.4,54.34,1.66
1788035187.7,mlx4,42074,15.624,11.27,54.39,1.66
1788035188.12,mlx4,42074,15.624,11.39,54.31,1.66
1788035188.54,mlx4,42074,15.624,14.5,52.17,1.66
1788035188.95,mlx4,42074,15.624,13.33,52.98,1.66
1788035189.37,mlx4,42074,15.624,12.67,53.47,1.66
1788035189.78,mlx4,42074,15.624,12.01,53.88,1.66
1788035190.2,mlx4,42074,15.624,12.01,53.88,1.66
1788035190.61,mlx4,42074,15.624,11.35,54.34,1.66
1788035191.03,mlx4,42074,15.624,11.33,54.35,1.66
1788035191.44,mlx4,42074,15.624,11.22,54.47,1.66
1788035191.86,mlx4,42074,15.624,11.21,54.43,1.66
1788035192.27,mlx4,42074,15.624,11.23,54.46,1.66
1788035192.69,mlx4,42074,15.624,11.2,54.44,1.66
1788035193.1,mlx4,42074,15.624,11.39,54.31,1.66
1788035193.5,mlx4,42074,15.624,11.21,54.44,1.66
1788035193.92,mlx4,42074,15.624,11.46,54.26,1.66
1788035194.34,mlx4,42074,15.624,11.26,54.44,1.66
1788035194.75,mlx4,42074,15.624,11.45,54.27,1.66
1788035195.17,mlx4,42074,15.624,11.26,54.39,1.66
1788035195.59,mlx4,42074,15.624,11.52,54.28,1.66
1788035196.0,mlx4,42074,15.624,11.32,54.41,1.66
1788035196.42,mlx4,42074,15.624,11.45,54.36,1.66
1788035196.84,mlx4,42074,15.624,11.32,54.4,1.66
1788035197.25,mlx4,42074,15.624,13.1,53.21,1.66
1788035197.67,mlx4,42074,15.624,12.43,53.59,1.66
1788035198.09,mlx4,42074,15.624,12.43,53.59,1.66
1788035198.5,mlx4,42074,15.624,11.76,54.05,1.66
1788035198.9,mlx4,42074,15.624,11.41,54.29,1.66
1788035199.31,mlx4,42074,15.624,11.25,54.44,1.66
1788035199.73,mlx4,42074,15.624,11.25,54.4,1.66
1788035200.14,mlx4,42074,15.624,11.25,54.4,1.66
1788035200.56,mlx4,42074,15.624,11.25,54.4,1.66
1788035200.97,mlx4,42074,15.624,11.3,54.37,1.66
1788035201.39,mlx4,42074,15.624,11.51,54.23,1.66
1788035201.81,mlx4,42074,15.624,11.37,54.32,1.66
1788035202.22,mlx4,42074,15.624,11.51,54.23,1.66
1788035202.64,mlx4,42074,15.624,11.37,54.32,1.66
1788035203.05,mlx4,42074,15.624,11.52,54.22,1.66
1788035203.46,mlx4,42074,15.624,11.45,54.27,1.66
1788035203.88,mlx4,42074,15.624,11.25,54.4,1.66
1788035204.3,mlx4,42074,15.624,11.45,54.31,1.66
1788035204.71,mlx4,42074,15.624,11.27,54.39,1.66
1788035205.13,mlx4,42074,15.624,11.52,54.22,1.66
1788035205.55,mlx4,42074,15.624,13.57,52.81,1.66
1788035205.96,mlx4,42074,15.624,12.89,53.28,1.66
1788035206.38,mlx4,42074,15.624,12.21,53.75,1.66
1788035206.79,mlx4,42074,15.624,11.52,54.22,1.66
1788035207.21,mlx4,42074,15.624,11.52,54.22,1.66
1788035207.62,mlx4,42074,15.624,11.49,54.24,1.66
1788035208.04,mlx4,42074,15.624,11.23,54.41,1.66
1788035208.45,mlx4,42074,15.624,11.23,54.42,1.66
1788035208.87,mlx4,42074,15.624,11.22,54.42,1.65
1788035209.28,mlx4,42074,15.624,11.48,54.28,1.65
1788035209.7,mlx4,42074,15.624,11.29,54.37,1.65
1788035210.11,mlx4,42074,15.624,11.43,54.28,1.65
1788035210.53,mlx4,42074,15.624,11.31,54.36,1.65
1788035210.94,mlx4,42074,15.624,11.23,54.41,1.65
1788035211.36,mlx4,42074,15.624,11.37,54.31,1.65
1788035211.77,mlx4,42074,15.624,11.23,54.41,1.65
1788035212.18,mlx4,42074,15.624,11.39,54.3,1.65
1788035212.6,mlx4,42074,15.624,11.32,54.35,1.65
1788035213.01,mlx4,42074,15.624,11.46,54.25,1.65
1788035213.43,mlx4,42074,15.624,11.32,54.35,1.65
1788035213.85,mlx4,42074,15.624,11.47,54.24,1.65
1788035214.26,mlx4,42074,15.624,12.65,53.43,1.65
1788035214.68,mlx4,42074,15.624,12.65,53.43,1.65
1788035215.09,mlx4,42074,15.624,11.96,53.91,1.65
1788035215.51,mlx4,42074,15.624,11.26,54.39,1.65
1788035215.93,mlx4,42074,15.624,11.24,54.4,1.65
1788035216.34,mlx4,42074,15.624,11.24,54.44,1.65
1788035216.76,mlx4,42074,15.624,11.21,54.42,1.65
1788035217.17,mlx4,42074,15.624,11.19,54.44,1.65
1788035217.58,mlx4,42074,15.624,11.27,54.39,1.65
1788035218.0,mlx4,42074,15.624,11.49,54.23,1.65
1788035218.41,mlx4,42074,15.624,11.35,54.33,1.65
1788035218.83,mlx4,42074,15.624,11.5,54.23,1.65
1788035219.24,mlx4,42074,15.624,11.28,54.32,1.65
1788035219.66,mlx4,42074,15.624,11.24,54.46,1.65
1788035220.06,mlx4,42074,15.624,11.45,54.31,1.65
1788035220.47,mlx4,42074,15.624,11.25,54.44,1.65
1788035220.89,mlx4,42074,15.624,11.47,54.29,1.65
1788035221.3,mlx4,42074,15.624,11.39,54.39,1.65
1788035221.72,mlx4,42074,15.624,11.2,54.44,1.65
1788035222.13,mlx4,42074,15.624,11.34,54.34,1.65
1788035222.55,mlx4,42074,15.624,11.23,54.41,1.65
1788035222.96,mlx4,42074,15.624,12.43,53.58,1.65
1788035223.38,mlx4,42074,15.624,12.43,53.62,1.65
1788035223.79,mlx4,42074,15.624,11.72,54.07,1.65
1788035224.21,mlx4,42074,15.624,11.35,54.32,1.65
1788035224.63,mlx4,42074,15.624,11.23,54.4,1.65
1788035225.04,mlx4,42074,15.624,11.23,54.4,1.65
1788035225.46,mlx4,42074,15.624,11.2,54.43,1.65
1788035225.87,mlx4,42074,15.624,11.22,54.41,1.65
1788035226.28,mlx4,42074,15.624,11.33,54.34,1.65
1788035226.69,mlx4,42074,15.624,11.21,54.42,1.65
1788035227.11,mlx4,42074,15.624,11.42,54.27,1.65
1788035227.53,mlx4,42074,15.624,11.23,54.41,1.65
1788035227.94,mlx4,42074,15.624,11.44,54.26,1.65
1788035228.36,mlx4,42074,15.624,11.33,54.38,1.65
1788035228.77,mlx4,42074,15.624,11.19,54.44,1.65
1788035229.17,mlx4,42074,15.624,11.34,54.35,1.65
1788035229.59,mlx4,42074,15.624,11.22,54.43,1.65
1788035230.01,mlx4,42074,15.624,11.49,54.24,1.65
1788035230.42,mlx4,42074,15.624,11.29,54.42,1.65
1788035230.83,mlx4,42074,15.624,11.45,54.27,1.65
1788035231.25,mlx4,42074,15.624,11.33,54.35,1.65
1788035231.67,mlx4,42074,15.624,12.0,53.88,1.65
1788035232.08,mlx4,42074,15.624,11.22,54.42,1.65
1788035232.49,mlx4,42074,15.624,11.24,54.44,1.65
1788035232.9,mlx4,42074,15.624,11.23,54.41,1.65
1788035233.32,mlx4,42074,15.624,11.19,54.47,1.65
1788035233.74,mlx4,42074,15.624,11.51,54.21,1.65
1788035234.15,mlx4,42074,15.624,11.38,54.31,1.65
1788035234.57,mlx4,42074,15.624,11.24,54.4,1.65
1788035234.98,mlx4,42074,15.624,11.46,54.25,1.65
1788035235.4,mlx4,42074,15.624,11.33,54.38,1.65
1788035235.81,mlx4,42074,15.624,11.19,54.44,1.65
1788035236.23,mlx4,42074,15.624,8.83,56.06,1.65
1788035236.65,mlx4,42074,15.623,18.36,49.4,1.65
1788035237.07,mlx4,42074,15.623,18.36,49.51,1.65
1788035237.5,mlx4,42074,15.623,18.36,49.47,1.65
1788035237.92,mlx4,42074,15.623,18.4,49.42,1.65
1788035238.34,mlx4,42074,15.623,18.43,3.37,1.65
1788035238.77,mlx4,42074,15.623,18.45,3.33,1.65
1788035239.19,mlx4,42074,15.623,18.45,3.33,1.65
1788035239.61,mlx4,42074,15.623,18.49,3.33,1.65
1788035240.03,mlx4,42074,15.623,18.51,3.33,1.65
1788035240.46,mlx4,42074,15.623,18.56,3.37,1.65
1788035240.89,mlx4,42074,15.623,18.59,3.33,1.65
1788035241.31,mlx4,42074,15.623,18.6,3.33,1.65
1788035241.73,mlx4,42074,15.623,18.66,3.33,1.65
1788035242.15,mlx4,42074,15.623,18.66,3.33,1.65
1788035242.57,mlx4,42074,15.623,18.69,3.33,1.65
1788035242.99,mlx4,42074,15.623,18.71,3.33,1.65
1788035243.41,mlx4,42074,15.623,18.76,3.37,1.65
1788035243.83,mlx4,42074,15.623,18.77,3.33,1.65
1788035244.26,mlx4,42074,15.623,18.78,3.33,1.65
1788035244.68,mlx4,42074,15.623,18.83,3.33,1.65
1788035245.1,mlx4,42074,15.623,18.83,3.33,1.65
1788035245.52,mlx4,42074,15.623,18.87,3.37,1.65
1788035245.95,mlx4,42074,15.623,18.88,3.33,1.65
1788035246.37,mlx4,42074,15.623,18.9,3.37,1.65
1788035246.79,mlx4,42074,15.623,18.93,3.33,1.65
1788035247.22,mlx4,42074,15.623,18.94,3.33,1.65
1788035247.65,mlx4,42074,15.623,18.97,3.33,1.65
1788035248.07,mlx4,42074,15.623,18.98,3.33,1.65
1788035248.49,mlx4,42074,15.623,19.02,3.37,1.65
1788035248.92,mlx4,42074,15.623,19.03,3.33,1.65
1788035249.34,mlx4,42074,15.623,19.06,3.37,1.65
1788035249.77,mlx4,42074,15.623,19.07,3.33,1.65
1788035250.19,mlx4,42074,15.623,19.08,3.33,1.65
1788035250.62,mlx4,42074,15.623,19.13,3.33,1.65
1788035251.04,mlx4,42074,15.623,19.14,3.33,1.65
1788035251.47,mlx4,42074,15.623,19.2,3.37,1.65
1788035251.89,mlx4,42074,15.623,19.22,3.33,1.65
1788035252.31,mlx4,42074,15.623,19.23,3.33,1.65
1788035252.72,mlx4,42074,15.623,19.51,3.33,1.65
1788035253.14,mlx4,42074,15.623,19.65,3.37,1.65
1788035253.56,mlx4,42074,15.623,19.66,3.37,1.65
1788035253.99,mlx4,42074,15.623,20.23,3.14,1.65
1788035254.41,mlx4,42074,15.623,20.38,3.38,1.65
1788035254.83,mlx4,42074,15.623,20.38,3.38,1.65
1788035255.26,mlx4,42074,15.623,20.39,3.38,1.65
1788035255.68,mlx4,42074,15.623,20.4,3.34,1.65
1788035256.11,mlx4,42074,15.623,20.41,3.34,1.65
1788035256.53,mlx4,42074,15.623,20.46,3.38,1.65
1788035256.96,mlx4,42074,15.623,20.47,3.34,1.65
1788035257.38,mlx4,42074,15.623,20.5,3.38,1.65
1788035257.81,mlx4,42074,15.623,20.5,3.34,1.65
1788035258.24,mlx4,42074,15.623,20.52,3.34,1.65
1788035258.66,mlx4,42074,15.623,20.55,3.34,1.65
1788035259.08,mlx4,42074,15.623,20.6,3.33,1.65
1788035259.51,mlx4,42074,15.623,20.67,3.35,1.65
1788035259.93,mlx4,42074,15.623,20.68,3.35,1.65
1788035260.35,mlx4,42074,15.623,20.7,3.35,1.65
1788035260.78,mlx4,42074,15.623,20.75,3.35,1.65
1788035261.21,mlx4,42074,15.623,20.83,3.39,1.65
1788035261.63,mlx4,42074,15.623,20.83,3.33,1.65
1788035262.05,mlx4,42074,15.623,20.84,3.33,1.65
1788035262.48,mlx4,42074,15.623,21.55,3.33,1.65
1788035262.9,mlx4,42074,15.623,21.56,3.33,1.65
1788035263.32,mlx4,42074,15.623,21.57,3.33,1.65
1788035263.74,mlx4,42074,15.623,21.69,3.33,1.65
1788035264.17,mlx4,42074,15.623,21.7,3.33,1.65
1788035264.6,mlx4,42074,15.623,21.74,3.33,1.65
1788035265.02,mlx4,42074,15.623,21.75,3.33,1.65
1788035265.44,mlx4,42074,15.623,21.79,3.33,1.65
1788035265.87,mlx4,42074,15.623,21.8,3.33,1.65
1788035266.29,mlx4,42074,15.623,21.8,3.33,1.65
1788035266.71,mlx4,42074,15.623,21.86,3.33,1.65
1788035267.13,mlx4,42074,15.623,21.89,3.37,1.65
1788035267.55,mlx4,42074,15.623,21.9,3.33,1.65
1788035267.98,mlx4,42074,15.623,21.92,3.37,1.65
1788035268.4,mlx4,42074,15.623,21.94,3.33,1.65
1788035268.83,mlx4,42074,15.623,22.39,3.14,1.65
1788035269.25,mlx4,42074,15.623,22.4,3.14,1.65
1788035269.67,mlx4,42074,15.623,22.65,3.33,1.65
1788035270.09,mlx4,42074,15.623,22.65,3.33,1.65
1788035270.51,mlx4,42074,15.623,22.81,3.33,1.65
1788035270.94,mlx4,42074,15.623,22.85,3.33,1.65
1788035271.36,mlx4,42074,15.623,23.24,3.2,1.65
1788035271.79,mlx4,42074,15.623,23.47,3.33,1.65
1788035272.21,mlx4,42074,15.623,23.47,3.33,1.65
1788035272.63,mlx4,42074,15.623,23.51,3.33,1.65
1788035273.05,mlx4,42074,15.623,23.52,3.33,1.65
1788035273.47,mlx4,42074,15.623,23.55,3.33,1.65
1788035273.89,mlx4,42074,15.623,23.56,3.37,1.65
1788035274.31,mlx4,42074,15.623,23.57,3.37,1.65
1788035274.74,mlx4,42074,15.623,24.18,3.14,1.65
1788035275.16,mlx4,42074,15.623,24.19,3.14,1.65
1788035275.59,mlx4,42074,15.623,24.31,3.33,1.65
1788035276.01,mlx4,42074,15.623,24.32,3.33,1.65
1788035276.43,mlx4,42074,15.623,24.45,3.37,1.65
1788035276.86,mlx4,42074,15.623,24.46,3.33,1.65
1788035277.29,mlx4,42074,15.623,24.46,3.33,1.65
1788035277.71,mlx4,42074,15.623,24.51,3.37,1.65
1788035278.14,mlx4,42074,15.623,24.52,3.37,1.65
1788035278.56,mlx4,42074,15.623,24.7,3.33,1.65
1788035278.98,mlx4,42074,15.623,25.12,3.14,1.65
1788035279.41,mlx4,42074,15.623,25.26,3.33,1.65
1788035279.83,mlx4,42074,15.623,25.26,3.33,1.65
1788035280.25,mlx4,42074,15.623,25.68,3.18,1.65
1788035280.67,mlx4,42074,15.623,25.89,3.34,1.65
1788035281.09,mlx4,42074,15.623,25.9,3.34,1.65
1788035281.51,mlx4,42074,15.623,26.07,3.38,1.65
1788035281.94,mlx4,42074,15.623,26.08,3.34,1.65
1788035282.36,mlx4,42074,15.623,26.09,3.34,1.65
1788035282.79,mlx4,42074,15.623,26.12,3.33,1.65
1788035283.21,mlx4,42074,15.623,26.13,3.33,1.65
1788035283.64,mlx4,42074,15.623,26.17,3.33,1.65
1788035284.07,mlx4,42074,15.623,26.18,3.33,1.65
1788035284.49,mlx4,42074,15.623,26.22,3.37,1.65
1788035284.91,mlx4,42074,15.623,26.26,3.32,1.65
1788035285.34,mlx4,42074,15.623,26.26,3.32,1.65
1788035285.76,mlx4,42074,15.623,26.35,3.32,1.65
1788035286.18,mlx4,42074,15.623,26.36,3.32,1.65
1788035286.6,mlx4,42074,15.623,26.4,3.32,1.65
1788035287.03,mlx4,42074,15.623,26.41,3.32,1.65
1788035287.45,mlx4,42074,15.623,26.45,3.36,1.65
1788035287.88,mlx4,42074,15.623,26.46,3.32,1.65
1788035288.3,mlx4,42074,15.623,26.46,3.32,1.65
1788035288.72,mlx4,42074,15.623,26.51,3.32,1.65
1788035289.15,mlx4,42074,15.623,26.55,3.31,1.65
1788035289.57,mlx4,42074,15.623,26.63,3.35,1.65
1788035289.99,mlx4,42074,15.623,26.63,3.32,1.65
1788035290.42,mlx4,42074,15.623,26.66,3.36,1.65
1788035290.85,mlx4,42074,15.623,26.68,3.32,1.65
1788035291.26,mlx4,42074,15.623,26.68,3.32,1.65
1788035291.69,mlx4,42074,15.623,26.72,3.32,1.65
1788035292.11,mlx4,42074,15.623,26.75,3.32,1.65
1788035292.54,mlx4,42074,15.623,26.84,3.36,1.65
1788035292.96,mlx4,42074,15.623,26.85,3.32,1.65
1788035293.38,mlx4,42074,15.623,26.86,3.32,1.65
1788035293.8,mlx4,42074,15.623,26.89,3.32,1.65
1788035294.22,mlx4,42074,15.623,26.91,3.32,1.65
1788035294.65,mlx4,42074,15.623,26.94,3.32,1.65
1788035295.07,mlx4,42074,15.623,26.95,3.32,1.65
1788035295.49,mlx4,42074,15.623,26.99,3.36,1.65
1788035295.91,mlx4,42074,15.623,26.99,3.32,1.65
1788035296.33,mlx4,42074,15.623,27.04,3.32,1.65
1788035296.75,mlx4,42074,15.623,27.16,3.32,1.65
1788035297.18,mlx4,42074,15.623,27.17,3.32,1.65
1788035297.61,mlx4,42074,15.623,27.21,3.36,1.65
1788035298.03,mlx4,42074,15.623,27.23,3.32,1.65
1788035298.45,mlx4,42074,15.623,27.27,3.36,1.65
1788035298.88,mlx4,42074,15.623,27.28,3.32,1.65
1788035299.3,mlx4,42074,15.623,27.29,3.32,1.65
1788035299.72,mlx4,42074,15.623,27.34,3.36,1.65
1788035300.15,mlx4,42074,15.623,27.35,3.36,1.65
1788035300.58,mlx4,42074,15.623,27.36,3.36,1.65
1788035301.0,mlx4,42074,15.623,27.99,3.13,1.65
1788035301.42,mlx4,42074,15.623,28.0,3.13,1.65
1788035301.84,mlx4,42074,15.623,28.13,3.32,1.65
1788035302.27,mlx4,42074,15.623,28.13,3.32,1.65
1788035302.7,mlx4,42074,15.623,28.26,3.32,1.65
1788035303.12,mlx4,42074,15.623,28.27,3.32,1.65
1788035303.53,mlx4,42074,15.623,28.35,3.36,1.65
1788035303.96,mlx4,42074,15.623,28.36,3.32,1.65
1788035304.38,mlx4,42074,15.623,28.36,3.32,1.65
1788035304.8,mlx4,42074,15.623,28.4,3.32,1.65
1788035305.22,mlx4,42074,15.623,28.42,3.36,1.65
1788035305.65,mlx4,42074,15.623,28.43,3.36,1.65
1788035306.06,mlx4,42074,15.623,28.62,3.32,1.65
1788035306.49,mlx4,42074,15.623,29.16,3.32,1.65
1788035306.91,mlx4,42074,15.623,29.17,3.32,1.65
1788035307.33,mlx4,42074,15.623,29.21,3.33,1.65
1788035307.76,mlx4,42074,15.623,29.33,3.33,1.65
1788035308.18,mlx4,42074,15.623,29.33,3.33,1.65
1788035308.6,mlx4,42074,15.623,29.37,3.33,1.65
1788035309.02,mlx4,42074,15.623,29.39,3.33,1.65
1788035309.44,mlx4,42074,15.623,29.4,3.33,1.65
1788035309.87,mlx4,42074,15.623,29.45,3.32,1.65
1788035310.29,mlx4,42074,15.623,29.46,3.32,1.65
1788035310.71,mlx4,42074,15.623,29.5,3.32,1.65
1788035311.14,mlx4,42074,15.623,29.51,3.32,1.65
1788035311.56,mlx4,42074,15.623,29.55,3.32,1.65
1788035311.98,mlx4,42074,15.623,29.56,3.32,1.65
1788035312.41,mlx4,42074,15.623,29.56,3.32,1.65
1788035312.83,mlx4,42074,15.623,29.62,3.32,1.65
1788035313.26,mlx4,42074,15.623,29.63,3.32,1.65
1788035313.68,mlx4,42074,15.623,29.71,3.32,1.65
1788035314.1,mlx4,42074,15.623,29.72,3.32,1.65
1788035314.53,mlx4,42074,15.623,29.84,3.32,1.65
1788035314.96,mlx4,42074,15.623,29.84,3.32,1.65
1788035315.38,mlx4,42074,15.623,29.85,3.32,1.65
1788035315.8,mlx4,42074,15.623,29.91,3.32,1.65
1788035316.23,mlx4,42074,15.623,29.92,3.32,1.65
1788035316.65,mlx4,42074,15.623,29.96,3.32,1.65
1788035317.07,mlx4,42074,15.623,29.97,3.32,1.65
1788035317.49,mlx4,42074,15.623,30.0,3.36,1.65
1788035317.91,mlx4,42074,15.623,30.01,3.32,1.65
1788035318.34,mlx4,42074,15.623,30.02,3.32,1.65
1788035318.75,mlx4,42074,15.623,30.06,3.32,1.65
1788035319.18,mlx4,42074,15.623,30.1,3.32,1.65
1788035319.6,mlx4,42074,15.623,30.19,3.32,1.65
1788035320.03,mlx4,42074,15.623,30.21,3.36,1.65
1788035320.45,mlx4,42074,15.623,30.22,3.36,1.65
1788035320.88,mlx4,42074,15.623,30.23,3.36,1.65
1788035321.3,mlx4,42074,15.623,30.24,3.32,1.65
1788035321.73,mlx4,42074,15.623,30.27,3.32,1.65
1788035322.15,mlx4,42074,15.623,30.28,3.32,1.65
1788035322.58,mlx4,42074,15.623,30.31,3.32,1.65
1788035323.0,mlx4,42074,15.623,30.32,3.32,1.65
1788035323.43,mlx4,42074,15.623,30.33,3.32,1.65
1788035323.85,mlx4,42074,15.623,30.37,3.32,1.65
1788035324.28,mlx4,42074,15.623,30.37,3.32,1.65
1788035324.7,mlx4,42074,15.623,30.4,3.32,1.65
1788035325.12,mlx4,42074,15.623,30.41,3.32,1.65
1788035325.55,mlx4,42074,15.623,30.46,3.36,1.65
1788035325.97,mlx4,42074,15.623,30.47,3.32,1.65
1788035326.39,mlx4,42074,15.623,30.47,3.32,1.65
1788035326.82,mlx4,42074,15.623,30.52,3.32,1.65
1788035327.23,mlx4,42074,15.623,30.53,3.32,1.65
1788035327.66,mlx4,42074,15.623,30.57,3.32,1.65
1788035328.08,mlx4,42074,15.623,30.57,3.32,1.65
1788035328.51,mlx4,42074,15.623,30.62,3.36,1.65
1788035328.93,mlx4,42074,15.623,30.63,3.32,1.65
1788035329.35,mlx4,42074,15.623,30.64,3.32,1.65
1788035329.77,mlx4,42074,15.623,30.69,3.32,1.65
1788035330.2,mlx4,42074,15.623,30.69,3.32,1.65
1788035330.62,mlx4,42074,15.623,30.73,3.36,1.65
1788035331.05,mlx4,42074,15.623,30.74,3.32,1.65
1788035331.47,mlx4,42074,15.623,30.75,3.32,1.65
1788035331.89,mlx4,42074,15.623,30.79,3.32,1.65
1788035332.32,mlx4,42074,15.623,30.8,3.32,1.65
1788035332.74,mlx4,42074,15.623,30.84,3.32,1.65
1788035333.16,mlx4,42074,15.623,30.84,3.32,1.65
1788035333.59,mlx4,42074,15.623,30.89,3.36,1.65
1788035334.0,mlx4,42074,15.623,30.89,3.32,1.65
1788035334.43,mlx4,42074,15.623,30.9,3.32,1.65
1788035334.85,mlx4,42074,15.623,30.95,3.32,1.65
1788035335.27,mlx4,42074,15.623,30.95,3.32,1.65
1788035335.7,mlx4,42074,15.623,30.99,3.32,1.65
1788035336.13,mlx4,42074,15.623,31.01,3.32,1.65
1788035336.55,mlx4,42074,15.623,31.04,3.36,1.65
1788035336.96,mlx4,42074,15.623,31.06,3.36,1.65
1788035337.39,mlx4,42074,15.623,31.07,3.36,1.65
1788035337.81,mlx4,42074,15.623,31.16,3.42,1.65
1788035338.23,mlx4,42074,15.623,31.16,3.38,1.65
1788035338.65,mlx4,42074,15.623,31.18,3.42,1.65
1788035339.08,mlx4,42074,15.623,31.18,3.33,1.65
1788035339.5,mlx4,42074,15.623,31.19,3.33,1.65
1788035339.93,mlx4,42074,15.623,31.23,3.33,1.65
1788035340.35,mlx4,42074,15.623,31.23,3.34,1.65
1788035340.78,mlx4,42074,15.623,31.3,3.34,1.65
1788035341.2,mlx4,42074,15.623,31.32,3.38,1.65
1788035341.62,mlx4,42074,15.623,31.45,3.43,1.65
1788035342.05,mlx4,42074,15.623,31.46,3.43,1.65
1788035342.46,mlx4,42074,15.623,31.64,3.37,1.65
1788035342.89,mlx4,42074,15.623,31.65,3.33,1.65
1788035343.32,mlx4,42074,15.623,31.66,3.33,1.65
1788035343.75,mlx4,42074,15.623,31.7,3.33,1.65
1788035344.17,mlx4,42074,15.623,31.71,3.33,1.65
1788035344.6,mlx4,42074,15.623,31.74,3.37,1.65
1788035345.02,mlx4,42074,15.623,31.74,3.33,1.65
1788035345.45,mlx4,42074,15.623,31.75,3.33,1.65
1788035345.87,mlx4,42074,15.623,32.41,3.33,1.65
1788035346.29,mlx4,42074,15.623,32.42,3.33,1.65
1788035346.71,mlx4,42074,15.623,32.55,3.37,1.65
1788035347.14,mlx4,42074,15.623,32.56,3.33,1.65
1788035347.56,mlx4,42074,15.623,32.59,3.37,1.65
1788035347.98,mlx4,42074,15.623,32.67,3.32,1.64
1788035348.39,mlx4,42074,0.0,77.87,3.3,1.56
1788035348.84,?,,0.0,86.36,3.3,1.56
1788035349.28,?,,0.0,86.37,3.3,1.56
1788035349.73,?,,0.0,86.37,3.33,1.56
1788035350.16,?,,0.0,86.37,3.29,1.56
1788035350.61,?,,0.0,86.38,3.33,1.56
1788035351.05,?,,0.0,86.38,3.29,1.56
1788035351.49,?,,0.0,86.38,3.29,1.56
1788035351.94,?,,0.0,86.38,3.29,1.56
1788035352.38,?,,0.0,86.38,3.29,1.56
1788035352.79,mlx4,51905,0.049,86.37,3.29,1.56
1788035353.21,mlx4,51905,0.083,86.34,3.29,1.56
1788035353.62,mlx4,51905,0.089,86.33,3.29,1.56
1788035354.03,mlx4,51905,1.397,84.12,3.36,1.56
1788035354.45,mlx4,51905,6.437,76.13,3.42,1.56
1788035354.86,mlx4,51905,11.329,68.48,3.47,1.56
1788035355.28,mlx4,51905,15.283,62.42,3.4,1.56
1788035355.7,mlx4,51905,15.483,62.14,3.32,1.56
1788035356.12,mlx4,51905,15.483,62.14,3.32,1.56
1788035356.53,mlx4,51905,15.483,62.12,3.32,1.56
1788035356.96,mlx4,51905,15.483,62.15,3.3,1.56
1788035357.39,mlx4,51905,15.483,62.15,3.3,1.56
1788035357.81,mlx4,51905,15.483,62.15,3.3,1.56
1788035358.23,mlx4,51905,15.483,62.16,3.3,1.56
1788035358.66,mlx4,51905,15.483,62.15,3.3,1.56
1788035359.08,mlx4,51905,15.483,62.17,3.3,1.56
1788035359.51,mlx4,51905,15.483,62.16,3.3,1.56
1788035359.93,mlx4,51905,15.483,62.17,3.3,1.56
1788035360.35,mlx4,51905,15.483,62.17,3.3,1.56
1788035360.77,mlx4,51905,15.483,62.17,3.3,1.56
1788035361.19,mlx4,51905,15.483,62.18,3.3,1.56
1788035361.62,mlx4,51905,15.483,62.18,3.3,1.56
1788035362.05,mlx4,51905,15.483,62.19,3.3,1.56
1788035362.47,mlx4,51905,15.483,62.19,3.3,1.56
1788035362.89,mlx4,51905,15.294,62.51,3.3,1.56
1788035363.31,mlx4,51905,15.294,62.51,3.3,1.56
1788035363.74,mlx4,51905,15.294,62.51,3.3,1.56
1788035364.17,mlx4,51905,15.294,62.51,3.3,1.56
1788035364.59,mlx4,51905,15.294,62.51,3.34,1.56
1788035365.02,mlx4,51905,15.294,62.51,3.3,1.56
1788035365.43,mlx4,51905,15.294,62.51,3.3,1.56
1788035365.86,mlx4,51905,15.294,62.51,3.3,1.56
1788035366.28,mlx4,51905,15.294,62.52,3.3,1.56
1788035366.7,mlx4,51905,15.294,62.52,3.36,1.56
1788035367.12,mlx4,51905,15.294,62.54,3.36,1.56
1788035367.56,?,,0.0,86.3,3.39,1.56
1788035367.99,?,,0.0,86.3,3.29,1.56
1788035368.44,?,,0.0,86.3,3.29,1.56
1788035368.88,?,,0.0,86.3,3.33,1.56
1788035369.31,?,,0.0,86.3,3.33,1.56
1788035369.76,?,,0.0,86.3,3.33,1.56
1788035370.21,?,,0.0,86.3,3.29,1.56
1788035370.65,?,,0.0,86.3,3.33,1.56
1788035371.09,?,,0.0,86.3,3.29,1.56
1788035371.52,?,,0.0,86.3,3.29,1.56
1788035371.93,mlx4,52093,0.084,86.25,3.29,1.56
1788035372.34,mlx4,52093,0.109,86.22,3.29,1.56
1788035372.76,mlx4,52093,13.218,65.48,3.37,1.56
1788035373.18,mlx4,52093,15.465,62.17,3.37,1.56
1788035373.6,mlx4,52093,15.904,61.49,3.41,1.56
1788035374.02,mlx4,52093,15.904,61.46,3.37,1.56
1788035374.45,mlx4,52093,15.904,61.46,3.3,1.56
1788035374.86,mlx4,52093,15.904,61.49,3.3,1.56
1788035375.29,mlx4,52093,15.904,61.49,3.3,1.56
1788035375.71,mlx4,52093,15.904,61.49,3.3,1.56
1788035376.14,mlx4,52093,15.904,61.51,3.3,1.56
1788035376.57,mlx4,52093,15.904,61.51,3.3,1.56
1788035376.99,mlx4,52093,15.904,61.52,3.3,1.56
1788035377.42,mlx4,52093,15.904,61.52,3.3,1.56
1788035377.85,mlx4,52093,15.904,61.52,3.3,1.56
1788035378.27,mlx4,52093,15.904,61.53,3.3,1.56
1788035378.7,mlx4,52093,15.904,61.53,3.34,1.56
1788035379.12,mlx4,52093,15.904,61.54,3.3,1.56
1788035379.55,mlx4,52093,15.904,61.54,3.3,1.56
1788035379.97,mlx4,52093,15.904,61.55,3.3,1.56
1788035380.4,mlx4,52093,15.904,61.54,3.3,1.56
1788035380.82,mlx4,52093,15.714,61.87,3.3,1.56
1788035381.24,mlx4,52093,15.714,61.87,3.3,1.56
1788035381.67,mlx4,52093,15.714,61.86,3.34,1.56
1788035382.09,mlx4,52093,15.714,61.86,3.3,1.56
1788035382.51,mlx4,52093,15.714,61.86,3.3,1.56
1788035382.93,mlx4,52093,15.714,61.84,3.33,1.56
1788035383.36,mlx4,52093,15.714,61.86,3.35,1.56
1788035383.79,mlx4,52093,15.714,61.86,3.38,1.56
1788035384.21,mlx4,52093,15.714,61.86,3.3,1.56
1788035384.63,mlx4,52093,15.714,61.86,3.34,1.56
1788035385.05,mlx4,52093,15.714,61.86,3.3,1.56
1788035385.47,mlx4,52093,15.714,61.86,3.3,1.56
1788035385.9,mlx4,52093,15.714,61.87,3.3,1.56
1788035386.32,mlx4,52093,15.714,61.86,3.3,1.56
1788035386.75,mlx4,52093,15.714,61.87,3.34,1.56
1788035387.18,mlx4,52093,15.714,61.86,3.3,1.56
1788035387.6,mlx4,52093,15.714,61.86,3.34,1.56
1788035388.02,mlx4,52093,15.714,61.86,3.3,1.56
1788035388.45,mlx4,52093,15.714,61.86,3.3,1.56
1788035388.87,mlx4,52093,15.714,61.86,3.3,1.56
1788035389.29,mlx4,52093,15.714,61.86,3.3,1.56
1788035389.72,mlx4,52093,15.714,61.86,3.34,1.56
1788035390.15,mlx4,52093,15.714,61.86,3.3,1.56
1788035390.57,mlx4,52093,15.714,61.86,3.3,1.56
1788035391.0,mlx4,52093,15.714,61.86,3.36,1.56
1788035391.42,mlx4,52093,15.714,61.86,3.36,1.56
1788035391.84,mlx4,52093,15.714,61.86,3.35,1.56
1788035392.26,mlx4,52093,15.714,61.86,3.39,1.56
1788035392.68,mlx4,52093,15.714,61.86,3.39,1.56
1788035393.1,mlx4,52093,15.714,61.86,3.35,1.56
1788035393.53,mlx4,52093,15.714,61.86,3.39,1.56
1788035393.95,mlx4,52093,15.714,61.86,3.35,1.56
1788035394.38,mlx4,52093,15.714,61.86,3.35,1.56
1788035394.8,mlx4,52093,15.714,61.86,3.3,1.56
1788035395.22,mlx4,52093,15.714,61.87,3.3,1.56
1788035395.64,mlx4,52093,15.714,61.86,3.34,1.56
1788035396.06,mlx4,52093,15.714,61.86,3.3,1.56
1788035396.48,mlx4,52093,15.714,61.86,3.3,1.56
1788035396.9,mlx4,52093,15.714,61.86,3.3,1.56
1788035397.32,mlx4,52093,15.714,61.86,3.3,1.56
1788035397.74,mlx4,52093,15.714,61.86,3.34,1.56
1788035398.16,mlx4,52093,15.714,61.86,3.3,1.56
1788035398.58,mlx4,52093,15.714,61.87,3.3,1.56
1788035399.01,mlx4,52093,15.714,61.86,3.3,1.56
1788035399.43,mlx4,52093,15.714,61.86,3.3,1.56
1788035399.86,mlx4,52093,15.714,61.86,3.34,1.56
1788035400.27,mlx4,52093,15.714,61.86,3.31,1.56
1788035400.7,mlx4,52093,15.714,61.86,3.35,1.56
1788035401.12,mlx4,52093,15.714,61.86,3.31,1.56
1788035401.56,?,,0.0,86.3,3.39,1.56
1788035402.01,?,,0.0,86.3,3.39,1.56
1788035402.44,?,,0.0,86.3,3.29,1.56
1788035402.88,?,,0.0,86.3,3.29,1.56
1788035403.32,?,,0.0,86.3,3.29,1.56
1788035403.76,?,,0.0,86.3,3.29,1.56
1788035404.2,?,,0.0,86.3,3.29,1.56
1788035404.64,?,,0.0,86.3,3.35,1.56
1788035405.08,?,,0.0,86.29,3.31,1.56
1788035405.5,?,,0.0,86.29,3.31,1.56
1788035405.92,mlx6,52351,0.084,86.23,3.31,1.56
1788035406.34,mlx6,52351,0.125,86.1,3.36,1.56
1788035406.75,mlx6,52351,4.106,79.72,3.37,1.56
1788035407.16,mlx6,52351,8.729,72.54,3.37,1.56
1788035407.58,mlx6,52351,13.463,65.09,3.31,1.56
1788035408.03,mlx6,52351,18.57,57.22,3.31,1.56
1788035408.44,mlx6,52351,21.609,52.68,3.31,1.56
1788035408.86,mlx6,52351,22.165,51.85,3.38,1.56
1788035409.28,mlx6,52351,22.165,51.85,3.38,1.56
1788035409.69,mlx6,52351,22.166,51.84,3.42,1.56
1788035410.11,mlx6,52351,22.166,51.85,3.31,1.56
1788035410.54,mlx6,52351,22.166,51.85,3.31,1.56
1788035410.96,mlx6,52351,22.166,51.88,3.31,1.56
1788035411.39,mlx6,52351,22.166,51.87,3.31,1.56
1788035411.81,mlx6,52351,22.166,51.88,3.31,1.56
1788035412.24,mlx6,52351,22.166,51.89,3.31,1.56
1788035412.66,mlx6,52351,22.166,51.88,3.35,1.56
1788035413.09,mlx6,52351,22.166,51.89,3.31,1.56
1788035413.5,mlx6,52351,22.166,51.89,3.31,1.56
1788035413.93,mlx6,52351,22.166,51.89,3.31,1.56
1788035414.36,mlx6,52351,22.166,51.9,3.31,1.56
1788035414.78,mlx6,52351,22.166,51.9,3.37,1.56
1788035415.2,mlx6,52351,22.166,51.9,3.37,1.56
1788035415.63,mlx6,52351,22.166,51.9,3.37,1.56
1788035416.05,mlx6,52351,22.166,51.91,3.36,1.56
1788035416.47,mlx6,52351,22.166,51.91,3.36,1.56
1788035416.89,mlx6,52351,22.166,51.91,3.31,1.56
1788035417.31,mlx6,52351,22.166,51.91,3.31,1.56
1788035417.73,mlx6,52351,22.166,51.91,3.35,1.56
1788035418.15,mlx6,52351,22.166,51.92,3.31,1.56
1788035418.57,mlx6,52351,22.176,51.66,22.97,1.56
1788035418.99,mlx6,52351,22.182,49.39,28.16,1.56
1788035419.4,mlx6,52351,22.182,49.05,28.4,1.56
1788035419.82,mlx6,52351,22.182,48.74,28.56,1.56
1788035420.23,mlx6,52351,22.182,48.39,28.8,1.56
1788035420.65,mlx6,52351,22.182,48.1,29.0,1.56
1788035421.06,mlx6,52351,22.182,47.7,29.27,1.56
1788035421.47,mlx6,52351,22.182,47.42,29.47,1.56
1788035421.89,mlx6,52351,22.182,47.07,29.71,1.56
1788035422.31,mlx6,52351,22.182,46.79,29.9,1.56
1788035422.72,mlx6,52351,22.182,46.44,30.18,1.56
1788035423.13,mlx6,52351,21.988,46.65,30.2,1.56
1788035423.54,mlx6,52351,21.988,46.63,30.22,1.56
1788035423.96,mlx6,52351,21.988,46.57,30.3,1.56
1788035424.38,mlx6,52351,21.988,46.54,30.32,1.56
1788035424.78,mlx6,52351,21.988,46.49,30.35,1.56
1788035425.19,mlx6,52351,21.988,46.48,30.33,1.56
1788035425.61,mlx6,52351,21.988,46.43,30.36,1.56
1788035426.03,mlx6,52351,21.988,46.41,30.37,1.56
1788035426.44,mlx6,52351,21.988,46.36,30.41,1.56
1788035426.85,mlx6,52351,21.988,46.34,30.42,1.56
1788035427.27,mlx6,52351,21.988,46.47,30.33,1.56
1788035427.69,mlx6,52351,21.988,46.44,30.4,1.56
1788035428.1,mlx6,52351,21.988,46.37,30.41,1.56
1788035428.51,mlx6,52351,21.988,46.33,30.43,1.56
1788035428.93,mlx6,52351,21.988,46.26,30.48,1.56
1788035429.34,mlx6,52351,21.988,46.22,30.51,1.56
1788035429.76,mlx6,52351,21.988,46.15,30.6,1.56
1788035430.18,mlx6,52351,21.988,46.1,30.58,1.56
1788035430.59,mlx6,52351,21.988,46.04,30.63,1.56
1788035431.0,mlx6,52351,21.988,46.0,30.66,1.56
1788035431.41,mlx6,52351,21.988,46.73,30.16,1.56
1788035431.82,mlx6,52351,21.988,46.28,30.51,1.56
1788035432.24,mlx6,52351,21.988,46.18,30.53,1.56
1788035432.66,mlx6,52351,21.988,46.13,30.57,1.56
1788035433.07,mlx6,52351,21.988,46.04,30.63,1.56
1788035433.49,mlx6,52351,21.988,45.99,30.67,1.56
1788035433.91,mlx6,52351,21.988,45.89,30.73,1.56
1788035434.32,mlx6,52351,21.988,45.85,30.77,1.56
1788035434.73,mlx6,52351,21.988,45.75,30.87,1.56
1788035435.14,mlx6,52351,21.988,45.7,30.87,1.56
1788035435.56,mlx6,52351,21.988,45.61,30.94,1.56
1788035435.97,mlx6,52351,21.988,46.13,30.57,1.56
1788035436.39,mlx6,52351,21.988,45.98,30.68,1.56
1788035436.81,mlx6,52351,21.988,45.92,30.76,1.56
1788035437.22,mlx6,52351,21.988,45.8,30.8,1.56
1788035437.64,mlx6,52351,21.988,45.73,30.84,1.56
1788035438.06,mlx6,52351,21.988,45.61,30.93,1.56
1788035438.47,mlx6,52351,21.988,45.55,30.97,1.56
1788035438.89,mlx6,52351,21.988,45.49,31.05,1.56
1788035439.3,mlx6,52351,21.988,45.37,31.09,1.56
1788035439.72,mlx6,52351,21.988,45.31,31.18,1.56
1788035440.13,mlx6,52351,21.988,45.19,31.22,1.56
1788035440.55,mlx6,52351,21.988,45.88,30.73,1.56
1788035440.96,mlx6,52351,21.988,45.75,30.83,1.56
1788035441.37,mlx6,52351,21.988,45.68,30.88,1.56
1788035441.78,mlx6,52351,21.988,45.53,31.03,1.56
1788035442.2,mlx6,52351,21.988,45.45,31.04,1.56
1788035442.61,mlx6,52351,21.988,45.31,31.14,1.56
1788035443.03,mlx6,52351,21.988,45.23,31.19,1.56
1788035443.45,mlx6,52351,21.988,45.16,31.24,1.56
1788035443.86,mlx6,52351,21.988,45.02,31.38,1.56
1788035444.28,mlx6,52351,21.988,44.96,31.39,1.56
1788035444.69,mlx6,52351,21.988,44.81,31.49,1.56
1788035445.11,mlx6,52351,21.988,45.76,30.83,1.56
1788035445.52,mlx6,52351,21.988,45.59,30.95,1.56
1788035445.94,mlx6,52351,21.988,45.51,31.05,1.56
1788035446.35,mlx6,52351,21.988,45.34,31.13,1.56
1788035446.76,mlx6,52351,21.988,45.25,31.23,1.56
1788035447.17,mlx6,52351,21.988,45.17,31.24,1.56
1788035447.58,mlx6,52351,21.988,44.99,31.36,1.56
1788035448.0,mlx6,52351,21.988,44.91,31.42,1.56
1788035448.42,mlx6,52351,21.988,44.82,31.48,1.56
1788035448.83,mlx6,52351,21.988,44.65,31.64,1.56
1788035449.25,mlx6,52351,21.988,44.56,31.66,1.56
1788035449.67,mlx6,52351,21.988,45.91,30.73,1.56
1788035450.09,mlx6,52351,21.988,45.39,31.1,1.56
1788035450.5,mlx6,52351,21.988,45.19,31.23,1.56
1788035450.92,mlx6,52351,21.988,45.09,31.3,1.56
1788035451.34,mlx6,52351,21.988,44.99,31.35,1.56
1788035451.75,mlx6,52351,21.988,44.8,31.49,1.56
1788035452.16,mlx6,52351,21.988,44.7,31.56,1.56
1788035452.57,mlx6,52351,21.988,44.61,31.62,1.56
1788035452.99,mlx6,52351,21.988,44.41,31.76,1.56
1788035453.4,mlx6,52351,21.988,44.31,31.82,1.56
1788035453.81,mlx6,52351,21.988,44.22,31.89,1.56
1788035454.23,mlx6,52351,21.988,44.02,32.03,1.56
1788035454.65,mlx6,52351,21.988,45.31,31.14,1.56
1788035455.06,mlx6,52351,21.988,45.17,31.24,1.56
1788035455.47,mlx6,52351,21.988,44.95,31.39,1.56
1788035455.89,mlx6,52351,21.988,44.84,31.46,1.56
1788035456.3,mlx6,52351,21.988,44.73,31.54,1.56
1788035456.71,mlx6,52351,21.988,44.51,31.69,1.56
1788035457.12,mlx6,52351,21.988,44.4,31.77,1.56
1788035457.54,mlx6,52351,21.988,44.29,31.84,1.56
1788035457.95,mlx6,52351,21.988,44.07,31.99,1.56
1788035458.37,mlx6,52351,21.988,43.95,32.07,1.56
1788035458.79,mlx6,52351,21.988,43.85,32.14,1.56
1788035459.21,mlx6,52351,21.988,43.74,32.22,1.56
1788035459.62,mlx6,52351,21.989,44.57,31.65,1.56
1788035460.04,mlx6,52351,21.989,43.69,32.27,1.56
1788035460.45,mlx6,52351,21.989,42.81,32.87,1.56
1788035460.86,mlx6,52351,21.99,45.22,31.18,1.56
1788035461.28,mlx6,52351,21.992,44.93,31.4,1.56
1788035461.7,mlx6,52351,21.993,44.31,31.82,1.56
1788035462.11,mlx6,52351,21.993,44.3,31.83,1.56
1788035462.53,mlx6,52351,21.993,44.3,31.83,1.56
1788035462.95,mlx6,52351,21.993,44.3,31.88,1.56
1788035463.36,mlx6,52351,21.993,44.3,31.88,1.56
1788035463.78,mlx6,52351,21.993,44.3,31.92,1.56
1788035464.19,mlx6,52351,21.993,44.29,31.83,1.56
1788035464.61,mlx6,52351,21.993,44.3,31.83,1.56
1788035465.02,mlx6,52351,21.993,44.29,31.88,1.56
1788035465.43,mlx6,52351,21.993,44.3,31.86,1.56
1788035465.84,mlx6,52351,21.993,44.29,31.92,1.56
1788035466.26,mlx6,52351,21.993,44.29,31.83,1.56
1788035466.68,mlx6,52351,21.993,44.3,31.84,1.56
1788035467.09,mlx6,52351,21.993,44.3,31.82,1.56
1788035467.51,mlx6,52351,21.993,44.3,31.82,1.56
1788035467.93,mlx6,52351,21.993,44.29,31.82,1.56
1788035468.34,mlx6,52351,21.993,44.29,31.82,1.56
1788035468.75,mlx6,52351,22.015,42.05,33.37,1.56
1788035469.17,mlx6,52351,22.015,41.59,33.65,1.56
1788035469.59,mlx6,52351,22.015,41.24,33.89,1.56
1788035470.0,mlx6,52351,22.015,40.96,34.08,1.56
1788035470.41,mlx6,52351,22.015,40.61,34.32,1.56
1788035470.82,mlx6,52351,22.015,40.34,34.57,1.56
1788035471.23,mlx6,52351,22.015,39.99,34.77,1.56
1788035471.64,mlx6,52351,22.015,39.7,34.96,1.56
1788035472.06,mlx6,52351,22.015,39.35,35.18,1.56
1788035472.47,mlx6,52351,22.015,39.07,35.38,1.56
1788035472.89,mlx6,52351,22.015,38.73,35.66,1.56
1788035473.3,mlx6,52351,22.015,39.51,35.08,1.56
1788035473.71,mlx6,52351,22.015,39.49,35.1,1.56
1788035474.13,mlx6,52351,22.015,39.46,35.11,1.56
1788035474.54,mlx6,52351,22.015,39.41,35.15,1.56
1788035474.95,mlx6,52351,22.015,39.39,35.16,1.56
1788035475.37,mlx6,52351,22.015,39.34,35.2,1.56
1788035475.78,mlx6,52351,22.015,39.31,35.25,1.56
1788035476.19,mlx6,52351,22.015,39.27,35.25,1.56
1788035476.61,mlx6,52351,22.015,39.24,35.26,1.56
1788035477.02,mlx6,52351,22.015,39.2,35.3,1.56
1788035477.43,mlx6,52351,22.015,39.69,34.96,1.56
1788035477.84,mlx6,52351,22.015,39.33,35.24,1.56
1788035478.26,mlx6,52351,22.015,39.25,35.26,1.56
1788035478.67,mlx6,52351,22.015,39.22,35.28,1.56
1788035479.09,mlx6,52351,22.015,39.14,35.33,1.56
1788035479.5,mlx6,52351,22.015,39.11,35.36,1.56
1788035479.91,mlx6,52351,22.015,39.03,35.45,1.56
1788035480.33,mlx6,52351,22.015,38.99,35.43,1.56
1788035480.74,mlx6,52351,22.015,38.96,35.46,1.56
1788035481.15,mlx6,52351,22.015,38.89,35.51,1.56
1788035481.57,mlx6,52351,22.015,38.86,35.53,1.56
1788035481.98,mlx6,52351,22.015,39.38,35.17,1.56
1788035482.39,mlx6,52351,22.015,39.14,35.34,1.56
1788035482.81,mlx6,52351,22.015,39.04,35.45,1.56
1788035483.22,mlx6,52351,22.015,38.99,35.44,1.56
1788035483.62,mlx6,52351,22.015,38.9,35.51,1.56
1788035484.04,mlx6,52351,22.015,38.84,35.54,1.56
1788035484.45,mlx6,52351,22.015,38.74,35.61,1.56
1788035484.86,mlx6,52351,22.015,38.7,35.68,1.56
1788035485.28,mlx6,52351,22.015,38.65,35.67,1.56
1788035485.7,mlx6,52351,22.015,38.55,35.74,1.56
1788035486.11,mlx6,52351,22.015,38.51,35.78,1.56
1788035486.53,mlx6,52351,22.015,39.17,35.32,1.56
1788035486.95,mlx6,52351,22.015,38.89,35.61,1.56
1788035487.36,mlx6,52351,22.015,38.79,35.64,1.56
1788035487.78,mlx6,52351,22.015,38.72,35.68,1.56
1788035488.19,mlx6,52351,22.015,38.58,35.76,1.56
1788035488.6,mlx6,52351,22.015,38.52,35.8,1.56
1788035489.02,mlx6,52351,22.015,38.47,35.8,1.56
1788035489.44,mlx6,52351,22.015,38.34,35.88,1.56
1788035489.86,mlx6,52351,22.015,38.28,35.96,1.56
1788035490.27,mlx6,52351,22.015,38.17,36.01,1.56
1788035490.69,mlx6,52351,22.015,38.11,36.05,1.56
1788035491.1,mlx6,52351,22.015,38.04,36.09,1.56
1788035491.51,mlx6,52351,22.015,38.67,35.65,1.56
1788035491.93,mlx6,52351,22.015,38.56,35.77,1.56
1788035492.34,mlx6,52351,22.015,38.45,35.8,1.56
1788035492.75,mlx6,52351,22.015,38.38,35.86,1.56
1788035493.16,mlx6,52351,22.015,38.24,35.95,1.56
1788035493.57,mlx6,52351,22.015,38.16,36.01,1.56
1788035493.99,mlx6,52351,22.015,38.09,36.1,1.56
1788035494.4,mlx6,52351,22.015,37.94,36.16,1.56
1788035494.82,mlx6,52351,22.015,37.86,36.25,1.56
1788035495.23,mlx6,52351,22.015,37.71,36.31,1.56
1788035495.65,mlx6,52351,22.015,37.64,36.36,1.56
1788035496.06,mlx6,52351,22.015,38.51,35.76,1.56
1788035496.47,mlx6,52351,22.015,38.43,35.82,1.56
1788035496.89,mlx6,52351,22.015,38.34,35.92,1.56
1788035497.3,mlx6,52351,22.015,38.18,36.0,1.56
1788035497.72,mlx6,52351,22.015,38.09,36.06,1.56
1788035498.14,mlx6,52351,22.015,37.92,36.17,1.56
1788035498.55,mlx6,52351,22.015,37.84,36.23,1.56
1788035498.97,mlx6,52351,22.015,37.75,36.29,1.56
1788035499.39,mlx6,52351,22.015,37.58,36.41,1.56
1788035499.8,mlx6,52351,22.015,37.49,36.47,1.56
1788035500.21,mlx6,52351,22.015,37.41,36.53,1.56
1788035500.63,mlx6,52351,22.015,38.4,35.85,1.56
1788035501.04,mlx6,52351,22.015,38.24,35.95,1.56
1788035501.45,mlx6,52351,22.015,38.04,36.09,1.56
1788035501.86,mlx6,52351,22.015,37.95,36.16,1.56
1788035502.26,mlx6,52351,22.015,37.85,36.22,1.56
1788035502.68,mlx6,52351,22.015,37.66,36.36,1.56
1788035503.1,mlx6,52351,22.015,37.56,36.42,1.56
1788035503.51,mlx6,52351,22.015,37.46,36.49,1.56
1788035503.92,mlx6,52351,22.015,37.27,36.63,1.56
1788035504.33,mlx6,52351,22.015,37.17,36.69,1.56
1788035504.74,mlx6,52351,22.015,36.98,36.83,1.56
1788035505.15,mlx6,52351,22.015,36.87,36.89,1.56
1788035505.57,mlx6,52351,22.015,38.13,36.03,1.56
1788035505.99,mlx6,52351,22.015,37.91,36.19,1.56
1788035506.4,mlx6,52351,22.015,37.8,36.27,1.56
1788035506.82,mlx6,52351,22.015,37.68,36.38,1.56
1788035507.24,mlx6,52351,22.015,37.47,36.48,1.56
1788035507.65,mlx6,52351,22.015,37.36,36.56,1.56
1788035508.06,mlx6,52351,22.015,37.25,36.63,1.56
1788035508.46,mlx6,52351,22.015,37.03,36.78,1.56
1788035508.88,mlx6,52351,22.015,36.92,36.9,1.56
1788035509.3,mlx6,52351,22.015,36.81,36.93,1.56
1788035509.72,mlx6,52351,22.015,36.59,37.08,1.56
1788035510.13,mlx6,52351,22.015,36.48,37.16,1.56
1788035510.55,mlx6,52351,22.015,37.92,36.17,1.56
1788035510.96,mlx6,52351,22.015,37.67,36.34,1.56
1788035511.38,mlx6,52351,22.015,37.55,36.42,1.56
1788035511.78,mlx6,52351,22.015,37.43,36.51,1.56
1788035512.2,mlx6,52351,22.015,37.31,36.65,1.56
1788035512.61,mlx6,52351,22.015,37.06,36.82,1.56
1788035513.02,mlx6,52351,22.015,36.94,36.89,1.56
1788035513.44,mlx6,52351,22.015,36.82,36.97,1.56
1788035513.86,mlx6,52351,22.015,36.57,37.18,1.56
1788035514.27,mlx6,52351,22.015,36.45,37.18,1.56
1788035514.69,mlx6,52351,22.015,36.33,37.26,1.56
1788035515.11,mlx6,52351,22.015,36.09,37.43,1.56
1788035515.52,mlx6,52351,22.015,37.58,36.4,1.56
1788035515.94,mlx6,52351,22.015,37.45,36.54,1.56
1788035516.36,mlx6,52351,22.015,37.31,36.59,1.56
1788035516.77,mlx6,52351,22.015,37.04,36.77,1.56
1788035517.19,mlx6,52351,22.015,36.91,36.86,1.56
1788035517.6,mlx6,52351,22.015,36.78,36.96,1.56
1788035518.02,mlx6,52351,22.015,36.51,37.14,1.56
1788035518.43,mlx6,52351,22.015,36.37,37.23,1.56
1788035518.85,mlx6,52351,22.015,36.24,37.38,1.56
1788035519.26,mlx6,52351,22.015,36.11,37.43,1.56
1788035519.67,mlx6,52351,22.015,35.84,37.62,1.56
1788035520.09,mlx6,52351,22.015,35.71,37.71,1.56
1788035520.5,mlx6,52351,22.015,37.43,36.53,1.56
1788035520.91,mlx6,52351,22.015,37.28,36.67,1.56
1788035521.33,mlx6,52351,22.015,37.13,36.71,1.56
1788035521.75,mlx6,52351,22.015,36.99,36.83,1.56
1788035522.16,mlx6,52351,22.015,36.69,37.03,1.56
1788035522.58,mlx6,52351,22.015,36.54,37.11,1.56
1788035522.99,mlx6,52351,22.015,36.4,37.25,1.56
1788035523.41,mlx6,52351,22.015,36.1,37.42,1.56
1788035523.82,mlx6,52351,22.015,35.96,37.52,1.56
1788035524.23,mlx6,52351,22.015,35.81,37.63,1.56
1788035524.64,mlx6,52351,22.015,35.67,37.73,1.56
1788035525.06,mlx6,52351,22.015,35.38,37.94,1.56
1788035525.47,mlx6,52351,22.015,37.76,36.3,1.56
1788035525.89,mlx6,52351,22.015,37.18,36.73,1.56
1788035526.31,mlx6,52351,22.015,36.86,36.91,1.56
1788035526.72,mlx6,52351,22.015,36.7,37.0,1.56
1788035527.14,mlx6,52351,22.015,36.55,37.11,1.56
1788035527.56,mlx6,52351,22.015,36.39,37.22,1.56
1788035527.96,mlx6,52351,22.015,36.07,37.48,1.56
1788035528.38,mlx6,52351,22.015,35.91,37.55,1.56
1788035528.8,mlx6,52351,22.015,35.75,37.66,1.56
1788035529.21,mlx6,52351,22.015,35.59,37.77,1.56
1788035529.62,mlx6,52351,22.015,35.27,37.99,1.56
1788035530.04,mlx6,52351,22.015,35.11,38.14,1.56
1788035530.46,mlx6,52351,22.015,34.95,38.2,1.56
1788035530.87,mlx6,52351,22.015,36.96,36.87,1.56
1788035531.29,mlx6,52351,22.015,36.79,36.94,1.56
1788035531.7,mlx6,52351,22.015,36.62,37.06,1.56
1788035532.12,mlx6,52351,22.015,36.45,37.18,1.56
1788035532.54,mlx6,52351,22.015,36.11,37.41,1.56
1788035532.95,mlx6,52351,22.015,35.94,37.57,1.56
1788035533.37,mlx6,52351,22.015,35.77,37.65,1.56
1788035533.78,mlx6,52351,22.015,35.6,37.76,1.56
1788035534.2,mlx6,52351,22.015,35.25,38.0,1.56
1788035534.61,mlx6,52351,22.015,35.08,38.12,1.56
1788035535.03,mlx6,52351,22.015,34.91,38.28,1.56
1788035535.44,mlx6,52351,22.015,34.74,38.35,1.56
1788035535.86,mlx6,52351,22.015,34.89,38.21,1.56
1788035536.28,mlx6,52351,22.015,36.74,37.03,1.56
1788035536.69,mlx6,52351,22.015,36.56,37.16,1.56
1788035537.1,mlx6,52351,22.015,36.2,37.45,1.56
1788035537.5,mlx6,52351,22.015,36.01,37.52,1.56
1788035537.92,mlx6,52351,22.015,35.83,37.69,1.56
1788035538.34,mlx6,52351,22.015,35.65,37.73,1.56
1788035538.74,mlx6,52351,22.015,35.46,37.86,1.56
1788035539.16,mlx6,52351,22.015,35.1,38.11,1.56
1788035539.58,mlx6,52351,22.015,34.91,38.23,1.56
1788035539.99,mlx6,52351,22.015,34.73,38.4,1.56
1788035540.41,mlx6,52351,22.015,34.55,38.48,1.56
1788035540.83,mlx6,52351,22.015,34.37,38.61,1.56
1788035541.24,mlx6,52351,22.015,37.28,36.61,1.56
1788035541.65,mlx6,52351,22.015,36.53,37.12,1.56
1788035542.07,mlx6,52351,22.015,36.34,37.3,1.56
1788035542.48,mlx6,52351,22.015,35.95,37.53,1.56
1788035542.9,mlx6,52351,22.015,35.75,37.7,1.56
1788035543.31,mlx6,52351,22.015,35.56,37.8,1.56
1788035543.73,mlx6,52351,22.015,35.36,37.93,1.56
1788035544.14,mlx6,52351,22.015,35.16,38.1,1.56
1788035544.56,mlx6,52351,22.015,34.87,38.27,1.56
1788035544.98,mlx6,52351,22.015,34.58,38.47,1.56
1788035545.39,mlx6,52351,22.015,34.38,38.6,1.56
1788035545.81,mlx6,52351,22.015,34.18,38.74,1.56
1788035546.22,mlx6,52351,22.015,34.0,38.87,1.56
1788035546.63,mlx6,52351,22.015,33.81,39.01,1.56
1788035547.05,mlx6,52351,22.015,36.33,37.27,1.56
1788035547.46,mlx6,52351,22.015,36.12,37.42,1.56
1788035547.87,mlx6,52351,22.015,35.91,37.56,1.56
1788035548.28,mlx6,52351,22.015,35.7,37.7,1.56
1788035548.7,mlx6,52351,22.015,35.28,37.99,1.56
1788035549.11,mlx6,52351,22.015,35.07,38.13,1.56
1788035549.53,mlx6,52351,22.015,34.86,38.27,1.56
1788035549.94,mlx6,52351,22.015,34.66,38.46,1.56
1788035550.36,mlx6,52351,22.015,34.45,38.56,1.56
1788035550.78,mlx6,52351,22.015,34.14,38.77,1.56
1788035551.19,mlx6,52351,22.015,33.83,38.99,1.56
1788035551.61,mlx6,52351,22.015,33.62,39.13,1.56
1788035552.03,mlx6,52351,22.015,33.41,39.27,1.56
1788035552.44,mlx6,52351,22.015,36.14,37.4,1.56
1788035552.86,mlx6,52351,22.015,35.88,37.58,1.56
1788035553.28,mlx6,52351,22.015,35.66,37.73,1.56
1788035553.69,mlx6,52351,22.015,35.44,37.88,1.56
1788035554.1,mlx6,52351,22.015,35.22,38.03,1.56
1788035554.51,mlx6,52351,22.015,35.0,38.18,1.56
1788035554.93,mlx6,52351,22.015,34.56,38.52,1.56
1788035555.35,mlx6,52351,22.015,34.34,38.63,1.56
1788035555.76,mlx6,52351,22.015,34.12,38.78,1.56
1788035556.18,mlx6,52351,22.015,33.9,38.94,1.56
1788035556.6,mlx6,52351,22.015,33.68,39.09,1.56
1788035557.01,mlx6,52351,22.015,33.46,39.24,1.56
1788035557.42,mlx6,52351,22.015,33.02,39.54,1.56
1788035557.83,mlx6,52351,22.015,36.67,37.04,1.56
1788035558.25,mlx6,52351,22.015,36.09,37.43,1.56
1788035558.66,mlx6,52351,22.015,35.86,37.59,1.56
1788035559.07,mlx6,52351,22.015,35.51,37.83,1.56
1788035559.49,mlx6,52351,22.015,35.17,38.07,1.56
1788035559.9,mlx6,52351,22.015,34.94,38.23,1.56
1788035560.32,mlx6,52351,22.015,34.7,38.44,1.56
1788035560.74,mlx6,52351,22.015,34.47,38.6,1.56
1788035561.16,mlx6,52351,22.015,34.23,38.75,1.56
1788035561.57,mlx6,52351,22.015,34.0,38.91,1.56
1788035561.99,mlx6,52351,22.015,33.66,39.19,1.56
1788035562.4,mlx6,52351,22.015,33.31,39.34,1.56
1788035562.82,mlx6,52351,22.015,33.08,39.5,1.56
1788035563.22,mlx6,52351,22.015,32.84,39.66,1.56
1788035563.65,mlx6,52351,22.014,35.95,37.53,1.56
1788035564.06,mlx6,52351,22.014,35.43,37.89,1.56
1788035564.47,mlx6,52351,22.014,35.18,38.06,1.56
1788035564.88,mlx6,52351,22.014,34.94,38.23,1.56
1788035565.29,mlx6,52351,22.014,34.7,38.39,1.56
1788035565.7,mlx6,52351,22.014,34.45,38.56,1.56
1788035566.11,mlx6,52351,22.014,34.21,38.73,1.56
1788035566.53,mlx6,52351,22.014,33.97,38.9,1.56
1788035566.94,mlx6,52351,22.014,33.72,39.1,1.56
1788035567.35,mlx6,52351,22.014,33.47,39.23,1.56
1788035567.77,mlx6,52351,22.014,32.98,39.57,1.56
1788035568.18,mlx6,52351,22.014,32.74,39.74,1.56
1788035568.6,mlx6,52351,22.014,32.5,39.9,1.56
1788035569.02,mlx6,52351,22.014,32.26,40.11,1.56
1788035569.43,mlx6,52351,22.014,33.63,39.12,1.56
1788035569.85,mlx6,52351,22.014,32.73,39.74,1.56
1788035570.27,mlx6,52351,22.014,31.8,40.39,1.56
1788035570.69,mlx6,52351,22.014,30.65,41.17,1.56
1788035571.11,mlx6,52351,22.014,29.71,41.82,1.56
1788035571.52,mlx6,52351,22.015,37.91,36.19,1.56
1788035571.94,mlx6,52351,22.015,35.21,38.04,1.56
1788035572.36,mlx6,52351,22.016,34.77,38.34,1.56
1788035572.77,mlx6,52351,22.016,34.78,38.34,1.56
1788035573.19,mlx6,52351,22.016,34.78,38.34,1.56
1788035573.61,mlx6,52351,22.016,34.78,38.34,1.56
1788035574.02,mlx6,52351,22.016,34.77,38.38,1.56
1788035574.44,mlx6,52351,22.016,34.78,38.34,1.56
1788035574.85,mlx6,52351,22.016,34.77,38.34,1.56
1788035575.27,mlx6,52351,22.016,34.77,38.34,1.56
1788035575.68,mlx6,52351,22.016,34.77,38.34,1.56
1788035576.1,mlx6,52351,22.016,34.77,38.38,1.56
1788035576.51,mlx6,52351,22.016,34.77,38.34,1.56
1788035576.93,mlx6,52351,22.016,34.77,38.34,1.56
1788035577.35,mlx6,52351,22.016,34.77,38.34,1.56
1788035577.76,mlx6,52351,22.016,34.77,38.34,1.56
1788035578.17,mlx6,52351,22.016,34.77,38.34,1.56
1788035578.58,mlx6,52351,22.016,34.77,38.34,1.56
1788035579.0,mlx6,52351,22.016,34.76,38.4,1.56
1788035579.42,mlx6,52351,22.016,34.76,38.36,1.56
1788035579.83,mlx6,52351,22.016,34.76,38.36,1.56
1788035580.25,mlx6,52351,22.016,34.76,38.4,1.56
1788035580.67,mlx6,52351,22.016,34.76,38.4,1.56
1788035581.08,mlx6,52351,22.016,34.76,38.44,1.56
1788035581.5,mlx6,52351,22.016,34.76,38.36,1.56
1788035581.92,mlx6,52351,22.016,34.77,38.36,1.56
1788035582.34,mlx6,52351,22.016,34.77,38.34,1.56
1788035582.76,mlx6,52351,22.016,34.77,38.34,1.56
1788035583.17,mlx6,52351,22.016,34.76,38.38,1.56
1788035583.59,mlx6,52351,22.016,34.76,38.34,1.56
1788035584.0,mlx6,52351,22.016,34.76,38.38,1.56
1788035584.42,mlx6,52351,22.016,35.25,38.05,1.56
1788035584.83,mlx6,52351,22.016,35.2,38.09,1.56
1788035585.25,mlx6,52351,22.016,35.2,38.09,1.56
1788035585.67,mlx6,52351,22.016,35.2,38.09,1.56
1788035586.08,mlx6,52351,22.016,35.2,38.14,1.56
1788035586.5,mlx6,52351,22.016,35.2,38.06,1.56
1788035586.91,mlx6,52351,22.028,25.8,44.48,1.56
1788035587.33,mlx6,52351,22.028,25.07,44.96,1.56
1788035587.75,mlx6,52351,22.028,24.57,45.31,1.56
1788035588.16,mlx6,52351,22.028,24.13,45.65,1.56
1788035588.58,mlx6,52351,22.028,23.43,46.09,1.56
1788035589.0,mlx6,52351,22.028,22.98,46.44,1.56
1788035589.41,mlx6,52351,22.028,22.47,46.75,1.56
1788035589.83,mlx6,52351,22.028,22.03,47.05,1.56
1788035590.24,mlx6,52351,22.028,21.59,47.36,1.56
1788035590.66,mlx6,52351,22.028,21.14,47.66,1.56
1788035591.07,mlx6,52351,22.028,20.64,48.0,1.56
1788035591.49,mlx6,52351,22.028,20.21,48.31,1.56
1788035591.9,mlx6,52351,22.028,19.7,48.65,1.56
1788035592.32,mlx6,52351,22.028,19.26,48.96,1.56
1788035592.73,mlx6,52351,22.028,18.81,49.26,1.56
1788035593.14,mlx6,52351,22.028,25.45,44.7,1.56
1788035593.56,mlx6,52351,22.028,25.18,44.89,1.56
1788035593.97,mlx6,52351,22.028,24.9,45.08,1.56
1788035594.38,mlx6,52351,22.028,24.63,45.26,1.56
1788035594.79,mlx6,52351,22.028,24.36,45.45,1.56
1788035595.21,mlx6,52351,22.028,24.09,45.64,1.56
1788035595.62,mlx6,52351,22.028,23.82,45.83,1.56
1788035596.03,mlx6,52351,22.028,23.55,46.05,1.56
1788035596.45,mlx6,52351,22.028,23.28,46.2,1.56
1788035596.87,mlx6,52351,22.028,23.01,46.39,1.56
1788035597.28,mlx6,52351,22.028,22.74,46.57,1.56
1788035597.69,mlx6,52351,22.028,22.47,46.76,1.56
1788035598.1,mlx6,52351,22.028,22.19,46.95,1.56
1788035598.51,mlx6,52351,22.028,21.92,47.13,1.56
1788035598.93,mlx6,52351,22.028,21.37,47.51,1.56
1788035599.35,mlx6,52351,22.028,25.58,44.62,1.56
1788035599.76,mlx6,52351,22.028,25.3,44.81,1.56
1788035600.18,mlx6,52351,22.028,25.01,45.02,1.56
1788035600.58,mlx6,52351,22.028,24.72,45.22,1.56
1788035601.0,mlx6,52351,22.028,24.43,45.41,1.56
1788035601.41,mlx6,52351,22.028,24.16,45.59,1.56
1788035601.82,mlx6,52351,22.028,23.87,45.79,1.56
1788035602.23,mlx6,52351,22.028,23.58,45.98,1.56
1788035602.64,mlx6,52351,22.028,23.3,46.18,1.56
1788035603.06,mlx6,52351,22.028,23.02,46.41,1.56
1788035603.47,mlx6,52351,22.028,22.73,46.57,1.56
1788035603.88,mlx6,52351,22.028,22.45,46.77,1.56
1788035604.3,mlx6,52351,22.028,22.16,46.96,1.56
1788035604.72,mlx6,52351,22.028,21.88,47.16,1.56
1788035605.13,mlx6,52351,22.028,21.59,47.35,1.56
1788035605.55,mlx6,52351,22.028,25.36,44.77,1.56
1788035605.96,mlx6,52351,22.028,25.06,44.97,1.56
1788035606.37,mlx6,52351,22.028,24.76,45.18,1.56
1788035606.78,mlx6,52351,22.028,24.47,45.38,1.56
1788035607.2,mlx6,52351,22.028,24.17,45.58,1.56
1788035607.62,mlx6,52351,22.028,23.87,45.79,1.56
1788035608.03,mlx6,52351,22.028,23.57,46.03,1.56
1788035608.44,mlx6,52351,22.028,23.28,46.25,1.56
1788035608.86,mlx6,52351,22.028,22.99,46.46,1.56
1788035609.26,mlx6,52351,22.028,22.69,46.65,1.56
1788035609.68,mlx6,52351,22.028,22.39,46.85,1.56
1788035610.1,mlx6,52351,22.028,22.09,47.1,1.56
1788035610.51,mlx6,52351,22.028,21.79,47.21,1.56
1788035610.92,mlx6,52351,22.028,21.5,47.42,1.56
1788035611.34,mlx6,52351,22.028,21.2,47.62,1.56
1788035611.75,mlx6,52351,22.028,25.48,44.68,1.56
1788035612.16,mlx6,52351,22.028,25.17,44.89,1.56
1788035612.58,mlx6,52351,22.028,24.86,45.11,1.56
1788035613.0,mlx6,52351,22.028,24.55,45.32,1.56
1788035613.41,mlx6,52351,22.028,24.24,45.53,1.56
1788035613.82,mlx6,52351,22.028,23.94,45.74,1.56
1788035614.23,mlx6,52351,22.028,23.63,45.95,1.56
1788035614.65,mlx6,52351,22.028,23.32,46.17,1.56
1788035615.07,mlx6,52351,22.028,23.01,46.42,1.56
1788035615.48,mlx6,52351,22.028,22.7,46.59,1.56
1788035615.9,mlx6,52351,22.028,22.39,46.8,1.56
1788035616.31,mlx6,52351,22.028,22.09,47.03,1.56
1788035616.73,mlx6,52351,22.028,21.78,47.24,1.56
1788035617.14,mlx6,52351,22.028,21.47,47.49,1.56
1788035617.55,mlx6,52351,22.028,21.16,47.65,1.56
1788035617.97,mlx6,52351,22.028,20.85,47.86,1.56
1788035618.39,mlx6,52351,22.028,24.95,45.05,1.56
1788035618.8,mlx6,52351,22.028,24.64,45.27,1.56
1788035619.22,mlx6,52351,22.028,24.31,45.53,1.56
1788035619.63,mlx6,52351,22.028,23.99,45.71,1.56
1788035620.04,mlx6,52351,22.028,23.67,45.97,1.56
1788035620.45,mlx6,52351,22.028,23.35,46.15,1.56
1788035620.86,mlx6,52351,22.028,23.03,46.37,1.56
1788035621.28,mlx6,52351,22.028,22.7,46.59,1.56
1788035621.7,mlx6,52351,22.028,22.38,46.81,1.56
1788035622.11,mlx6,52351,22.028,22.07,47.07,1.56
1788035622.53,mlx6,52351,22.028,21.74,47.25,1.56
1788035622.94,mlx6,52351,22.028,21.42,47.47,1.56
1788035623.35,mlx6,52351,22.028,21.26,47.58,1.56
1788035623.76,mlx6,52351,22.028,21.1,47.69,1.56
1788035624.18,mlx6,52351,22.028,20.78,47.95,1.56
1788035624.59,mlx6,52351,22.028,20.46,48.13,1.56
1788035625.01,mlx6,52351,22.028,24.73,45.2,1.56
1788035625.42,mlx6,52351,22.028,24.4,45.43,1.56
1788035625.84,mlx6,52351,22.028,24.07,45.65,1.56
1788035626.26,mlx6,52351,22.028,23.74,45.92,1.56
1788035626.67,mlx6,52351,22.028,23.4,46.11,1.56
1788035627.09,mlx6,52351,22.028,23.07,46.38,1.56
1788035627.51,mlx6,52351,22.028,22.74,46.57,1.56
1788035627.92,mlx6,52351,22.028,22.41,46.8,1.56
1788035628.34,mlx6,52351,22.028,22.07,47.03,1.56
1788035628.75,mlx6,52351,22.028,21.74,47.26,1.56
1788035629.16,mlx6,52351,22.028,21.57,47.41,1.56
1788035629.57,mlx6,52351,22.028,21.41,47.49,1.56
1788035629.98,mlx6,52351,22.028,21.08,47.72,1.56
1788035630.39,mlx6,52351,22.028,20.73,47.94,1.56
1788035630.81,mlx6,52351,22.028,20.4,48.17,1.56
1788035631.22,mlx6,52351,22.028,20.07,48.44,1.56
1788035631.64,mlx6,52351,22.028,23.83,45.82,1.56
1788035632.05,mlx6,52351,22.028,23.31,46.18,1.56
1788035632.46,mlx6,52351,22.028,22.84,46.55,1.56
1788035632.88,mlx6,52351,22.028,22.26,46.95,1.56
1788035633.29,mlx6,52351,22.028,21.74,47.35,1.56
1788035633.7,mlx6,52351,22.028,21.21,47.66,1.56
1788035634.12,mlx6,52351,22.028,20.69,48.06,1.56
1788035634.54,mlx6,52351,22.028,20.17,48.33,1.56
1788035634.95,mlx6,52351,22.028,19.65,48.69,1.56
1788035635.37,mlx6,52351,22.028,19.13,49.05,1.56
1788035635.78,mlx6,52351,22.028,18.61,49.4,1.56
1788035636.2,mlx6,52351,22.028,18.1,49.76,1.56
1788035636.62,mlx6,52351,22.028,17.57,50.12,1.56
1788035637.03,mlx6,52351,22.028,17.05,50.48,1.56
1788035637.45,mlx6,52351,22.028,16.53,50.84,1.56
1788035637.87,mlx6,52351,22.028,11.35,54.39,1.56
1788035638.29,mlx6,52351,22.028,21.65,47.32,1.56
1788035638.71,mlx6,52351,22.028,21.4,47.49,1.56
1788035639.12,mlx6,52351,22.028,19.38,48.88,1.56
1788035639.54,mlx6,52351,22.028,19.37,48.88,1.56
1788035639.95,mlx6,52351,22.028,19.37,48.88,1.56
1788035640.37,mlx6,52351,22.028,19.37,48.89,1.56
1788035640.79,mlx6,52351,22.028,19.37,48.89,1.56
1788035641.2,mlx6,52351,22.028,19.36,48.89,1.56
1788035641.62,mlx6,52351,22.028,19.37,48.89,1.56
1788035642.03,mlx6,52351,22.028,19.36,48.89,1.56
1788035642.44,mlx6,52351,22.028,19.37,48.88,1.56
1788035642.85,mlx6,52351,22.028,19.37,48.88,1.56
1788035643.27,mlx6,52351,22.028,19.36,48.88,1.56
1788035643.69,mlx6,52351,22.028,19.36,48.88,1.56
1788035644.1,mlx6,52351,22.028,19.37,48.93,1.56
1788035644.52,mlx6,52351,22.028,19.36,48.89,1.56
1788035644.94,mlx6,52351,22.028,19.37,48.89,1.56
1788035645.35,mlx6,52351,22.028,19.37,48.89,1.56
1788035645.76,mlx6,52351,22.028,19.36,48.89,1.56
1788035646.18,mlx6,52351,22.028,19.37,48.88,1.56
1788035646.59,mlx6,52351,22.028,19.36,48.88,1.56
1788035647.01,mlx6,52351,22.028,19.36,48.88,1.56
1788035647.43,mlx6,52351,22.028,19.36,48.88,1.56
1788035647.85,mlx6,52351,22.028,19.36,48.88,1.56
1788035648.26,mlx6,52351,22.028,19.36,48.88,1.56
1788035648.67,mlx6,52351,22.028,19.36,48.88,1.56
1788035649.09,mlx6,52351,22.028,19.36,48.88,1.56
1788035649.51,mlx6,52351,22.028,19.36,48.88,1.56
1788035649.92,mlx6,52351,22.028,19.36,48.88,1.56
1788035650.34,mlx6,52351,22.028,19.36,48.88,1.56
1788035650.75,mlx6,52351,22.028,19.36,48.88,1.56
1788035651.17,mlx6,52351,22.029,19.36,48.92,1.56
1788035651.58,mlx6,52351,22.029,19.37,48.88,1.56
1788035652.0,mlx6,52351,22.029,25.4,44.73,1.56
1788035652.42,mlx6,52351,22.029,24.91,45.07,1.56
1788035652.83,mlx6,52351,22.029,24.91,45.07,1.56
1788035653.25,mlx6,52351,22.029,24.91,45.06,1.56
1788035653.66,mlx6,52351,22.029,24.9,45.06,1.56
1788035654.07,mlx6,52351,22.029,24.91,45.06,1.56
1788035654.49,mlx6,52351,22.029,24.91,45.06,1.56
1788035654.9,mlx6,52351,22.029,24.91,45.06,1.56
1788035655.32,mlx6,52351,22.029,24.92,45.07,1.56
1788035655.74,mlx6,52351,22.029,24.92,45.07,1.56
1788035656.15,mlx6,52351,22.029,24.92,45.14,1.56
1788035656.57,mlx6,52351,22.029,24.91,45.12,1.56
1788035656.99,mlx6,52351,22.029,24.91,45.12,1.56
1788035657.4,mlx6,52351,22.029,24.91,45.07,1.56
1788035657.82,mlx6,52351,22.029,24.91,45.07,1.56
1788035658.23,mlx6,52351,22.029,24.91,45.15,1.56
1788035658.65,mlx6,52351,22.029,24.91,45.11,1.56
1788035659.07,mlx6,52351,22.029,24.9,45.11,1.56
1788035659.48,mlx6,52351,22.029,24.9,45.07,1.56
1788035659.9,mlx6,52351,22.029,25.19,45.1,1.56
1788035660.33,mlx6,52351,22.029,25.19,45.06,1.56
1788035660.75,mlx6,52351,22.029,25.19,45.06,1.56
1788035661.17,mlx6,52351,22.029,25.18,3.33,1.56
1788035661.59,mlx6,52351,22.029,25.22,3.33,1.56
1788035662.02,mlx6,52351,22.029,25.23,3.33,1.56
1788035662.44,mlx6,52351,22.029,25.26,3.29,1.56
1788035662.86,mlx6,52351,22.029,25.26,3.29,1.56
1788035663.28,mlx6,52351,22.029,25.31,3.33,1.56
1788035663.71,mlx6,52351,22.029,25.32,3.29,1.56
1788035664.13,mlx6,52351,22.029,25.4,3.33,1.56
1788035664.56,mlx6,52351,22.029,25.42,3.29,1.56
1788035664.98,mlx6,52351,22.029,25.42,3.29,1.56
1788035665.4,mlx6,52351,22.029,25.5,3.27,1.56
1788035665.83,mlx6,52351,22.029,25.52,3.27,1.56
1788035666.26,mlx6,52351,22.029,25.59,3.28,1.56
1788035666.68,mlx6,52351,22.029,25.61,3.28,1.56
1788035667.11,mlx6,52351,22.029,25.61,3.28,1.56
1788035667.53,mlx6,52351,22.029,25.67,3.28,1.56
1788035667.95,mlx6,52351,22.029,25.68,3.28,1.56
1788035668.37,mlx6,52351,22.029,25.73,3.28,1.56
1788035668.8,mlx6,52351,22.029,25.75,3.32,1.56
1788035669.22,mlx6,52351,22.029,25.76,3.28,1.56
1788035669.65,mlx6,52351,22.029,25.77,3.28,1.56
1788035670.08,mlx6,52351,22.029,26.18,3.09,1.56
1788035670.5,mlx6,52351,22.029,26.5,3.28,1.56
1788035670.91,mlx6,52351,22.029,26.62,3.32,1.56
1788035671.32,mlx6,52351,22.035,33.2,24.93,1.56
1788035671.73,mlx6,52351,22.035,14.65,52.35,1.56
1788035672.15,mlx6,52351,22.035,12.22,53.99,1.56
1788035672.57,mlx6,52351,22.034,11.47,54.55,1.56
1788035672.99,mlx6,52351,22.034,19.4,49.09,1.56
1788035673.4,mlx6,52351,22.034,21.15,47.83,1.56
1788035673.82,mlx6,52351,22.034,17.98,50.01,1.56
1788035674.23,mlx6,52351,22.034,17.98,50.01,1.56
1788035674.64,mlx6,52351,22.034,17.98,50.06,1.56
1788035675.06,mlx6,52351,22.034,17.97,50.06,1.55
1788035675.47,mlx6,52351,22.034,17.98,50.01,1.55
1788035675.89,mlx6,52351,22.034,17.97,50.01,1.55
1788035676.31,mlx6,52351,22.034,17.99,50.0,1.55
1788035676.72,mlx6,52351,22.034,18.0,50.0,1.55
1788035677.14,mlx6,52351,22.034,18.0,50.0,1.55
1788035677.55,mlx6,52351,22.034,17.98,50.01,1.55
1788035677.97,mlx6,52351,22.034,17.98,50.05,1.55
1788035678.39,mlx6,52351,22.034,17.99,50.01,1.55
1788035678.8,mlx6,52351,22.034,17.98,50.01,1.55
1788035679.22,mlx6,52351,22.034,17.98,50.02,1.55
1788035679.64,mlx6,52351,22.034,17.98,50.02,1.55
1788035680.06,mlx6,52351,22.034,17.98,50.02,1.55
1788035680.48,mlx6,52351,22.034,17.98,50.01,1.55
1788035680.89,mlx6,52351,22.061,14.84,52.13,1.55
1788035681.31,mlx6,52351,22.061,14.34,52.47,1.55
1788035681.72,mlx6,52351,22.061,14.05,52.67,1.55
1788035682.13,mlx6,52351,22.061,13.77,52.86,1.55
1788035682.54,mlx6,52351,22.061,13.43,53.06,1.55
1788035682.96,mlx6,52351,22.061,13.14,53.28,1.55
1788035683.38,mlx6,52351,22.061,12.86,53.57,1.55
1788035683.79,mlx6,52351,22.061,12.57,53.77,1.55
1788035684.21,mlx6,52351,22.061,12.23,54.01,1.55
1788035684.62,mlx6,52351,22.061,11.95,54.12,1.55
1788035685.03,mlx6,52351,22.061,11.68,54.3,1.55
1788035685.45,mlx6,52351,22.061,18.76,49.43,1.55
1788035685.86,mlx6,52351,22.061,18.71,49.47,1.55
1788035686.28,mlx6,52351,22.061,18.68,49.52,1.55
1788035686.7,mlx6,52351,22.061,18.66,49.5,1.55
1788035687.11,mlx6,52351,22.061,18.61,49.53,1.55
1788035687.53,mlx6,52351,22.061,18.59,49.55,1.55
1788035687.94,mlx6,52351,22.061,18.54,49.59,1.55
1788035688.36,mlx6,52351,22.061,18.52,49.6,1.55
1788035688.77,mlx6,52351,22.061,18.47,49.64,1.55
1788035689.19,mlx6,52351,22.061,18.44,49.69,1.55
1788035689.61,mlx6,52351,22.061,18.39,49.69,1.55
1788035690.02,mlx6,52351,22.061,18.55,49.58,1.55
1788035690.43,mlx6,52351,22.061,18.51,49.6,1.55
1788035690.85,mlx6,52351,22.061,18.44,49.65,1.55
1788035691.26,mlx6,52351,22.061,18.4,49.73,1.55
1788035691.68,mlx6,52351,22.061,18.36,49.72,1.55
1788035692.1,mlx6,52351,22.061,18.29,49.77,1.55
1788035692.5,mlx6,52351,22.061,18.26,49.78,1.55
1788035692.92,mlx6,52351,22.061,18.18,49.83,1.55
1788035693.34,mlx6,52351,22.061,18.14,49.89,1.55
1788035693.75,mlx6,52351,22.061,18.07,49.91,1.55
1788035694.17,mlx6,52351,22.061,18.04,49.93,1.55
1788035694.58,mlx6,52351,22.061,18.35,49.71,1.55
1788035695.0,mlx6,52351,22.061,18.31,49.75,1.55
1788035695.41,mlx6,52351,22.061,18.26,49.78,1.55
1788035695.83,mlx6,52351,22.061,18.16,49.85,1.55
1788035696.25,mlx6,52351,22.061,18.11,49.92,1.55
1788035696.66,mlx6,52351,22.061,18.01,49.95,1.55
1788035697.08,mlx6,52351,22.061,17.96,49.98,1.55
1788035697.49,mlx6,52351,22.061,17.91,50.01,1.55
1788035697.89,mlx6,52351,22.061,17.82,50.08,1.55
1788035698.31,mlx6,52351,22.061,17.77,50.15,1.55
1788035698.73,mlx6,52351,22.061,17.67,50.18,1.55
1788035699.14,mlx6,52351,22.061,18.2,49.82,1.55
1788035699.56,mlx6,52351,22.061,18.05,49.92,1.55
1788035699.97,mlx6,52351,22.061,17.99,49.96,1.55
1788035700.38,mlx6,52351,22.061,17.92,50.06,1.55
1788035700.8,mlx6,52351,22.061,17.8,50.11,1.55
1788035701.22,mlx6,52351,22.061,17.74,50.19,1.55
1788035701.63,mlx6,52351,22.061,17.62,50.23,1.55
1788035702.05,mlx6,52351,22.061,17.56,50.28,1.55
1788035702.46,mlx6,52351,22.061,17.5,50.3,1.55
1788035702.88,mlx6,52351,22.061,17.37,50.38,1.55
1788035703.29,mlx6,52351,22.061,17.32,50.47,1.55
1788035703.7,mlx6,52351,22.061,17.25,50.47,1.55
1788035704.12,mlx6,52351,22.061,17.9,50.03,1.55
1788035704.54,mlx6,52351,22.061,17.82,50.12,1.55
1788035704.95,mlx6,52351,22.061,17.68,50.22,1.55
1788035705.37,mlx6,52351,22.061,17.6,50.29,1.55
1788035705.78,mlx6,52351,22.061,17.53,50.3,1.55
1788035706.19,mlx6,52351,22.061,17.38,50.4,1.55
1788035706.61,mlx6,52351,22.061,17.3,50.47,1.55
1788035707.02,mlx6,52351,22.061,17.16,50.58,1.55
1788035707.44,mlx6,52351,22.061,17.08,50.63,1.55
1788035707.86,mlx6,52351,22.061,17.01,50.68,1.55
1788035708.27,mlx6,52351,22.061,16.87,50.74,1.55
1788035708.69,mlx6,52351,22.061,17.82,50.08,1.55
1788035709.1,mlx6,52351,22.061,17.65,50.22,1.55
1788035709.52,mlx6,52351,22.061,17.56,50.27,1.55
1788035709.94,mlx6,52351,22.061,17.48,50.33,1.55
1788035710.35,mlx6,52351,22.061,17.31,50.44,1.55
1788035710.76,mlx6,52351,22.061,17.22,50.49,1.55
1788035711.17,mlx6,52351,22.061,17.14,50.55,1.55
1788035711.58,mlx6,52351,22.061,16.97,50.67,1.55
1788035712.0,mlx6,52351,22.061,16.88,50.73,1.55
1788035712.42,mlx6,52351,22.061,16.79,50.79,1.55
1788035712.83,mlx6,52351,22.061,16.62,50.91,1.55
1788035713.24,mlx6,52351,22.061,16.54,51.0,1.55
1788035713.65,mlx6,52351,22.061,17.45,50.33,1.55
1788035714.06,mlx6,52351,22.061,17.35,50.4,1.55
1788035714.47,mlx6,52351,22.061,17.27,50.47,1.55
1788035714.89,mlx6,52351,22.061,17.17,50.54,1.55
1788035715.3,mlx6,52351,22.061,16.98,50.67,1.55
1788035715.72,mlx6,52351,22.061,16.88,50.74,1.55
1788035716.14,mlx6,52351,22.061,16.78,50.8,1.55
1788035716.55,mlx6,52351,22.061,16.58,50.94,1.55
1788035716.97,mlx6,52351,22.061,16.49,51.01,1.55
1788035717.38,mlx6,52351,22.061,16.39,51.07,1.55
1788035717.8,mlx6,52351,22.061,16.2,51.22,1.55
1788035718.21,mlx6,52351,22.061,16.1,51.29,1.55
1788035718.63,mlx6,52351,22.061,17.24,50.5,1.55
1788035719.05,mlx6,52351,22.061,17.14,50.56,1.55
1788035719.45,mlx6,52351,22.061,17.02,50.67,1.55
1788035719.86,mlx6,52351,22.061,16.92,50.74,1.55
1788035720.28,mlx6,52351,22.061,16.7,50.93,1.55
1788035720.69,mlx6,52351,22.061,16.59,50.97,1.55
1788035721.1,mlx6,52351,22.061,16.47,51.01,1.55
1788035721.52,mlx6,52351,22.061,16.25,51.17,1.55
1788035721.94,mlx6,52351,22.061,16.14,51.24,1.55
1788035722.35,mlx6,52351,22.061,16.05,51.3,1.55
1788035722.76,mlx6,52351,22.061,15.93,51.39,1.55
1788035723.18,mlx6,52351,22.061,15.71,51.54,1.55
1788035723.58,mlx6,52351,22.061,17.15,50.55,1.55
1788035724.0,mlx6,52351,22.061,17.03,50.63,1.55
1788035724.41,mlx6,52351,22.061,16.91,50.72,1.55
1788035724.83,mlx6,52351,22.061,16.67,50.88,1.55
1788035725.24,mlx6,52351,22.061,16.54,50.97,1.55
1788035725.65,mlx6,52351,22.061,16.42,51.05,1.55
1788035726.06,mlx6,52351,22.061,16.3,51.14,1.55
1788035726.47,mlx6,52351,22.061,16.06,51.3,1.55
1788035726.88,mlx6,52351,22.061,15.94,51.38,1.55
1788035727.3,mlx6,52351,22.061,15.82,51.51,1.55
1788035727.71,mlx6,52351,22.061,15.57,51.63,1.55
1788035728.13,mlx6,52351,22.061,15.45,51.72,1.55
1788035728.55,mlx6,52351,22.061,17.38,50.4,1.55
1788035728.96,mlx6,52351,22.061,16.83,50.78,1.55
1788035729.38,mlx6,52351,22.061,16.68,50.93,1.55
1788035729.79,mlx6,52351,22.061,16.41,51.12,1.55
1788035730.21,mlx6,52351,22.061,16.28,51.21,1.55
1788035730.62,mlx6,52351,22.061,16.14,51.3,1.55
1788035731.04,mlx6,52351,22.061,16.01,51.4,1.55
1788035731.46,mlx6,52351,22.061,15.74,51.52,1.55
1788035731.87,mlx6,52351,22.061,15.6,51.62,1.55
1788035732.29,mlx6,52351,22.061,15.47,51.75,1.55
1788035732.7,mlx6,52351,22.061,15.2,51.89,1.55
1788035733.11,mlx6,52351,22.061,15.07,51.99,1.55
1788035733.52,mlx6,52351,22.061,14.93,52.08,1.55
1788035733.94,mlx6,52351,22.061,16.65,50.9,1.55
1788035734.35,mlx6,52351,22.061,16.51,51.04,1.55
1788035734.77,mlx6,52351,22.061,16.36,51.1,1.55
1788035735.19,mlx6,52351,22.061,16.21,51.2,1.55
1788035735.6,mlx6,52351,22.061,15.92,51.4,1.55
1788035736.02,mlx6,52351,22.061,15.78,51.5,1.55
1788035736.44,mlx6,52351,22.061,15.63,51.6,1.55
1788035736.85,mlx6,52351,22.061,15.48,51.7,1.55
1788035737.26,mlx6,52351,22.061,15.33,51.8,1.55
1788035737.68,mlx6,52351,22.061,15.04,52.0,1.55
1788035738.1,mlx6,52351,22.061,14.89,52.11,1.55
1788035738.51,mlx6,52351,22.061,14.74,52.21,1.55
1788035738.93,mlx6,52351,22.061,14.6,52.31,1.55
1788035739.35,mlx6,52351,22.061,16.41,51.1,1.55
1788035739.76,mlx6,52351,22.061,16.25,51.17,1.55
1788035740.17,mlx6,52351,22.061,16.09,51.28,1.55
1788035740.58,mlx6,52351,22.061,15.79,51.49,1.55
1788035740.99,mlx6,52351,22.061,15.64,51.6,1.55
1788035741.41,mlx6,52351,22.061,15.47,51.76,1.55
1788035741.83,mlx6,52351,22.061,15.31,51.83,1.55
1788035742.24,mlx6,52351,22.061,15.15,51.93,1.55
1788035742.66,mlx6,52351,22.061,14.83,52.15,1.55
1788035743.07,mlx6,52351,22.061,14.67,52.26,1.55
1788035743.49,mlx6,52351,22.061,14.5,52.38,1.55
1788035743.91,mlx6,52351,22.061,14.34,52.49,1.55
1788035744.32,mlx6,52351,22.061,15.51,51.7,1.55
1788035744.74,mlx6,52351,22.061,16.18,51.21,1.55
1788035745.15,mlx6,52351,22.061,16.02,51.33,1.55
1788035745.57,mlx6,52351,22.061,15.84,51.45,1.55
1788035745.98,mlx6,52351,22.061,15.5,51.68,1.55
1788035746.4,mlx6,52351,22.061,15.33,51.84,1.55
1788035746.82,mlx6,52351,22.061,15.16,51.92,1.55
1788035747.23,mlx6,52351,22.061,14.99,52.03,1.55
1788035747.65,mlx6,52351,22.061,14.73,52.21,1.55
1788035748.06,mlx6,52351,22.061,14.48,52.39,1.55
1788035748.48,mlx6,52351,22.061,14.31,52.54,1.55
1788035748.9,mlx6,52351,22.061,14.13,52.62,1.55
1788035749.31,mlx6,52351,22.061,13.97,52.78,1.55
1788035749.73,mlx6,52351,22.061,13.7,52.92,1.55
1788035750.15,mlx6,52351,22.061,15.96,51.36,1.55
1788035750.56,mlx6,52351,22.061,15.78,51.49,1.55
1788035750.98,mlx6,52351,22.061,15.6,51.62,1.55
1788035751.39,mlx6,52351,22.061,15.23,51.91,1.55
1788035751.81,mlx6,52351,22.061,15.05,51.99,1.55
1788035752.22,mlx6,52351,22.061,14.87,52.12,1.55
1788035752.64,mlx6,52351,22.061,14.69,52.24,1.55
1788035753.06,mlx6,52351,22.061,14.5,52.37,1.55
1788035753.47,mlx6,52351,22.061,14.32,52.6,1.55
1788035753.89,mlx6,52351,22.061,13.95,52.81,1.55
1788035754.3,mlx6,52351,22.061,13.77,52.93,1.55
1788035754.71,mlx6,52351,22.061,13.59,53.0,1.55
1788035755.13,mlx6,52351,22.061,13.41,53.13,1.55
1788035755.54,mlx6,52351,22.061,15.78,51.59,1.55
1788035755.95,mlx6,52351,22.061,15.56,51.71,1.55
1788035756.37,mlx6,52351,22.061,15.35,51.78,1.55
1788035756.78,mlx6,52351,22.061,15.16,51.92,1.55
1788035757.19,mlx6,52351,22.061,14.96,52.05,1.55
1788035757.61,mlx6,52351,22.061,14.77,52.18,1.55
1788035758.02,mlx6,52351,22.061,14.38,52.45,1.55
1788035758.43,mlx6,52351,22.061,14.19,52.59,1.55
1788035758.85,mlx6,52351,22.061,13.99,52.72,1.55
1788035759.27,mlx6,52351,22.061,13.8,52.86,1.55
1788035759.68,mlx6,52351,22.061,13.6,52.99,1.55
1788035760.1,mlx6,52351,22.061,13.41,53.14,1.55
1788035760.52,mlx6,52351,22.061,13.02,53.41,1.55
1788035760.93,mlx6,52351,22.061,16.29,51.16,1.55
1788035761.34,mlx6,52351,22.061,15.53,51.72,1.55
1788035761.75,mlx6,52351,22.061,15.32,51.83,1.55
1788035762.17,mlx6,52351,22.061,15.11,51.95,1.55
1788035762.58,mlx6,52351,22.061,14.7,52.24,1.55
1788035763.0,mlx6,52351,22.061,14.49,52.38,1.55
1788035763.42,mlx6,52351,22.061,14.28,52.52,1.55
1788035763.83,mlx6,52351,22.061,14.07,52.67,1.55
1788035764.25,mlx6,52351,22.061,13.86,52.82,1.55
1788035764.66,mlx6,52351,22.061,13.66,52.97,1.55
1788035765.08,mlx6,52351,22.061,13.45,53.11,1.55
1788035765.49,mlx6,52351,22.061,13.03,53.4,1.55
1788035765.9,mlx6,52351,22.061,12.82,53.54,1.55
1788035766.32,mlx6,52351,22.061,12.6,53.72,1.55
1788035766.74,mlx6,52351,22.061,15.55,51.64,1.55
1788035767.16,mlx6,52351,22.061,15.08,51.97,1.55
1788035767.57,mlx6,52351,22.061,14.86,52.12,1.55
1788035767.98,mlx6,52351,22.061,14.65,52.27,1.55
1788035768.4,mlx6,52351,22.061,14.43,52.46,1.55
1788035768.81,mlx6,52351,22.061,14.21,52.57,1.55
1788035769.22,mlx6,52351,22.061,13.99,52.72,1.55
1788035769.64,mlx6,52351,22.061,13.77,52.88,1.55
1788035770.05,mlx6,52351,22.061,13.54,53.03,1.55
1788035770.47,mlx6,52351,22.061,13.1,53.33,1.55
1788035770.89,mlx6,52351,22.061,12.88,53.48,1.55
1788035771.3,mlx6,52351,22.061,12.66,53.63,1.55
1788035771.72,mlx6,52351,22.061,12.44,53.78,1.55
1788035772.13,mlx6,52351,22.061,12.22,53.93,1.55
1788035772.55,mlx6,52351,22.061,15.33,51.8,1.55
1788035772.96,mlx6,52351,22.061,15.06,51.98,1.55
1788035773.37,mlx6,52351,22.061,14.83,52.18,1.55
1788035773.78,mlx6,52351,22.061,14.6,52.3,1.55
1788035774.19,mlx6,52351,22.061,14.37,52.46,1.55
1788035774.61,mlx6,52351,22.061,14.14,52.62,1.55
1788035775.03,mlx6,52351,22.061,13.9,52.78,1.55
1788035775.44,mlx6,52351,22.061,13.68,52.98,1.55
1788035775.86,mlx6,52351,22.061,13.44,53.1,1.55
1788035776.28,mlx6,52351,22.061,12.98,53.42,1.55
1788035776.69,mlx6,52351,22.061,12.75,53.58,1.55
1788035777.11,mlx6,52351,22.061,12.51,53.74,1.55
1788035777.52,mlx6,52351,22.061,12.28,53.95,1.55
1788035777.93,mlx6,52351,22.061,12.05,54.11,1.55
1788035778.34,mlx6,52351,22.061,15.15,51.98,1.55
1788035778.74,mlx6,52351,22.061,14.87,52.16,1.55
1788035779.15,mlx6,52351,22.061,14.38,52.5,1.55
1788035779.57,mlx6,52351,22.061,14.14,52.62,1.55
1788035779.98,mlx6,52351,22.061,13.9,52.79,1.55
1788035780.4,mlx6,52351,22.061,13.64,53.01,1.55
1788035780.82,mlx6,52351,22.061,13.4,53.14,1.55
1788035781.22,mlx6,52351,22.061,13.16,53.31,1.55
1788035781.64,mlx6,52351,22.061,12.92,53.46,1.55
1788035782.05,mlx6,52351,22.061,12.66,53.63,1.55
1788035782.47,mlx6,52351,22.061,12.41,53.84,1.55
1788035782.88,mlx6,52351,22.061,12.17,53.96,1.55
1788035783.29,mlx6,52351,22.061,11.93,54.13,1.55
1788035783.71,mlx6,52351,22.061,11.68,54.3,1.55
1788035784.13,mlx6,52351,22.061,12.77,53.48,1.55
1788035784.54,mlx6,52351,22.061,14.65,52.31,1.55
1788035784.95,mlx6,52351,22.061,14.39,52.44,1.55
1788035785.37,mlx6,52351,22.061,14.13,52.66,1.55
1788035785.78,mlx6,52351,22.061,13.87,52.8,1.55
1788035786.2,mlx6,52351,22.061,13.62,52.97,1.55
1788035786.62,mlx6,52351,22.061,13.36,53.15,1.55
1788035787.03,mlx6,52351,22.061,12.85,53.5,1.55
1788035787.45,mlx6,52351,22.061,12.59,53.72,1.55
1788035787.86,mlx6,52351,22.061,12.34,53.85,1.55
1788035788.28,mlx6,52351,22.061,12.08,54.03,1.55
1788035788.7,mlx6,52351,22.061,11.82,54.21,1.55
1788035789.11,mlx6,52351,22.061,11.57,54.38,1.55
1788035789.52,mlx6,52351,22.061,11.6,54.4,1.55
1788035789.94,mlx6,52351,22.061,11.66,54.32,1.55
1788035790.35,mlx6,52351,22.061,14.47,52.39,1.55
1788035790.77,mlx6,52351,22.061,14.17,52.6,1.55
1788035791.19,mlx6,52351,22.061,13.9,52.79,1.55
1788035791.6,mlx6,52351,22.061,13.63,53.01,1.55
1788035792.02,mlx6,52351,22.061,13.36,53.16,1.55
1788035792.42,mlx6,52351,22.061,13.1,53.38,1.55
1788035792.84,mlx6,52351,22.061,12.82,53.53,1.55
1788035793.25,mlx6,52351,22.061,12.55,53.71,1.55
1788035793.66,mlx6,52351,22.061,12.28,53.9,1.55
1788035794.07,mlx6,52351,22.061,12.02,54.08,1.55
1788035794.48,mlx6,52351,22.061,11.75,54.31,1.55
1788035794.9,mlx6,52351,22.061,11.6,54.37,1.55
1788035795.31,mlx6,52351,22.061,11.58,54.38,1.55
1788035795.73,mlx6,52351,22.061,11.68,54.31,1.55
1788035796.14,mlx6,52351,22.061,11.68,54.31,1.55
1788035796.56,mlx6,52351,22.061,14.22,52.57,1.55
1788035796.98,mlx6,52351,22.061,13.94,52.76,1.55
1788035797.39,mlx6,52351,22.061,13.66,53.0,1.55
1788035797.81,mlx6,52351,22.061,13.37,53.15,1.55
1788035798.23,mlx6,52351,22.061,13.09,53.34,1.55
1788035798.64,mlx6,52351,22.061,12.81,53.55,1.55
1788035799.06,mlx6,52351,22.061,12.53,53.74,1.55
1788035799.47,mlx6,52351,22.061,12.25,53.92,1.55
1788035799.88,mlx6,52351,22.061,11.97,54.11,1.55
1788035800.29,mlx6,52351,22.061,11.69,54.31,1.55
1788035800.7,mlx6,52351,22.061,11.66,54.32,1.55
1788035801.12,mlx6,52351,22.061,11.56,54.39,1.55
1788035801.53,mlx6,52351,22.061,11.59,54.37,1.55
1788035801.95,mlx6,52351,22.061,11.66,54.32,1.55
1788035802.36,mlx6,52351,22.061,11.6,54.36,1.55
1788035802.77,mlx6,52351,22.061,13.99,52.77,1.55
1788035803.18,mlx6,52351,22.061,13.7,52.97,1.55
1788035803.6,mlx6,52351,22.061,13.41,53.17,1.55
1788035804.02,mlx6,52351,22.061,13.11,53.37,1.55
1788035804.43,mlx6,52351,22.061,12.82,53.61,1.55
1788035804.85,mlx6,52351,22.061,12.52,53.73,1.55
1788035805.26,mlx6,52351,22.061,12.23,53.93,1.55
1788035805.68,mlx6,52351,22.061,11.94,54.13,1.55
1788035806.1,mlx6,52351,22.061,11.65,54.33,1.55
1788035806.51,mlx6,52351,22.061,11.63,54.35,1.55
1788035806.93,mlx6,52351,22.061,11.58,54.38,1.55
1788035807.35,mlx6,52351,22.061,11.58,54.37,1.55
1788035807.76,mlx6,52351,22.061,11.57,54.38,1.55
1788035808.18,mlx6,52351,22.061,11.66,54.32,1.55
1788035808.59,mlx6,52351,22.061,11.6,54.36,1.55
1788035809.01,mlx6,52351,22.061,13.81,52.84,1.55
1788035809.42,mlx6,52351,22.061,13.51,53.09,1.55
1788035809.84,mlx6,52351,22.061,13.2,53.26,1.55
1788035810.25,mlx6,52351,22.061,12.89,53.48,1.55
1788035810.66,mlx6,52351,22.061,12.59,53.68,1.55
1788035811.08,mlx6,52351,22.061,12.28,53.9,1.55
1788035811.5,mlx6,52351,22.061,11.98,54.14,1.55
1788035811.9,mlx6,52351,22.061,11.67,54.31,1.55
1788035812.31,mlx6,52351,22.061,11.65,54.33,1.55
1788035812.73,mlx6,52351,22.061,11.59,54.37,1.55
1788035813.14,mlx6,52351,22.061,11.58,54.37,1.55
1788035813.56,mlx6,52351,22.061,11.68,54.31,1.55
1788035813.97,mlx6,52351,22.061,11.63,54.35,1.55
1788035814.38,mlx6,52351,22.061,11.58,54.38,1.55
1788035814.8,mlx6,52351,22.061,11.68,54.31,1.55
1788035815.22,mlx6,52351,22.061,14.43,52.42,1.55
1788035815.63,mlx6,52351,22.061,13.66,52.95,1.55
1788035816.05,mlx6,52351,22.061,13.34,53.17,1.55
1788035816.47,mlx6,52351,22.061,13.02,53.43,1.55
1788035816.88,mlx6,52351,22.061,12.7,53.61,1.55
1788035817.3,mlx6,52351,22.061,12.38,53.83,1.55
1788035817.72,mlx6,52351,22.061,12.07,54.05,1.55
1788035818.13,mlx6,52351,22.061,11.75,54.26,1.55
1788035818.55,mlx6,52351,22.061,11.58,54.42,1.55
1788035818.97,mlx6,52351,22.061,11.59,54.37,1.55
1788035819.38,mlx6,52351,22.061,11.58,54.38,1.55
1788035819.79,mlx6,52351,22.061,11.57,54.39,1.55
1788035820.21,mlx6,52351,22.061,11.58,54.39,1.55
1788035820.63,mlx6,52351,22.061,11.7,54.31,1.55
1788035821.04,mlx6,52351,22.061,11.65,54.34,1.55
1788035821.46,mlx6,52351,22.061,11.61,54.41,1.55
1788035821.87,mlx6,52351,22.061,13.38,53.16,1.55
1788035822.29,mlx6,52351,22.061,13.04,53.38,1.55
1788035822.7,mlx6,52351,22.061,12.72,53.6,1.55
1788035823.12,mlx6,52351,22.061,12.38,53.82,1.55
1788035823.54,mlx6,52351,22.061,12.06,54.09,1.55
1788035823.95,mlx6,52351,22.061,11.72,54.28,1.55
1788035824.36,mlx6,52351,22.061,11.7,54.31,1.55
1788035824.78,mlx6,52351,22.061,11.59,54.38,1.55
1788035825.19,mlx6,52351,22.061,11.51,54.42,1.55
1788035825.61,mlx6,52351,22.061,11.58,54.47,1.55
1788035826.03,mlx6,52351,22.061,11.56,54.45,1.55
1788035826.45,mlx6,52351,22.061,11.71,54.38,1.55
1788035826.86,mlx6,52351,22.061,11.67,54.35,1.55
1788035827.28,mlx6,52351,22.061,11.63,54.38,1.55
1788035827.7,mlx6,52351,22.061,11.6,54.36,1.55
1788035828.11,mlx6,52351,22.061,11.57,54.38,1.55
1788035828.53,mlx6,52351,22.061,13.15,53.34,1.55
1788035828.94,mlx6,52351,22.061,12.81,53.53,1.55
1788035829.35,mlx6,52351,22.061,12.46,53.77,1.55
1788035829.76,mlx6,52351,22.061,12.13,54.0,1.55
1788035830.17,mlx6,52351,22.061,11.78,54.23,1.55
1788035830.59,mlx6,52351,22.061,11.6,54.4,1.55
1788035831.01,mlx6,52351,22.061,11.6,54.36,1.55
1788035831.42,mlx6,52351,22.061,11.56,54.38,1.55
1788035831.84,mlx6,52351,22.061,11.59,54.37,1.55
1788035832.26,mlx6,52351,22.061,11.62,54.35,1.55
1788035832.67,mlx6,52351,22.061,11.59,54.37,1.55
1788035833.08,mlx6,52351,22.061,11.72,54.28,1.55
1788035833.49,mlx6,52351,22.061,11.71,54.33,1.55
1788035833.91,mlx6,52351,22.061,11.67,54.31,1.55
1788035834.32,mlx6,52351,22.061,11.65,54.33,1.55
1788035834.74,mlx6,52351,22.061,11.61,54.35,1.55
1788035835.16,mlx6,52351,22.061,12.93,53.45,1.55
1788035835.57,mlx6,52351,22.061,12.58,53.73,1.55
1788035835.97,mlx6,52351,22.061,12.23,53.93,1.55
1788035836.39,mlx6,52351,22.061,11.88,54.18,1.55
1788035836.8,mlx6,52351,22.061,11.69,54.31,1.55
1788035837.21,mlx6,52351,22.061,11.62,54.35,1.55
1788035837.62,mlx6,52351,22.061,11.51,54.47,1.55
1788035838.04,mlx6,52351,22.061,11.58,54.39,1.55
1788035838.46,mlx6,52351,22.061,11.58,54.42,1.55
1788035838.87,mlx6,52351,22.061,11.6,54.37,1.55
1788035839.29,mlx6,52351,22.061,11.64,54.34,1.55
1788035839.71,mlx6,52351,22.061,11.62,54.4,1.55
1788035840.12,mlx6,52351,22.061,11.65,54.33,1.55
1788035840.54,mlx6,52351,22.061,11.62,54.39,1.55
1788035840.94,mlx6,52351,22.061,11.6,54.37,1.55
1788035841.36,mlx6,52351,22.061,11.57,54.38,1.55
1788035841.78,mlx6,52351,22.061,12.78,53.55,1.55
1788035842.19,mlx6,52351,22.061,12.78,53.55,1.55
1788035842.61,mlx6,52351,22.061,12.41,53.81,1.55
1788035843.02,mlx6,52351,22.061,12.05,54.06,1.55
1788035843.44,mlx6,52351,22.061,11.68,54.31,1.55
1788035843.86,mlx6,52351,22.061,11.66,54.33,1.55
1788035844.27,mlx6,52351,22.061,11.6,54.37,1.55
1788035844.69,mlx6,52351,22.061,11.6,54.37,1.55
1788035845.1,mlx6,52351,22.061,11.6,54.37,1.55
1788035845.51,mlx6,52351,22.061,11.65,54.37,1.55
1788035845.93,mlx6,52351,22.061,11.64,54.34,1.55
1788035846.34,mlx6,52351,22.061,11.62,54.35,1.55
1788035846.75,mlx6,52351,22.061,11.6,54.37,1.55
1788035847.17,mlx6,52351,22.061,11.58,54.38,1.55
1788035847.58,mlx6,52351,22.061,11.74,54.27,1.55
1788035847.99,mlx6,52351,22.061,11.72,54.28,1.55
1788035848.41,mlx6,52351,22.061,13.39,53.13,1.55
1788035848.82,mlx6,52351,22.061,12.5,53.75,1.55
1788035849.23,mlx6,52351,22.061,12.12,54.01,1.55
1788035849.65,mlx6,52351,22.061,11.73,54.33,1.55
1788035850.06,mlx6,52351,22.061,11.71,54.34,1.55
1788035850.47,mlx6,52351,22.061,11.57,54.43,1.55
1788035850.9,mlx6,52351,22.061,11.56,54.43,1.55
1788035851.31,mlx6,52351,22.061,11.61,54.4,1.55
1788035851.73,mlx6,52351,22.061,11.6,54.36,1.55
1788035852.15,mlx6,52351,22.061,11.59,54.37,1.55
1788035852.56,mlx6,52351,22.061,11.59,54.41,1.55
1788035852.98,mlx6,52351,22.061,11.58,54.37,1.55
1788035853.38,mlx6,52351,22.061,11.56,54.38,1.55
1788035853.8,mlx6,52351,22.061,11.61,54.35,1.55
1788035854.22,mlx6,52351,22.061,11.6,54.36,1.55
1788035854.63,mlx6,52351,22.061,11.59,54.36,1.55
1788035855.04,mlx6,52351,22.061,11.64,54.33,1.55
1788035855.46,mlx6,52351,22.061,12.72,53.59,1.55
1788035855.87,mlx6,52351,22.061,12.33,53.85,1.55
1788035856.29,mlx6,52351,22.061,11.94,54.12,1.55
1788035856.7,mlx6,52351,22.061,11.74,54.27,1.55
1788035857.12,mlx6,52351,22.061,11.59,54.37,1.55
1788035857.54,mlx6,52351,22.061,11.57,54.42,1.55
1788035857.95,mlx6,52351,22.061,11.6,54.36,1.55
1788035858.37,mlx6,52351,22.061,11.58,54.37,1.55
1788035858.79,mlx6,52351,22.061,11.62,54.34,1.55
1788035859.2,mlx6,52351,22.061,11.61,54.35,1.55
1788035859.62,mlx6,52351,22.061,11.61,54.39,1.55
1788035860.03,mlx6,52351,22.061,11.66,54.31,1.55
1788035860.44,mlx6,52351,22.061,11.66,54.32,1.55
1788035860.86,mlx6,52351,22.061,11.67,54.31,1.55
1788035861.27,mlx6,52351,22.061,11.67,54.32,1.55
1788035861.69,mlx6,52351,22.061,11.66,54.32,1.55
1788035862.1,mlx6,52351,22.061,11.71,54.29,1.55
1788035862.52,mlx6,52351,22.061,12.06,54.09,1.55
1788035862.93,mlx6,52351,22.061,11.65,54.33,1.55
1788035863.35,mlx6,52351,22.061,11.65,54.33,1.55
1788035863.76,mlx6,52351,22.061,11.63,54.34,1.55
1788035864.18,mlx6,52351,22.061,11.6,54.37,1.55
1788035864.59,mlx6,52351,22.061,11.62,54.39,1.55
1788035865.0,mlx6,52351,22.061,11.59,54.38,1.55
1788035865.41,mlx6,52351,22.061,11.61,54.36,1.55
1788035865.82,mlx6,52351,22.061,11.73,54.27,1.55
1788035866.22,mlx6,52351,22.061,11.73,54.27,1.55
1788035866.63,mlx6,52351,22.061,11.6,54.41,1.55
1788035867.05,mlx6,52351,22.061,11.6,54.36,1.55
1788035867.46,mlx6,52351,22.061,11.61,54.36,1.55
1788035867.88,mlx6,52351,22.061,11.62,54.36,1.55
1788035868.3,mlx6,52351,22.061,11.68,54.31,1.55
1788035868.71,mlx6,52351,22.061,11.68,54.31,1.55
1788035869.13,mlx6,52351,22.061,11.73,54.27,1.55
1788035869.54,mlx6,52351,22.061,12.32,53.91,1.55
1788035869.95,mlx6,52351,22.061,11.9,54.16,1.55
1788035870.37,mlx6,52351,22.061,11.68,54.31,1.55
1788035870.78,mlx6,52351,22.061,11.58,54.38,1.55
1788035871.2,mlx6,52351,22.061,11.6,54.37,1.55
1788035871.61,mlx6,52351,22.061,11.61,54.4,1.55
1788035872.02,mlx6,52351,22.061,11.63,54.35,1.55
1788035872.43,mlx6,52351,22.061,11.66,54.33,1.55
1788035872.84,mlx6,52351,22.061,11.72,54.28,1.55
1788035873.25,mlx6,52351,22.061,11.74,54.27,1.55
1788035873.67,mlx6,52351,22.061,11.74,54.35,1.55
1788035874.08,mlx6,52351,22.061,11.75,54.3,1.55
1788035874.5,mlx6,52351,22.061,11.62,54.4,1.55
1788035874.91,mlx6,52351,22.061,11.68,54.36,1.55
1788035875.33,mlx6,52351,22.061,11.69,54.36,1.55
1788035875.74,mlx6,52351,22.061,11.69,54.39,1.55
1788035876.17,mlx6,52351,22.061,11.7,54.35,1.55
1788035876.58,mlx6,52351,22.061,12.56,53.8,1.55
1788035876.99,mlx6,52351,22.061,11.68,54.36,1.55
1788035877.41,mlx6,52351,22.061,11.66,54.38,1.55
1788035877.83,mlx6,52351,22.061,11.59,54.36,1.55
1788035878.24,mlx6,52351,22.061,11.59,54.36,1.55
1788035878.66,mlx6,52351,22.061,11.59,54.4,1.55
1788035879.06,mlx6,52351,22.061,11.59,54.36,1.55
1788035879.48,mlx6,52351,22.061,11.59,54.36,1.55
1788035879.89,mlx6,52351,22.061,11.67,54.31,1.55
1788035880.31,mlx6,52351,22.061,11.74,54.28,1.55
1788035880.72,mlx6,52351,22.061,11.6,54.41,1.55
1788035881.13,mlx6,52351,22.061,11.62,54.35,1.55
1788035881.54,mlx6,52351,22.061,11.63,54.39,1.55
1788035881.96,mlx6,52351,22.061,11.64,54.35,1.55
1788035882.37,mlx6,52351,22.061,11.72,54.28,1.55
1788035882.78,mlx6,52351,22.061,11.72,54.31,1.55
1788035883.2,mlx6,52351,22.061,11.75,54.25,1.55
1788035883.62,mlx6,52351,22.061,11.76,54.28,1.55
1788035884.04,mlx6,52351,22.061,11.6,54.36,1.55
1788035884.45,mlx6,52351,22.061,11.61,54.35,1.55
1788035884.87,mlx6,52351,22.061,11.61,54.35,1.55
1788035885.29,mlx6,52351,22.061,11.6,54.36,1.55
1788035885.71,mlx6,52351,22.061,11.59,54.36,1.55
1788035886.12,mlx6,52351,22.061,11.58,54.37,1.55
1788035886.54,mlx6,52351,22.061,11.72,54.27,1.55
1788035886.95,mlx6,52351,22.061,11.74,54.26,1.55
1788035887.36,mlx6,52351,22.061,11.76,54.25,1.55
1788035887.77,mlx6,52351,22.061,11.62,54.34,1.55
1788035888.19,mlx6,52351,22.061,11.65,54.32,1.55
1788035888.6,mlx6,52351,22.061,11.67,54.34,1.55
1788035889.01,mlx6,52351,22.061,11.75,54.25,1.55
1788035889.43,mlx6,52351,22.061,11.61,54.34,1.55
1788035889.84,mlx6,52351,22.061,11.63,54.33,1.55
1788035890.26,mlx6,52351,22.061,11.65,54.32,1.55
1788035890.67,mlx6,52351,22.061,11.67,54.3,1.55
1788035891.09,mlx6,52351,22.061,12.31,53.87,1.55
1788035891.5,mlx6,52351,22.061,11.61,54.35,1.55
1788035891.91,mlx6,52351,22.061,11.59,54.37,1.55
1788035892.33,mlx6,52351,22.061,11.62,54.34,1.55
1788035892.74,mlx6,52351,22.061,11.6,54.36,1.55
1788035893.15,mlx6,52351,22.061,11.6,54.36,1.55
1788035893.57,mlx6,52351,22.061,11.57,54.42,1.55
1788035893.98,mlx6,52351,22.061,11.62,54.34,1.55
1788035894.39,mlx6,52351,22.061,11.71,54.28,1.55
1788035894.8,mlx6,52351,22.061,11.73,54.27,1.55
1788035895.22,mlx6,52351,22.061,11.76,54.25,1.55
1788035895.63,mlx6,52351,22.061,11.63,54.38,1.55
1788035896.05,mlx6,52351,22.061,11.66,54.32,1.55
1788035896.47,mlx6,52351,22.061,11.69,54.3,1.55
1788035896.88,mlx6,52351,22.061,11.78,54.24,1.55
1788035897.3,mlx6,52351,22.061,11.64,54.33,1.55
1788035897.71,mlx6,52351,22.061,11.67,54.32,1.55
1788035898.13,mlx6,52351,22.061,11.69,54.3,1.55
1788035898.55,mlx6,52351,22.061,11.95,54.13,1.55
1788035898.96,mlx6,52351,22.061,11.59,54.37,1.55
1788035899.38,mlx6,52351,22.061,11.62,54.35,1.55
1788035899.79,mlx6,52351,22.061,11.58,54.38,1.55
1788035900.21,mlx6,52351,22.061,11.6,54.36,1.55
1788035900.62,mlx6,52351,22.061,11.6,54.4,1.55
1788035901.04,mlx6,52351,22.061,11.73,54.27,1.55
1788035901.45,mlx6,52351,22.061,11.6,54.36,1.55
1788035901.87,mlx6,52351,22.061,11.69,54.3,1.55
1788035902.28,mlx6,52351,22.061,11.72,54.28,1.55
1788035902.7,mlx6,52351,22.061,11.75,54.3,1.55
1788035903.11,mlx6,52351,22.061,11.61,54.35,1.55
1788035903.52,mlx6,52351,22.061,11.66,54.33,1.55
1788035903.93,mlx6,52351,22.061,11.69,54.3,1.55
1788035904.34,mlx6,52351,22.061,11.78,54.24,1.55
1788035904.76,mlx6,52351,22.061,11.65,54.33,1.55
1788035905.17,mlx6,52351,22.061,11.68,54.31,1.55
1788035905.58,mlx6,52351,22.061,11.57,54.38,1.55
1788035906.0,mlx6,52351,22.061,11.9,54.15,1.55
1788035906.41,mlx6,52351,22.061,11.62,54.35,1.55
1788035906.82,mlx6,52351,22.061,11.58,54.38,1.55
1788035907.24,mlx6,52351,22.061,11.59,54.37,1.55
1788035907.66,mlx6,52351,22.061,11.56,54.43,1.55
1788035908.07,mlx6,52351,22.061,11.6,54.36,1.55
1788035908.49,mlx6,52351,22.061,11.78,54.24,1.55
1788035908.9,mlx6,52351,22.061,11.64,54.33,1.55
1788035909.32,mlx6,52351,22.061,11.68,54.31,1.55
1788035909.73,mlx6,52351,22.061,11.72,54.32,1.55
1788035910.14,mlx6,52351,22.061,11.58,54.38,1.55
1788035910.55,mlx6,52351,22.061,11.63,54.34,1.55
1788035910.97,mlx6,52351,22.061,11.73,54.27,1.55
1788035911.38,mlx6,52351,22.061,11.59,54.37,1.55
1788035911.8,mlx6,52351,22.061,11.63,54.34,1.55
1788035912.21,mlx6,52351,22.061,11.66,54.32,1.55
1788035912.62,mlx6,52351,22.061,11.61,54.4,1.55
1788035913.04,mlx6,52351,22.061,11.61,54.36,1.55
1788035913.46,mlx6,52351,22.061,11.63,54.35,1.55
1788035913.87,mlx6,52351,22.061,14.54,52.33,1.55
1788035914.29,mlx6,52351,22.061,10.38,55.19,1.55
1788035914.71,mlx6,52351,22.061,10.65,55.05,1.55
1788035915.12,mlx6,52351,22.061,10.04,55.43,1.55
1788035915.54,mlx6,52351,22.061,10.04,55.43,1.55
1788035915.96,mlx6,52351,22.06,13.15,53.3,1.55
1788035916.38,mlx6,52351,22.06,9.72,55.66,1.55
1788035916.8,mlx6,52351,22.06,9.71,55.7,1.55
1788035917.21,mlx6,52351,22.06,13.58,53.01,1.55
1788035917.63,mlx6,52351,22.06,9.59,55.79,1.55
1788035918.05,mlx6,52351,22.064,13.12,52.54,1.55
1788035918.46,mlx6,52351,22.064,13.21,52.47,1.55
1788035918.88,mlx6,52351,22.064,13.24,52.44,1.55
1788035919.29,mlx6,52351,22.064,13.16,52.5,1.55
1788035919.7,mlx6,52351,22.064,13.17,52.52,1.55
1788035920.12,mlx6,52351,22.064,13.13,52.5,1.55
1788035920.54,mlx6,52351,22.064,13.16,52.48,1.55
1788035920.95,mlx6,52351,22.064,13.06,52.54,1.55
1788035921.36,mlx6,52351,22.064,13.16,52.48,1.55
1788035921.78,mlx6,52351,22.064,13.19,52.5,1.55
1788035922.19,mlx6,52351,22.064,13.09,52.52,1.55
1788035922.61,mlx6,52351,22.064,16.09,50.46,1.55
1788035923.03,mlx6,52351,22.064,16.04,50.56,1.55
1788035923.44,mlx6,52351,22.062,15.97,50.59,1.55
1788035923.86,mlx6,52351,22.062,15.92,50.65,1.55
1788035924.28,mlx6,52351,22.062,15.88,50.61,1.55
1788035924.69,mlx6,52351,22.062,15.82,50.6,1.55
1788035925.11,mlx6,52351,22.062,15.79,50.61,1.55
1788035925.52,mlx6,52351,22.062,15.76,50.63,1.55
1788035925.94,mlx6,52351,22.062,15.72,50.67,1.55
1788035926.35,mlx6,52351,22.062,15.69,50.68,1.55
1788035926.77,mlx6,52351,22.062,15.65,50.72,1.55
1788035927.18,mlx6,52351,22.062,16.24,50.31,1.55
1788035927.59,mlx6,52351,22.062,15.77,50.63,1.55
1788035928.0,mlx6,52351,22.062,15.7,50.67,1.55
1788035928.41,mlx6,52351,22.062,15.67,50.7,1.55
1788035928.82,mlx6,52351,22.062,15.63,50.72,1.55
1788035929.24,mlx6,52351,22.062,15.56,50.77,1.55
1788035929.66,mlx6,52351,22.062,15.52,50.84,1.55
1788035930.07,mlx6,52351,22.062,15.49,50.82,1.55
1788035930.49,mlx6,52351,22.062,15.42,50.88,1.55
1788035930.9,mlx6,52351,22.062,15.38,50.9,1.55
1788035931.32,mlx6,52351,22.062,15.34,50.93,1.55
1788035931.74,mlx6,52351,22.062,15.26,50.98,1.55
1788035932.15,mlx6,52351,22.062,15.63,50.72,1.55
1788035932.57,mlx6,52351,22.062,15.53,50.79,1.55
1788035932.98,mlx6,52351,22.062,15.49,50.83,1.55
1788035933.4,mlx6,52351,22.062,15.39,50.89,1.55
1788035933.82,mlx6,52351,22.062,15.35,50.93,1.55
1788035934.23,mlx6,52351,22.062,15.06,51.1,1.53
1788035934.65,mlx6,52351,22.062,14.93,51.21,1.53
1788035935.06,mlx6,52351,22.062,14.87,51.22,1.53
1788035935.47,mlx6,52351,22.062,14.83,51.11,1.53
1788035935.89,mlx6,52351,22.062,14.77,51.18,1.53
1788035936.3,mlx6,52351,22.062,14.73,51.21,1.53
1788035936.72,mlx6,52351,22.062,14.7,51.28,1.53
1788035937.14,mlx6,52351,22.062,15.14,50.94,1.53
1788035937.55,mlx6,52351,22.062,15.09,50.97,1.53
1788035937.96,mlx6,52351,22.062,15.04,51.01,1.53
1788035938.38,mlx6,52351,22.062,14.91,51.09,1.53
1788035938.79,mlx6,52351,22.062,14.86,51.13,1.53
1788035939.2,mlx6,52351,22.062,14.8,51.18,1.53
1788035939.62,mlx6,52351,22.062,14.69,51.26,1.53
1788035940.03,mlx6,52351,22.062,14.63,51.36,1.53
1788035940.44,mlx6,52351,22.062,14.57,51.4,1.53
1788035940.85,mlx6,52351,22.062,14.46,51.53,1.53
1788035941.27,mlx6,52351,22.062,14.4,51.47,1.53
1788035941.69,mlx6,52351,22.062,14.34,51.57,1.53
1788035942.1,mlx6,52351,22.062,14.98,51.09,1.53
1788035942.51,mlx6,52351,22.062,14.9,51.14,1.53
1788035942.92,mlx6,52351,22.062,14.76,51.23,1.53
1788035943.34,mlx6,52351,22.062,14.69,51.28,1.53
1788035943.76,mlx6,52351,22.062,14.62,51.37,1.53
1788035944.17,mlx6,52351,22.062,14.51,51.4,1.53
1788035944.59,mlx6,52351,22.062,14.43,51.48,1.53
1788035945.01,mlx6,52351,22.062,14.37,51.53,1.53
1788035945.42,mlx6,52351,22.062,14.3,51.58,1.53
1788035945.83,mlx6,52351,22.062,14.16,51.68,1.53
1788035946.24,mlx6,52351,22.062,14.08,51.73,1.53
1788035946.66,mlx6,52351,22.062,14.0,51.78,1.53
1788035947.07,mlx6,52351,22.062,14.87,51.23,1.53
1788035947.49,mlx6,52351,22.062,14.79,51.29,1.53
1788035947.91,mlx6,52351,22.062,14.7,51.3,1.53
1788035948.32,mlx6,52351,22.062,14.53,51.42,1.53
1788035948.74,mlx6,52351,22.062,14.44,51.52,1.53
1788035949.16,mlx6,52351,22.062,14.36,51.54,1.53
1788035949.57,mlx6,52351,22.062,14.19,51.66,1.53
1788035949.98,mlx6,52351,22.062,14.1,51.71,1.53
1788035950.39,mlx6,52351,22.062,14.02,51.77,1.53
1788035950.81,mlx6,52351,22.062,13.93,51.87,1.53
1788035951.22,mlx6,52351,22.062,13.76,51.95,1.53
1788035951.63,mlx6,52351,22.062,13.67,52.01,1.53
1788035952.05,mlx6,52351,22.062,14.59,51.38,1.53
1788035952.46,mlx6,52351,22.062,14.49,51.45,1.53
1788035952.88,mlx6,52351,22.062,14.4,51.51,1.53
1788035953.3,mlx6,52351,22.062,14.31,51.58,1.53
1788035953.72,mlx6,52351,22.062,14.11,51.75,1.53
1788035954.13,mlx6,52351,22.062,14.01,51.78,1.53
1788035954.54,mlx6,52351,22.062,13.91,51.85,1.53
1788035954.95,mlx6,52351,22.062,13.82,51.92,1.53
1788035955.37,mlx6,52351,22.062,13.62,52.05,1.53
1788035955.78,mlx6,52351,22.062,13.52,52.16,1.53
1788035956.19,mlx6,52351,22.062,13.43,52.18,1.53
1788035956.61,mlx6,52351,22.062,13.33,52.25,1.53
1788035957.03,mlx6,52351,22.062,14.71,51.31,1.53
1788035957.44,mlx6,52351,22.062,14.38,51.53,1.53
1788035957.86,mlx6,52351,22.062,14.16,51.72,1.53
1788035958.27,mlx6,52351,22.062,14.05,51.76,1.53
1788035958.69,mlx6,52351,22.062,13.94,51.83,1.53
1788035959.1,mlx6,52351,22.062,13.83,51.91,1.53
1788035959.51,mlx6,52351,22.062,13.71,51.98,1.53
1788035959.93,mlx6,52351,22.062,13.5,52.13,1.53
1788035960.34,mlx6,52351,22.062,13.39,52.21,1.53
1788035960.76,mlx6,52351,22.062,13.28,52.33,1.53
1788035961.17,mlx6,52351,22.062,13.17,52.36,1.53
1788035961.59,mlx6,52351,22.062,12.95,52.51,1.53
1788035962.01,mlx6,52351,22.062,12.93,52.53,1.53
1788035962.42,mlx6,52351,22.062,14.28,51.6,1.53
1788035962.83,mlx6,52351,22.062,14.16,51.72,1.53
1788035963.25,mlx6,52351,22.062,14.03,51.77,1.53
1788035963.65,mlx6,52351,22.062,13.79,51.93,1.53
1788035964.07,mlx6,52351,22.062,13.66,52.02,1.53
1788035964.49,mlx6,52351,22.062,13.54,52.1,1.53
1788035964.9,mlx6,52351,22.062,13.42,52.23,1.53
1788035965.32,mlx6,52351,22.062,13.18,52.35,1.53
1788035965.73,mlx6,52351,22.062,13.06,52.48,1.53
1788035966.15,mlx6,52351,22.062,12.93,52.52,1.53
1788035966.57,mlx6,52351,22.062,12.91,52.54,1.53
1788035966.98,mlx6,52351,22.062,12.92,52.54,1.53
1788035967.4,mlx6,52351,22.062,12.89,52.55,1.53
1788035967.82,mlx6,52351,22.062,13.94,51.87,1.53
1788035968.23,mlx6,52351,22.062,13.8,51.93,1.53
1788035968.65,mlx6,52351,22.062,13.67,52.02,1.53
1788035969.06,mlx6,52351,22.062,13.53,52.11,1.53
1788035969.48,mlx6,52351,22.062,13.27,52.29,1.53
1788035969.89,mlx6,52351,22.062,13.14,52.39,1.53
1788035970.31,mlx6,52351,22.062,13.0,52.48,1.53
1788035970.73,mlx6,52351,22.062,12.92,52.57,1.53
1788035971.14,mlx6,52351,22.062,12.89,52.6,1.53
1788035971.56,mlx6,52351,22.062,12.93,52.58,1.53
1788035971.98,mlx6,52351,22.062,12.91,52.63,1.53
1788035972.39,mlx6,52351,22.062,12.9,52.58,1.53
1788035972.81,mlx6,52351,22.062,12.9,52.54,1.53
1788035973.22,mlx6,52351,22.062,13.78,51.94,1.53
1788035973.64,mlx6,52351,22.062,13.62,52.04,1.53
1788035974.06,mlx6,52351,22.062,13.48,52.14,1.53
1788035974.47,mlx6,52351,22.062,13.34,52.24,1.53
1788035974.89,mlx6,52351,22.062,13.04,52.44,1.53
1788035975.3,mlx6,52351,22.062,12.89,52.55,1.53
1788035975.71,mlx6,52351,22.062,12.93,52.52,1.53
1788035976.13,mlx6,52351,22.062,12.91,52.54,1.53
1788035976.54,mlx6,52351,22.062,12.88,52.55,1.53
1788035976.96,mlx6,52351,22.062,12.9,52.54,1.53
1788035977.38,mlx6,52351,22.062,12.89,52.55,1.53
1788035977.78,mlx6,52351,22.062,12.9,52.58,1.53
1788035978.2,mlx6,52351,22.062,12.91,52.53,1.53
1788035978.62,mlx6,52351,22.062,13.53,52.11,1.53
1788035979.03,mlx6,52351,22.062,13.37,52.22,1.53
1788035979.44,mlx6,52351,22.062,13.21,52.33,1.53
1788035979.86,mlx6,52351,22.062,13.05,52.44,1.53
1788035980.27,mlx6,52351,22.062,12.9,52.55,1.53
1788035980.69,mlx6,52351,22.062,12.92,52.52,1.53
1788035981.11,mlx6,52351,22.062,12.91,52.53,1.53
1788035981.52,mlx6,52351,22.062,12.88,52.56,1.53
1788035981.94,mlx6,52351,22.062,12.91,52.54,1.53
1788035982.35,mlx6,52351,22.062,12.93,52.52,1.53
1788035982.77,mlx6,52351,22.062,12.95,52.55,1.53
1788035983.19,mlx6,52351,22.062,12.85,52.56,1.53
1788035983.6,mlx6,52351,22.062,12.92,52.57,1.53
1788035984.02,mlx6,52351,22.062,13.64,52.11,1.53
1788035984.43,mlx6,52351,22.062,13.3,52.26,1.53
1788035984.85,mlx6,52351,22.062,13.14,52.38,1.53
1788035985.27,mlx6,52351,22.062,12.92,52.53,1.53
1788035985.68,mlx6,52351,22.062,12.93,52.52,1.53
1788035986.1,mlx6,52351,22.062,12.88,52.55,1.53
1788035986.51,mlx6,52351,22.062,12.89,52.54,1.53
1788035986.93,mlx6,52351,22.062,12.91,52.54,1.53
1788035987.34,mlx6,52351,22.062,12.92,52.53,1.53
1788035987.75,mlx6,52351,22.062,12.88,52.59,1.53
1788035988.16,mlx6,52351,22.062,12.92,52.53,1.53
1788035988.58,mlx6,52351,22.062,12.9,52.54,1.53
1788035988.99,mlx6,52351,22.062,12.95,52.51,1.53
1788035989.41,mlx6,52351,22.062,12.93,52.52,1.53
1788035989.82,mlx6,52351,22.062,13.13,52.43,1.53
1788035990.23,mlx6,52351,22.062,12.91,52.54,1.53
1788035990.64,mlx6,52351,22.062,12.89,52.55,1.53
1788035991.06,mlx6,52351,22.062,12.89,52.55,1.53
1788035991.47,mlx6,52351,22.062,12.89,52.55,1.53
1788035991.89,mlx6,52351,22.062,12.69,52.73,1.53
1788035992.31,mlx6,52351,22.062,12.68,52.69,1.53
1788035992.72,mlx6,52351,22.062,12.68,52.69,1.53
1788035993.14,mlx6,52351,22.062,12.71,52.54,1.53
1788035993.55,mlx6,52351,22.062,12.71,52.53,1.53
1788035993.96,mlx6,52351,22.062,12.73,52.55,1.53
1788035994.38,mlx6,52351,22.062,12.79,52.51,1.53
1788035994.8,mlx6,52351,22.062,12.81,52.55,1.53
1788035995.21,mlx6,52351,22.062,12.82,52.52,1.53
1788035995.62,mlx6,52351,22.062,12.84,52.52,1.53
1788035996.04,mlx6,52351,22.062,12.79,52.55,1.53
1788035996.45,mlx6,52351,22.062,12.78,52.55,1.53
1788035996.87,mlx6,52351,22.062,12.78,52.61,1.53
1788035997.28,mlx6,52351,22.062,12.82,52.53,1.53
1788035997.69,mlx6,52351,22.062,12.82,52.54,1.53
1788035998.1,mlx6,52351,22.062,12.81,52.58,1.53
1788035998.52,mlx6,52351,22.062,12.79,52.59,1.53
1788035998.93,mlx6,52351,22.062,12.88,52.54,1.53
1788035999.34,mlx6,52351,22.062,12.81,52.59,1.53
1788035999.75,mlx6,52351,22.062,12.89,52.49,1.53
1788036000.17,mlx6,52351,22.062,12.88,52.54,1.53
1788036000.58,mlx6,52351,22.062,12.81,52.59,1.53
1788036000.99,mlx6,52351,22.062,12.84,52.58,1.53
1788036001.4,mlx6,52351,22.062,12.86,52.56,1.53
1788036001.81,mlx6,52351,22.062,12.87,52.58,1.53
1788036002.22,mlx6,52351,22.062,12.85,52.59,1.53
1788036002.64,mlx6,52351,22.062,12.86,52.61,1.53
1788036003.06,mlx6,52351,22.062,12.89,52.57,1.53
1788036003.47,mlx6,52351,22.062,12.87,52.59,1.53
1788036003.89,mlx6,52351,22.062,12.91,52.56,1.53
1788036004.3,mlx6,52351,22.062,12.86,52.55,1.53
1788036004.7,mlx6,52351,22.062,12.86,52.55,1.53
1788036005.11,mlx6,52351,22.062,12.86,52.55,1.53
1788036005.53,mlx6,52351,22.062,12.95,52.49,1.53
1788036005.94,mlx6,52351,22.062,12.89,52.58,1.53
1788036006.36,mlx6,52351,22.062,12.89,52.54,1.53
1788036006.77,mlx6,52351,22.062,12.89,52.54,1.53
1788036007.19,mlx6,52351,22.062,12.86,52.55,1.53
1788036007.6,mlx6,52351,22.062,12.87,52.55,1.53
1788036008.01,mlx6,52351,22.062,12.9,52.57,1.53
1788036008.43,mlx6,52351,22.062,12.86,52.56,1.53
1788036008.84,mlx6,52351,22.062,12.88,52.58,1.53
1788036009.26,mlx6,52351,22.062,12.91,52.52,1.53
1788036009.67,mlx6,52351,22.062,12.88,52.55,1.53
1788036010.09,mlx6,52351,22.062,12.95,52.49,1.53
1788036010.5,mlx6,52351,22.062,12.86,52.56,1.53
1788036010.92,mlx6,52351,22.062,12.91,52.56,1.53
1788036011.34,mlx6,52351,22.062,12.92,52.53,1.53
1788036011.75,mlx6,52351,22.062,12.93,52.52,1.53
1788036012.16,mlx6,52351,22.062,12.93,52.52,1.53
1788036012.58,mlx6,52351,22.062,12.89,52.53,1.53
1788036012.98,mlx6,52351,22.062,12.97,52.48,1.53
1788036013.4,mlx6,52351,22.062,12.88,52.55,1.53
1788036013.82,mlx6,52351,22.062,12.89,52.59,1.53
1788036014.22,mlx6,52351,22.062,12.9,52.54,1.53
1788036014.64,mlx6,52351,22.062,12.86,52.55,1.53
1788036015.06,mlx6,52351,22.062,12.87,52.58,1.53
1788036015.47,mlx6,52351,22.062,12.88,52.56,1.53
1788036015.89,mlx6,52351,22.062,12.9,52.55,1.53
1788036016.31,mlx6,52351,22.062,12.93,52.5,1.53
1788036016.72,mlx6,52351,22.062,12.89,52.53,1.53
1788036017.14,mlx6,52351,22.062,12.92,52.51,1.53
1788036017.55,mlx6,52351,22.062,12.94,52.49,1.53
1788036017.97,mlx6,52351,22.062,12.86,52.55,1.53
1788036018.39,mlx6,52351,22.062,12.86,52.55,1.53
1788036018.8,mlx6,52351,22.062,12.91,52.56,1.53
1788036019.22,mlx6,52351,22.062,12.9,52.53,1.53
1788036019.64,mlx6,52351,22.062,12.86,52.55,1.53
1788036020.05,mlx6,52351,22.062,12.86,52.55,1.53
1788036020.46,mlx6,52351,22.062,12.86,52.55,1.53
1788036020.88,mlx6,52351,22.062,12.86,52.55,1.53
1788036021.29,mlx6,52351,22.062,12.86,52.55,1.53
1788036021.7,mlx6,52351,22.062,12.89,52.53,1.53
1788036022.12,mlx6,52351,22.062,12.93,52.5,1.53
1788036022.54,mlx6,52351,22.062,12.97,52.47,1.53
1788036022.95,mlx6,52351,22.062,12.95,52.49,1.53
1788036023.36,mlx6,52351,22.062,12.87,52.55,1.53
1788036023.78,mlx6,52351,22.062,12.92,52.52,1.53
1788036024.19,mlx6,52351,22.062,12.89,52.54,1.53
1788036024.61,mlx6,52351,22.062,12.96,52.49,1.53
1788036025.02,mlx6,52351,22.062,12.61,52.73,1.53
1788036025.44,mlx6,52351,22.062,12.9,52.53,1.53
1788036025.86,mlx6,52351,22.062,12.88,52.58,1.53
1788036026.27,mlx6,52351,22.062,12.87,52.54,1.53
1788036026.68,mlx6,52351,22.062,12.87,52.55,1.53
1788036027.09,mlx6,52351,22.062,12.92,52.52,1.53
1788036027.51,mlx6,52351,22.062,12.96,52.48,1.53
1788036027.93,mlx6,52351,22.062,12.89,52.53,1.53
1788036028.34,mlx6,52351,22.062,12.96,52.5,1.53
1788036028.75,mlx6,52351,22.062,12.89,52.55,1.53
1788036029.17,mlx6,52351,22.062,13.0,52.47,1.53
1788036029.58,mlx6,52351,22.062,12.93,52.52,1.53
1788036030.0,mlx6,52351,22.062,12.91,52.54,1.53
1788036030.42,mlx6,52351,22.062,12.89,52.55,1.53
1788036030.84,mlx6,52351,22.062,12.82,52.64,1.53
1788036031.25,mlx6,52351,22.062,12.53,52.8,1.53
1788036031.67,mlx6,52351,22.062,12.9,52.54,1.53
1788036032.09,mlx6,52351,22.062,12.93,52.52,1.53
1788036032.5,mlx6,52351,22.062,12.91,52.54,1.53
1788036032.91,mlx6,52351,22.062,12.89,52.59,1.53
1788036033.32,mlx6,52351,22.062,12.93,52.52,1.53
1788036033.73,mlx6,52351,22.062,12.99,52.48,1.53
1788036034.15,mlx6,52351,22.062,12.93,52.53,1.53
1788036034.57,mlx6,52351,22.062,12.99,52.48,1.53
1788036034.98,mlx6,52351,22.062,12.92,52.53,1.53
1788036035.4,mlx6,52351,22.062,12.94,52.52,1.53
1788036035.82,mlx6,52351,22.062,12.88,52.55,1.53
1788036036.22,mlx6,52351,22.062,12.95,52.52,1.53
1788036036.64,mlx6,52351,22.062,12.87,52.57,1.53
1788036037.06,mlx6,52351,22.062,12.66,52.7,1.53
1788036037.47,mlx6,52351,22.062,12.38,52.89,1.53
1788036037.88,mlx6,52351,22.062,12.91,52.57,1.53
1788036038.29,mlx6,52351,22.062,12.69,52.68,1.53
1788036038.71,mlx6,52351,22.062,12.7,52.68,1.53
1788036039.12,mlx6,52351,22.062,12.72,52.66,1.53
1788036039.54,mlx6,52351,22.062,12.81,52.46,1.53
1788036039.96,mlx6,52351,22.062,12.78,52.54,1.53
1788036040.37,mlx6,52351,22.062,12.73,52.55,1.53
1788036040.79,mlx6,52351,22.062,12.85,52.48,1.53
1788036041.2,mlx6,52351,22.062,12.77,52.53,1.53
1788036041.61,mlx6,52351,22.062,12.77,52.54,1.53
1788036042.02,mlx6,52351,22.062,12.79,52.58,1.53
1788036042.44,mlx6,52351,22.062,12.68,52.61,1.53
1788036042.85,mlx6,52351,22.062,12.5,52.78,1.53
1788036043.26,mlx6,52351,22.062,12.3,52.88,1.53
1788036043.67,mlx6,52351,22.062,12.12,53.01,1.53
1788036044.08,mlx6,52351,22.062,11.9,53.23,1.53
1788036044.49,mlx6,52351,22.062,12.82,52.59,1.53
1788036044.9,mlx6,52351,22.062,12.84,52.63,1.53
1788036045.32,mlx6,52351,22.062,12.85,52.56,1.53
1788036045.73,mlx6,52351,22.062,12.82,52.58,1.53
1788036046.14,mlx6,52351,22.062,12.91,52.48,1.53
1788036046.55,mlx6,52351,22.062,12.86,52.52,1.53
1788036046.97,mlx6,52351,22.062,12.81,52.59,1.53
1788036047.37,mlx6,52351,22.062,12.84,52.53,1.53
1788036047.79,mlx6,52351,22.062,12.88,52.51,1.53
1788036048.21,mlx6,52351,22.062,12.9,52.5,1.53
1788036048.62,mlx6,52351,22.062,12.76,52.6,1.53
1788036049.04,mlx6,52351,22.062,12.59,52.77,1.53
1788036049.46,mlx6,52351,22.062,12.39,52.87,1.53
1788036049.87,mlx6,52351,22.062,12.2,53.04,1.53
1788036050.29,mlx6,52351,22.062,12.01,53.14,1.53
1788036050.71,mlx6,52351,22.062,12.9,52.52,1.53
1788036051.12,mlx6,52351,22.062,12.89,52.53,1.53
1788036051.54,mlx6,52351,22.062,12.89,52.53,1.53
1788036051.95,mlx6,52351,22.062,12.89,52.57,1.53
1788036052.37,mlx6,52351,22.062,12.98,52.46,1.53
1788036052.78,mlx6,52351,22.062,12.94,52.49,1.53
1788036053.19,mlx6,52351,22.062,12.89,52.53,1.53
1788036053.61,mlx6,52351,22.062,12.84,52.56,1.53
1788036054.02,mlx6,52351,22.062,12.9,52.56,1.53
1788036054.43,mlx6,52351,22.062,12.94,52.49,1.53
1788036054.84,mlx6,52351,22.062,12.79,52.6,1.53
1788036055.26,mlx6,52351,22.062,12.6,52.74,1.53
1788036055.67,mlx6,52351,22.062,12.41,52.87,1.53
1788036056.09,mlx6,52351,22.062,12.24,53.05,1.53
1788036056.5,mlx6,52351,22.062,12.04,53.14,1.53
1788036056.92,mlx6,52351,22.062,11.85,53.32,1.53
1788036057.34,mlx6,52351,22.062,12.89,52.56,1.53
1788036057.75,mlx6,52351,22.062,12.88,52.55,1.53
1788036058.17,mlx6,52351,22.062,13.02,52.46,1.53
1788036058.58,mlx6,52351,22.062,12.98,52.48,1.53
1788036058.99,mlx6,52351,22.062,12.93,52.52,1.53
1788036059.41,mlx6,52351,22.062,12.91,52.53,1.53
1788036059.82,mlx6,52351,22.062,12.87,52.56,1.53
1788036060.24,mlx6,52351,22.062,12.93,52.53,1.53
1788036060.66,mlx6,52351,22.062,12.89,52.56,1.53
1788036061.07,mlx6,52351,22.062,12.63,52.73,1.53
1788036061.49,mlx6,52351,22.062,12.51,52.82,1.53
1788036061.9,mlx6,52351,22.062,12.4,52.86,1.53
1788036062.31,mlx6,52351,22.062,12.23,53.01,1.53
1788036062.73,mlx6,52351,22.062,12.04,53.13,1.53
1788036063.14,mlx6,52351,22.062,11.85,53.26,1.53
1788036063.56,mlx6,52351,22.062,11.65,53.4,1.53
1788036063.98,mlx6,52351,22.062,12.93,52.52,1.53
1788036064.38,mlx6,52351,22.062,12.9,52.54,1.53
1788036064.79,mlx6,52351,22.062,12.96,52.5,1.53
1788036065.21,mlx6,52351,22.062,12.93,52.52,1.53
1788036065.62,mlx6,52351,22.062,12.9,52.54,1.53
1788036066.04,mlx6,52351,22.062,12.88,52.56,1.53
1788036066.46,mlx6,52351,22.062,12.75,52.65,1.53
1788036066.87,mlx6,52351,22.062,12.72,52.67,1.53
1788036067.29,mlx6,52351,22.062,12.64,52.72,1.53
1788036067.7,mlx6,52351,22.062,12.48,52.73,1.53
1788036068.11,mlx6,52351,22.062,12.23,52.95,1.53
1788036068.53,mlx6,52351,22.062,12.1,53.04,1.53
1788036068.95,mlx6,52351,22.062,11.96,53.19,1.53
1788036069.35,mlx6,52351,22.062,11.71,53.27,1.53
1788036069.77,mlx6,52351,22.062,11.53,53.41,1.53
1788036070.18,mlx6,52351,22.062,11.4,53.58,1.53
1788036070.59,mlx6,52351,22.062,12.82,52.6,1.53
1788036071.0,mlx6,52351,22.062,12.81,52.54,1.53
1788036071.42,mlx6,52351,22.062,12.88,52.49,1.53
1788036071.83,mlx6,52351,22.062,12.86,52.51,1.53
1788036072.24,mlx6,52351,22.062,12.84,52.53,1.53
1788036072.66,mlx6,52351,22.062,12.88,52.5,1.53
1788036073.08,mlx6,52351,22.062,12.88,52.5,1.53
1788036073.5,mlx6,52351,22.062,12.8,52.55,1.53
1788036073.91,mlx6,52351,22.062,12.62,52.73,1.53
1788036074.33,mlx6,52351,22.062,12.42,52.82,1.53
1788036074.74,mlx6,52351,22.062,12.23,52.96,1.53
1788036075.16,mlx6,52351,22.062,12.04,53.09,1.53
1788036075.58,mlx6,52351,22.062,11.84,53.22,1.53
1788036075.98,mlx6,52351,22.062,11.64,53.4,1.53
1788036076.4,mlx6,52351,22.062,11.4,53.53,1.53
1788036076.82,mlx6,52351,22.062,11.23,53.66,1.53
1788036077.23,mlx6,52351,22.062,11.13,53.74,1.53
1788036077.64,mlx6,52351,22.062,12.86,52.55,1.53
1788036078.06,mlx6,52351,22.062,12.97,52.48,1.53
1788036078.47,mlx6,52351,22.062,12.86,52.55,1.53
1788036078.89,mlx6,52351,22.062,12.88,52.55,1.53
1788036079.3,mlx6,52351,22.062,12.81,52.59,1.53
1788036079.72,mlx6,52351,22.062,12.79,52.6,1.53
1788036080.13,mlx6,52351,22.062,12.48,52.81,1.53
1788036080.55,mlx6,52351,22.062,12.29,52.95,1.53
1788036080.97,mlx6,52351,22.062,12.32,52.97,1.53
1788036081.38,mlx6,52351,22.062,12.16,53.04,1.53
1788036081.8,mlx6,52351,22.062,11.95,53.18,1.53
1788036082.21,mlx6,52351,22.062,11.83,53.26,1.53
1788036082.62,mlx6,52351,22.062,11.59,53.43,1.53
1788036083.03,mlx6,52351,22.062,11.38,53.58,1.53
1788036083.44,mlx6,52351,22.062,11.27,53.65,1.53
1788036083.86,mlx6,52351,22.062,11.11,53.76,1.53
1788036084.27,mlx6,52351,22.062,12.88,52.55,1.53
1788036084.69,mlx6,52351,22.062,13.03,52.44,1.53
1788036085.11,mlx6,52351,22.062,12.9,52.53,1.53
1788036085.52,mlx6,52351,22.062,12.94,52.5,1.53
1788036085.93,mlx6,52351,22.062,12.94,52.54,1.53
1788036086.34,mlx6,52351,22.062,12.86,52.55,1.53
1788036086.76,mlx6,52351,22.062,12.66,52.69,1.53
1788036087.18,mlx6,52351,22.062,12.47,52.82,1.53
1788036087.59,mlx6,52351,22.062,12.28,52.96,1.53
1788036088.01,mlx6,52351,22.062,12.08,53.13,1.53
1788036088.42,mlx6,52351,22.062,11.81,53.28,1.53
1788036088.84,mlx6,52351,22.062,11.5,53.49,1.53
1788036089.26,mlx6,52351,22.062,11.54,53.46,1.53
1788036089.67,mlx6,52351,22.062,11.38,53.57,1.53
1788036090.08,mlx6,52351,22.062,11.24,53.71,1.53
1788036090.49,mlx6,52351,22.062,11.05,53.8,1.53
1788036090.9,mlx6,52351,22.062,10.91,53.9,1.53
1788036091.32,mlx6,52351,22.062,12.88,52.54,1.53
1788036091.74,mlx6,52351,22.062,13.01,52.45,1.53
1788036092.15,mlx6,52351,22.062,12.91,52.57,1.53
1788036092.56,mlx6,52351,22.062,12.92,52.57,1.53
1788036092.98,mlx6,52351,22.062,12.75,52.73,1.53
1788036093.39,mlx6,52351,22.062,12.6,52.78,1.53
1788036093.81,mlx6,52351,22.062,12.47,52.87,1.53
1788036094.23,mlx6,52351,22.062,12.28,52.96,1.53
1788036094.64,mlx6,52351,22.062,12.08,53.09,1.53
1788036095.05,mlx6,52351,22.062,11.89,53.26,1.53
1788036095.46,mlx6,52351,22.062,11.6,53.42,1.53
1788036095.87,mlx6,52351,22.062,11.28,53.64,1.53
1788036096.29,mlx6,52351,22.062,11.25,53.66,1.53
1788036096.71,mlx6,52351,22.062,11.18,53.71,1.53
1788036097.12,mlx6,52351,22.062,11.01,53.87,1.53
1788036097.54,mlx6,52351,22.062,10.86,53.93,1.53
1788036097.95,mlx6,52351,22.062,10.68,54.1,1.53
1788036098.37,mlx6,52351,22.062,12.9,52.53,1.53
1788036098.78,mlx6,52351,22.062,12.86,52.52,1.53
1788036099.2,mlx6,52351,22.062,12.88,52.58,1.53
1788036099.62,mlx6,52351,22.062,12.81,52.59,1.53
1788036100.03,mlx6,52351,22.062,12.63,52.75,1.53
1788036100.45,mlx6,52351,22.062,12.4,52.87,1.53
1788036100.87,mlx6,52351,22.062,12.28,52.96,1.53
1788036101.28,mlx6,52351,22.062,12.08,53.09,1.53
1788036101.69,mlx6,52351,22.062,11.89,53.23,1.53
1788036102.1,mlx6,52351,22.062,11.66,53.29,1.53
1788036102.52,mlx6,52351,22.062,11.27,53.64,1.53
1788036102.94,mlx6,52351,22.062,11.25,53.67,1.53
1788036103.35,mlx6,52351,22.062,11.19,53.71,1.53
1788036103.77,mlx6,52351,22.062,11.04,53.81,1.53
1788036104.18,mlx6,52351,22.062,10.7,54.04,1.53
1788036104.6,mlx6,52351,22.062,10.65,54.08,1.53
1788036105.02,mlx6,52351,22.062,10.52,54.16,1.53
1788036105.43,mlx6,52351,22.062,12.92,52.52,1.53
1788036105.84,mlx6,52351,22.062,12.87,52.55,1.53
1788036106.25,mlx6,52351,22.062,12.86,52.56,1.53
1788036106.66,mlx6,52351,22.062,12.67,52.69,1.53
1788036107.08,mlx6,52351,22.062,12.48,52.82,1.53
1788036107.49,mlx6,52351,22.062,12.28,52.96,1.53
1788036107.9,mlx6,52351,22.062,12.08,53.09,1.53
1788036108.31,mlx6,52351,22.062,11.66,53.38,1.53
1788036108.73,mlx6,52351,22.062,11.73,53.33,1.53
1788036109.14,mlx6,52351,22.062,11.52,53.48,1.53
1788036109.55,mlx6,52351,22.062,11.45,53.53,1.53
1788036109.97,mlx6,52351,22.062,11.3,53.67,1.53
1788036110.38,mlx6,52351,22.062,11.11,53.76,1.53
1788036110.8,mlx6,52351,22.062,10.91,53.9,1.53
1788036111.22,mlx6,52351,22.062,10.72,54.03,1.53
1788036111.63,mlx6,52351,22.062,10.52,54.16,1.53
1788036112.05,mlx6,52351,22.062,10.21,54.42,1.53
1788036112.47,mlx6,52351,22.062,9.9,54.57,1.53
1788036112.88,mlx6,52351,22.062,12.86,52.55,1.53
1788036113.3,mlx6,52351,22.062,12.67,52.69,1.53
1788036113.71,mlx6,52351,22.062,12.35,52.91,1.53
1788036114.13,mlx6,52351,22.062,12.03,53.13,1.53
1788036114.54,mlx6,52351,22.062,12.16,53.04,1.53
1788036114.95,mlx6,52351,22.062,12.03,53.13,1.53
1788036115.37,mlx6,52351,22.062,11.89,53.23,1.53
1788036115.78,mlx6,52351,22.062,11.7,53.36,1.53
1788036116.19,mlx6,52351,22.062,11.5,53.55,1.53
1788036116.61,mlx6,52351,22.062,11.3,53.68,1.53
1788036117.02,mlx6,52351,22.062,11.1,53.86,1.53
1788036117.43,mlx6,52351,22.062,10.66,54.12,1.53
1788036117.85,mlx6,52351,22.062,10.78,54.03,1.53
1788036118.26,mlx6,52351,22.062,10.64,54.07,1.53
1788036118.68,mlx6,52351,22.062,10.4,54.24,1.53
1788036119.09,mlx6,52351,22.062,10.25,54.39,1.53
1788036119.51,mlx6,52351,22.062,10.13,54.43,1.53
1788036119.93,mlx6,52351,22.062,10.31,54.3,1.53
1788036120.34,mlx6,52351,22.062,12.56,52.81,1.53
1788036120.76,mlx6,52351,22.062,12.4,52.91,1.53
1788036121.18,mlx6,52351,22.062,12.27,52.96,1.53
1788036121.59,mlx6,52351,22.062,12.08,53.09,1.53
1788036122.01,mlx6,52351,22.062,11.88,53.28,1.53
1788036122.42,mlx6,52351,22.062,11.43,53.55,1.53
1788036122.84,mlx6,52351,22.062,11.57,53.45,1.53
1788036123.25,mlx6,52351,22.062,11.42,53.53,1.53
1788036123.67,mlx6,52351,22.062,11.29,53.6,1.53
1788036124.08,mlx6,52351,22.062,11.1,53.8,1.53
1788036124.49,mlx6,52351,22.062,10.91,53.9,1.53
1788036124.9,mlx6,52351,22.062,10.71,54.03,1.53
1788036125.32,mlx6,52351,22.062,10.38,54.26,1.53
1788036125.73,mlx6,52351,22.062,10.07,54.48,1.53
1788036126.15,mlx6,52351,22.062,10.2,54.42,1.53
1788036126.56,mlx6,52351,22.062,10.07,54.47,1.53
1788036126.97,mlx6,52351,22.062,9.87,54.61,1.53
1788036127.38,mlx6,52351,22.062,12.52,52.79,1.53
1788036127.8,mlx6,52351,22.062,12.39,52.84,1.53
1788036128.22,mlx6,52351,22.062,12.28,52.96,1.53
1788036128.63,mlx6,52351,22.062,12.09,53.09,1.53
1788036129.05,mlx6,52351,22.062,11.89,53.26,1.53
1788036129.46,mlx6,52351,22.062,11.69,53.36,1.53
1788036129.87,mlx6,52351,22.062,11.23,53.68,1.53
1788036130.29,mlx6,52351,22.062,11.38,53.57,1.53
1788036130.7,mlx6,52351,22.062,11.2,53.67,1.53
1788036131.12,mlx6,52351,22.062,10.98,53.86,1.53
1788036131.54,mlx6,52351,22.062,10.91,53.9,1.53
1788036131.95,mlx6,52351,22.062,10.72,54.03,1.53
1788036132.37,mlx6,52351,22.062,10.52,54.17,1.53
1788036132.78,mlx6,52351,22.062,10.06,54.48,1.53
1788036133.2,mlx6,52351,22.062,10.18,54.44,1.53
1788036133.62,mlx6,52351,22.062,10.07,54.48,1.53
1788036134.03,mlx6,52351,22.062,9.9,54.63,1.53
1788036134.45,mlx6,52351,22.062,9.74,54.7,1.53
1788036134.86,mlx6,52351,22.062,12.36,52.9,1.53
1788036135.28,mlx6,52351,22.062,12.22,53.0,1.53
1788036135.7,mlx6,52351,22.062,12.02,53.14,1.53
1788036136.11,mlx6,52351,22.062,11.89,53.26,1.53
1788036136.53,mlx6,52351,22.062,11.69,53.36,1.53
1788036136.95,mlx6,52351,22.062,11.52,53.43,1.53
1788036137.36,mlx6,52351,22.062,11.03,53.82,1.53
1788036137.77,mlx6,52351,22.062,11.18,53.72,1.53
1788036138.18,mlx6,52351,22.062,11.07,53.83,1.53
1788036138.59,mlx6,52351,22.062,10.92,53.9,1.53
1788036139.0,mlx6,52351,22.062,10.72,54.03,1.53
1788036139.41,mlx6,52351,22.062,10.52,54.16,1.53
1788036139.83,mlx6,52351,22.062,10.05,54.49,1.53
1788036140.25,mlx6,52351,22.062,10.2,54.48,1.53
1788036140.66,mlx6,52351,22.062,10.07,54.53,1.53
1788036141.08,mlx6,52351,22.062,9.86,54.71,1.53
1788036141.49,mlx6,52351,22.062,9.74,54.72,1.53
1788036141.91,mlx6,52351,22.062,9.54,54.85,1.53
1788036142.33,mlx6,52351,22.062,9.14,55.12,1.53
1788036142.74,mlx6,52351,22.062,12.08,53.09,1.53
1788036143.16,mlx6,52351,22.062,11.88,53.24,1.53
1788036143.58,mlx6,52351,22.062,11.69,53.38,1.53
1788036143.99,mlx6,52351,22.062,11.2,53.71,1.53
1788036144.41,mlx6,52351,22.062,11.37,53.57,1.53
1788036144.82,mlx6,52351,22.062,11.24,53.67,1.53
1788036145.23,mlx6,52351,22.062,11.11,53.8,1.53
1788036145.65,mlx6,52351,22.062,10.91,53.9,1.53
1788036146.06,mlx6,52351,22.062,10.71,54.07,1.53
1788036146.48,mlx6,52351,22.062,10.22,54.37,1.53
1788036146.89,mlx6,52351,22.062,10.39,54.25,1.53
1788036147.3,mlx6,52351,22.062,10.21,54.37,1.53
1788036147.71,mlx6,52351,22.062,10.12,54.43,1.53
1788036148.13,mlx6,52351,22.062,9.92,54.57,1.53
1788036148.54,mlx6,52351,22.062,9.73,54.7,1.53
1788036148.95,mlx6,52351,22.062,9.24,55.04,1.53
1788036149.37,mlx6,52351,22.062,9.42,54.92,1.53
1788036149.78,mlx6,52351,22.062,9.29,55.01,1.53
1788036150.2,mlx6,52351,22.062,11.58,53.44,1.53
1788036150.62,mlx6,52351,22.062,11.77,53.31,1.53
1788036151.03,mlx6,52351,22.062,11.63,53.4,1.53
1788036151.45,mlx6,52351,22.062,11.42,53.54,1.53
1788036151.87,mlx6,52351,22.062,11.3,53.63,1.53
1788036152.28,mlx6,52351,22.062,11.1,53.76,1.53
1788036152.7,mlx6,52351,22.062,10.72,54.03,1.53
1788036153.11,mlx6,52351,22.062,10.72,54.07,1.53
1788036153.53,mlx6,52351,22.062,10.66,54.07,1.53
1788036153.94,mlx6,52351,22.062,10.46,54.21,1.53
1788036154.35,mlx6,52351,22.062,10.33,54.3,1.53
1788036154.77,mlx6,52351,22.062,10.14,54.43,1.53
1788036155.18,mlx6,52351,22.062,9.75,54.7,1.53
1788036155.6,mlx6,52351,22.062,9.78,54.67,1.53
1788036156.01,mlx6,52351,22.062,9.68,54.74,1.53
1788036156.42,mlx6,52351,22.062,9.48,54.88,1.53
1788036156.84,mlx6,52351,22.062,9.35,54.97,1.53
1788036157.25,mlx6,52351,22.062,9.16,55.11,1.53
1788036157.67,mlx6,52351,22.062,8.75,55.38,1.53
1788036158.08,mlx6,52351,22.062,7.34,56.23,1.53
1788036158.5,mlx6,52351,22.062,9.86,53.57,1.53
1788036158.93,mlx6,52351,22.062,7.16,56.29,1.53
1788036159.34,mlx6,52351,22.062,8.95,55.09,1.53
1788036159.76,mlx6,52351,22.062,6.88,56.35,1.53
1788036160.18,mlx6,52351,22.062,6.97,56.29,1.53
1788036160.59,mlx6,52351,22.062,9.12,53.38,1.53
1788036161.01,mlx6,52351,22.062,12.23,52.99,1.53
1788036161.43,mlx6,52351,22.062,12.0,53.21,1.53
1788036161.86,mlx6,52351,22.062,12.0,53.21,1.53
1788036162.28,mlx6,52351,22.062,12.26,3.31,1.53
1788036162.71,mlx6,52351,22.062,12.26,3.31,1.53
1788036163.13,mlx6,52351,22.062,12.28,3.31,1.53
1788036163.55,mlx6,52351,22.062,12.29,3.27,1.53
1788036163.98,mlx6,52351,22.062,12.31,3.27,1.53
1788036164.4,mlx6,52351,22.062,12.34,3.33,1.53
1788036164.82,mlx6,52351,22.062,12.34,3.33,1.53
1788036165.25,mlx6,52351,22.062,12.4,3.37,1.53
1788036165.67,mlx6,52351,22.062,12.42,3.27,1.53
1788036166.09,mlx6,52351,22.062,12.6,3.36,1.53
1788036166.51,mlx6,52351,22.062,12.61,3.32,1.53
1788036166.94,mlx6,52351,22.062,12.66,3.3,1.53
1788036167.36,mlx6,52351,22.062,12.72,3.27,1.53
1788036167.79,mlx6,52351,22.062,12.73,3.27,1.53
1788036168.21,mlx6,52351,22.062,12.79,3.27,1.53
1788036168.64,mlx6,52351,22.062,12.8,3.27,1.53
1788036169.06,mlx6,52351,22.062,12.81,3.27,1.53
1788036169.48,mlx6,52351,22.062,12.86,3.31,1.53
1788036169.9,mlx6,52351,22.062,12.87,3.31,1.53
1788036170.33,mlx6,52351,22.062,12.88,3.31,1.53
1788036170.75,mlx6,52351,22.062,12.88,3.27,1.53
1788036171.17,mlx6,52351,22.062,12.94,3.27,1.53
1788036171.59,mlx6,52351,22.062,12.94,3.27,1.53
1788036172.02,mlx6,52351,22.062,12.95,3.27,1.53
1788036172.44,mlx6,52351,22.062,13.15,3.35,1.53
1788036172.85,mlx6,52351,22.069,27.76,27.94,1.53
1788036173.27,mlx6,52351,22.069,11.58,54.4,1.53
1788036173.69,mlx6,52351,22.069,11.55,54.42,1.53
1788036174.1,mlx6,52351,22.069,11.71,54.27,1.53
1788036174.52,mlx6,52351,22.069,11.68,54.24,1.53
1788036174.93,mlx6,52351,22.069,11.6,54.3,1.53
1788036175.34,mlx6,52351,22.069,11.59,54.31,1.53
1788036175.76,mlx6,52351,22.069,11.56,54.33,1.53
1788036176.17,mlx6,52351,22.069,11.54,54.34,1.53
1788036176.59,mlx6,52351,22.069,11.52,54.36,1.53
1788036177.01,mlx6,52351,22.069,11.67,54.29,1.53
1788036177.42,mlx6,52351,22.069,11.64,54.26,1.53
1788036177.83,mlx6,52351,22.069,24.24,45.61,1.53
1788036178.24,mlx6,52351,22.069,24.2,45.64,1.53
1788036178.66,mlx6,52351,22.069,24.17,45.65,1.53
1788036179.07,mlx6,52351,22.069,24.13,45.69,1.53
1788036179.49,mlx6,52351,22.069,24.08,45.72,1.53
1788036179.9,mlx6,52351,22.069,24.05,45.77,1.53
1788036180.32,mlx6,52351,22.069,24.01,45.77,1.53
1788036180.73,mlx6,52351,22.069,23.98,45.79,1.53
1788036181.14,mlx6,52351,22.069,23.93,45.82,1.53
1788036181.55,mlx6,52351,22.069,23.91,45.84,1.53
1788036181.96,mlx6,52351,22.069,23.88,45.85,1.53
1788036182.38,mlx6,52351,22.069,24.02,45.75,1.53
1788036182.79,mlx6,52351,22.069,23.98,45.77,1.53
1788036183.21,mlx6,52351,22.069,23.94,45.84,1.53
1788036183.62,mlx6,52351,22.069,23.87,45.85,1.53
1788036184.03,mlx6,52351,22.069,23.83,45.87,1.53
1788036184.45,mlx6,52351,22.069,23.8,45.9,1.53
1788036184.86,mlx6,52351,22.069,23.72,45.95,1.53
1788036185.28,mlx6,52351,22.069,23.69,45.97,1.53
1788036185.7,mlx6,52351,22.069,23.61,46.02,1.53
1788036186.1,mlx6,52351,22.069,23.57,46.1,1.53
1788036186.52,mlx6,52351,22.069,23.53,46.09,1.53
1788036186.93,mlx6,52351,22.069,24.16,45.66,1.53
1788036187.35,mlx6,52351,22.069,23.82,45.88,1.53
1788036187.77,mlx6,52351,22.069,23.72,45.95,1.53
1788036188.18,mlx6,52351,22.069,23.67,46.08,1.53
1788036188.59,mlx6,52351,22.069,23.62,46.07,1.53
1788036189.01,mlx6,52351,22.069,23.53,46.14,1.53
1788036189.43,mlx6,52351,22.069,23.47,46.16,1.53
1788036189.84,mlx6,52351,22.069,23.43,46.2,1.53
1788036190.26,mlx6,52351,22.069,23.33,46.3,1.53
1788036190.67,mlx6,52351,22.069,23.28,46.25,1.53
1788036191.09,mlx6,52351,22.069,23.19,46.32,1.53
1788036191.5,mlx6,52351,22.069,23.14,46.35,1.53
1788036191.91,mlx6,52351,22.069,23.64,46.01,1.53
1788036192.32,mlx6,52351,22.069,23.51,46.09,1.53
1788036192.73,mlx6,52351,22.069,23.44,46.13,1.53
1788036193.14,mlx6,52351,22.069,23.39,46.21,1.53
1788036193.56,mlx6,52351,22.069,23.27,46.26,1.53
1788036193.98,mlx6,52351,22.069,23.21,46.3,1.53
1788036194.38,mlx6,52351,22.069,23.15,46.34,1.53
1788036194.79,mlx6,52351,22.069,23.03,46.43,1.53
1788036195.2,mlx6,52351,22.069,22.96,46.51,1.53
1788036195.61,mlx6,52351,22.069,22.91,46.51,1.53
1788036196.02,mlx6,52351,22.069,22.78,46.6,1.53
1788036196.44,mlx6,52351,22.069,22.72,46.64,1.53
1788036196.86,mlx6,52351,22.069,23.35,46.2,1.53
1788036197.27,mlx6,52351,22.069,23.28,46.29,1.53
1788036197.69,mlx6,52351,22.069,23.2,46.3,1.53
1788036198.1,mlx6,52351,22.069,23.06,46.4,1.53
1788036198.51,mlx6,52351,22.069,22.99,46.45,1.53
1788036198.93,mlx6,52351,22.069,22.92,46.5,1.53
1788036199.34,mlx6,52351,22.069,22.82,46.62,1.53
1788036199.75,mlx6,52351,22.069,22.71,46.65,1.53
1788036200.17,mlx6,52351,22.069,22.64,46.74,1.53
1788036200.58,mlx6,52351,22.069,22.56,46.75,1.53
1788036200.99,mlx6,52351,22.069,22.41,46.85,1.53
1788036201.41,mlx6,52351,22.069,22.33,46.92,1.53
1788036201.82,mlx6,52351,22.069,23.19,46.33,1.53
1788036202.24,mlx6,52351,22.069,23.11,46.43,1.53
1788036202.65,mlx6,52351,22.069,23.02,46.45,1.53
1788036203.06,mlx6,52351,22.069,22.85,46.56,1.53
1788036203.47,mlx6,52351,22.069,22.77,46.6,1.53
1788036203.89,mlx6,52351,22.069,22.68,46.66,1.53
1788036204.3,mlx6,52351,22.069,22.6,46.76,1.53
1788036204.72,mlx6,52351,22.069,22.42,46.84,1.53
1788036205.14,mlx6,52351,22.069,22.34,46.9,1.53
1788036205.55,mlx6,52351,22.069,22.25,46.96,1.53
1788036205.96,mlx6,52351,22.069,22.09,47.07,1.53
1788036206.38,mlx6,52351,22.069,22.0,47.17,1.53
1788036206.79,mlx6,52351,22.069,22.92,46.5,1.53
1788036207.21,mlx6,52351,22.069,22.82,46.61,1.53
1788036207.62,mlx6,52351,22.069,22.72,46.64,1.53
1788036208.03,mlx6,52351,22.069,22.62,46.7,1.53
1788036208.45,mlx6,52351,22.069,22.42,46.84,1.53
1788036208.87,mlx6,52351,22.069,22.32,46.91,1.53
1788036209.28,mlx6,52351,22.069,22.23,47.01,1.53
1788036209.69,mlx6,52351,22.069,22.13,47.04,1.53
1788036210.1,mlx6,52351,22.069,21.94,47.17,1.53
1788036210.52,mlx6,52351,22.069,21.84,47.24,1.53
1788036210.93,mlx6,52351,22.069,21.74,47.31,1.53
1788036211.34,mlx6,52351,22.069,21.54,47.44,1.53
1788036211.75,mlx6,52351,22.069,22.83,46.56,1.53
1788036212.17,mlx6,52351,22.069,22.69,46.69,1.53
1788036212.58,mlx6,52351,22.069,22.47,46.81,1.53
1788036213.0,mlx6,52351,22.069,22.37,46.88,1.53
1788036213.41,mlx6,52351,22.069,22.27,46.96,1.53
1788036213.83,mlx6,52351,22.069,22.15,47.03,1.53
1788036214.25,mlx6,52351,22.069,21.93,47.18,1.53
1788036214.66,mlx6,52351,22.069,21.82,47.26,1.53
1788036215.07,mlx6,52351,22.069,21.71,47.33,1.53
1788036215.48,mlx6,52351,22.069,21.6,47.41,1.53
1788036215.89,mlx6,52351,22.069,21.38,47.56,1.53
1788036216.31,mlx6,52351,22.069,21.27,47.64,1.53
1788036216.72,mlx6,52351,22.069,21.16,47.71,1.53
1788036217.14,mlx6,52351,22.069,22.59,46.72,1.53
1788036217.55,mlx6,52351,22.069,22.48,46.81,1.53
1788036217.96,mlx6,52351,22.069,22.23,46.97,1.53
1788036218.37,mlx6,52351,22.069,22.11,47.06,1.53
1788036218.79,mlx6,52351,22.069,21.99,47.14,1.53
1788036219.21,mlx6,52351,22.069,21.86,47.27,1.53
1788036219.62,mlx6,52351,22.069,21.62,47.39,1.53
1788036220.04,mlx6,52351,22.069,21.49,47.48,1.53
1788036220.45,mlx6,52351,22.069,21.37,47.56,1.53
1788036220.87,mlx6,52351,22.069,21.25,47.64,1.53
1788036221.28,mlx6,52351,22.069,21.01,47.81,1.53
1788036221.7,mlx6,52351,22.069,20.89,47.9,1.53
1788036222.11,mlx6,52351,22.069,22.72,46.63,1.53
1788036222.53,mlx6,52351,22.069,22.25,46.96,1.53
1788036222.94,mlx6,52351,22.069,22.12,47.05,1.53
1788036223.35,mlx6,52351,22.069,21.85,47.23,1.53
1788036223.77,mlx6,52351,22.069,21.72,47.33,1.53
1788036224.18,mlx6,52351,22.069,21.58,47.46,1.53
1788036224.6,mlx6,52351,22.069,21.44,47.51,1.53
1788036225.01,mlx6,52351,22.069,21.31,47.6,1.53
1788036225.43,mlx6,52351,22.069,21.04,47.79,1.53
1788036225.85,mlx6,52351,22.069,20.91,47.88,1.53
1788036226.26,mlx6,52351,22.069,20.77,48.01,1.53
1788036226.67,mlx6,52351,22.069,20.64,48.06,1.53
1788036227.09,mlx6,52351,22.069,20.37,48.25,1.53
1788036227.51,mlx6,52351,22.069,22.27,46.94,1.53
1788036227.92,mlx6,52351,22.069,22.09,47.06,1.53
1788036228.34,mlx6,52351,22.069,21.8,47.27,1.53
1788036228.75,mlx6,52351,22.069,21.66,47.37,1.53
1788036229.17,mlx6,52351,22.069,21.51,47.47,1.53
1788036229.58,mlx6,52351,22.069,21.37,47.57,1.53
1788036230.0,mlx6,52351,22.069,21.22,47.67,1.53
1788036230.41,mlx6,52351,22.069,20.92,47.87,1.53
1788036230.82,mlx6,52351,22.069,20.78,47.97,1.53
1788036231.24,mlx6,52351,22.069,20.63,48.11,1.53
1788036231.65,mlx6,52351,22.069,20.48,48.17,1.53
1788036232.07,mlx6,52351,22.069,20.34,48.27,1.53
1788036232.48,mlx6,52351,22.069,20.05,48.48,1.53
1788036232.89,mlx6,52351,22.069,22.42,46.84,1.53
1788036233.3,mlx6,52351,22.069,21.85,47.27,1.53
1788036233.72,mlx6,52351,22.069,21.69,47.34,1.53
1788036234.13,mlx6,52351,22.069,21.37,47.56,1.53
1788036234.55,mlx6,52351,22.069,21.22,47.67,1.53
1788036234.96,mlx6,52351,22.069,21.06,47.78,1.53
1788036235.38,mlx6,52351,22.069,20.9,47.89,1.53
1788036235.79,mlx6,52351,22.069,20.74,48.0,1.53
1788036236.21,mlx6,52351,22.069,20.42,48.25,1.53
1788036236.63,mlx6,52351,22.069,20.26,48.32,1.53
1788036237.04,mlx6,52351,22.069,20.1,48.43,1.53
1788036237.45,mlx6,52351,22.069,19.94,48.6,1.53
1788036237.87,mlx6,52351,22.069,19.78,48.71,1.53
1788036238.27,mlx6,52351,22.069,19.62,48.86,1.53
1788036238.69,mlx6,52351,22.069,21.62,47.43,1.53
1788036239.1,mlx6,52351,22.069,21.45,47.55,1.53
1788036239.51,mlx6,52351,22.069,21.28,47.62,1.53
1788036239.93,mlx6,52351,22.069,21.11,47.74,1.53
1788036240.34,mlx6,52351,22.069,20.77,48.03,1.53
1788036240.76,mlx6,52351,22.069,20.6,48.1,1.53
1788036241.17,mlx6,52351,22.069,20.43,48.22,1.53
1788036241.58,mlx6,52351,22.069,20.26,48.34,1.53
1788036242.0,mlx6,52351,22.069,20.08,48.45,1.53
1788036242.41,mlx6,52351,22.069,19.91,48.56,1.53
1788036242.89,mlx6,52351,22.069,19.56,48.79,1.53
1788036243.31,mlx6,52351,22.069,19.38,48.95,1.52
1788036243.72,mlx6,52351,22.069,19.21,49.03,1.52
1788036244.14,mlx6,52351,22.069,21.6,47.39,1.52
1788036244.56,mlx6,52351,22.069,21.2,47.66,1.52
1788036244.97,mlx6,52351,22.069,21.02,47.79,1.52
1788036245.38,mlx6,52351,22.069,20.83,47.95,1.52
1788036245.79,mlx6,52351,22.069,20.65,48.04,1.52
1788036246.21,mlx6,52351,22.069,20.47,48.17,1.52
1788036246.62,mlx6,52351,22.069,20.29,48.29,1.52
1788036247.04,mlx6,52351,22.069,20.01,48.48,1.52
1788036247.45,mlx6,52351,22.069,19.74,48.71,1.52
1788036247.87,mlx6,52351,22.069,19.56,48.8,1.52
1788036248.28,mlx6,52351,22.069,19.38,48.92,1.52
1788036248.69,mlx6,52351,22.069,19.19,49.05,1.52
1788036249.11,mlx6,52351,22.069,19.01,49.17,1.52
1788036249.52,mlx6,52351,22.069,18.83,49.3,1.52
1788036249.94,mlx6,52351,22.069,21.17,47.69,1.52
1788036250.35,mlx6,52351,22.069,20.98,47.86,1.52
1788036250.76,mlx6,52351,22.069,20.78,47.96,1.52
1788036251.18,mlx6,52351,22.069,20.59,48.09,1.52
1788036251.6,mlx6,52351,22.069,20.39,48.22,1.52
1788036252.01,mlx6,52351,22.069,19.99,48.49,1.52
1788036252.43,mlx6,52351,22.069,19.8,48.67,1.52
1788036252.85,mlx6,52351,22.069,19.61,48.76,1.52
1788036253.26,mlx6,52351,22.069,19.41,48.9,1.52
1788036253.68,mlx6,52351,22.069,19.22,49.03,1.52
1788036254.09,mlx6,52351,22.069,19.02,49.17,1.52
1788036254.51,mlx6,52351,22.069,18.83,49.3,1.52
1788036254.92,mlx6,52351,22.069,18.63,49.43,1.52
1788036255.33,mlx6,52351,22.069,19.09,49.11,1.52
1788036255.75,mlx6,52351,22.069,20.95,47.84,1.52
1788036256.17,mlx6,52351,22.069,20.74,47.98,1.52
1788036256.58,mlx6,52351,22.069,20.53,48.12,1.52
1788036257.0,mlx6,52351,22.069,20.33,48.27,1.52
1788036257.41,mlx6,52351,22.069,20.12,48.41,1.52
1788036257.82,mlx6,52351,22.069,19.82,48.62,1.52
1788036258.23,mlx6,52351,22.069,19.5,48.84,1.52
1788036258.65,mlx6,52351,22.069,19.29,48.98,1.52
1788036259.06,mlx6,52351,22.069,19.08,49.12,1.52
1788036259.48,mlx6,52351,22.069,18.88,49.27,1.52
1788036259.89,mlx6,52351,22.069,18.66,49.41,1.52
1788036260.31,mlx6,52351,22.069,18.46,49.59,1.52
1788036260.73,mlx6,52351,22.069,18.25,49.69,1.52
1788036261.14,mlx6,52351,22.069,18.17,49.72,1.52
1788036261.56,mlx6,52351,22.069,20.73,48.05,1.52
1788036261.97,mlx6,52351,22.069,20.51,48.2,1.52
1788036262.39,mlx6,52351,22.069,20.28,48.35,1.52
1788036262.81,mlx6,52351,22.069,20.06,48.5,1.52
1788036263.22,mlx6,52351,22.069,19.84,48.65,1.52
1788036263.64,mlx6,52351,22.069,19.41,48.9,1.52
1788036264.06,mlx6,52351,22.069,19.18,49.05,1.52
1788036264.47,mlx6,52351,22.069,18.96,49.2,1.52
1788036264.88,mlx6,52351,22.069,18.74,49.35,1.52
1788036265.29,mlx6,52351,22.069,18.52,49.5,1.52
1788036265.7,mlx6,52351,22.069,18.3,49.65,1.52
1788036266.12,mlx6,52351,22.069,18.08,49.8,1.52
1788036266.53,mlx6,52351,22.069,17.87,49.95,1.52
1788036266.95,mlx6,52351,22.069,17.65,50.11,1.52
1788036267.37,mlx6,52351,22.069,20.71,48.04,1.52
1788036267.78,mlx6,52351,22.069,20.48,48.16,1.52
1788036268.2,mlx6,52351,22.069,20.25,48.32,1.52
1788036268.61,mlx6,52351,22.069,20.01,48.48,1.52
1788036269.03,mlx6,52351,22.069,19.78,48.64,1.52
1788036269.45,mlx6,52351,22.069,19.55,48.8,1.52
1788036269.86,mlx6,52351,22.069,19.32,48.96,1.52
1788036270.27,mlx6,52351,22.069,19.09,49.11,1.52
1788036270.68,mlx6,52351,22.069,18.86,49.27,1.52
1788036271.09,mlx6,52351,22.069,18.51,49.51,1.52
1788036271.5,mlx6,52351,22.069,18.16,49.75,1.52
1788036271.91,mlx6,52351,22.069,17.93,49.91,1.52
1788036272.31,mlx6,52351,22.069,17.69,50.07,1.52
1788036272.73,mlx6,52351,22.069,17.46,50.23,1.52
1788036273.14,mlx6,52351,22.069,21.09,47.74,1.52
1788036273.55,mlx6,52351,22.069,20.3,48.29,1.52
1788036273.96,mlx6,52351,22.069,20.05,48.46,1.52
1788036274.38,mlx6,52351,22.069,19.8,48.68,1.52
1788036274.79,mlx6,52351,22.069,19.56,48.81,1.52
1788036275.21,mlx6,52351,22.069,19.07,49.14,1.52
1788036275.62,mlx6,52351,22.069,18.83,49.3,1.52
1788036276.04,mlx6,52351,22.069,18.57,49.47,1.52
1788036276.45,mlx6,52351,22.069,18.33,49.67,1.52
1788036276.87,mlx6,52351,22.069,18.08,49.8,1.52
1788036277.28,mlx6,52351,22.069,17.84,49.97,1.52
1788036277.69,mlx6,52351,22.069,17.59,50.14,1.52
1788036278.11,mlx6,52351,22.069,17.35,50.3,1.52
1788036278.52,mlx6,52351,22.069,17.11,50.47,1.52
1788036278.94,mlx6,52351,22.069,16.86,50.64,1.52
1788036279.35,mlx6,52351,22.069,20.1,48.46,1.52
1788036279.77,mlx6,52351,22.069,19.81,48.62,1.52
1788036280.18,mlx6,52351,22.069,19.55,48.79,1.52
1788036280.59,mlx6,52351,22.069,19.3,48.97,1.52
1788036281.0,mlx6,52351,22.069,19.04,49.15,1.52
1788036281.41,mlx6,52351,22.069,18.78,49.36,1.52
1788036281.83,mlx6,52351,22.069,18.52,49.5,1.52
1788036282.25,mlx6,52351,22.069,18.27,49.67,1.52
1788036282.66,mlx6,52351,22.069,18.01,49.85,1.52
1788036283.08,mlx6,52351,22.069,17.75,50.03,1.52
1788036283.49,mlx6,52351,22.069,17.49,50.29,1.52
1788036283.9,mlx6,52351,22.069,17.23,50.47,1.52
1788036284.32,mlx6,52351,22.069,16.98,50.64,1.52
1788036284.73,mlx6,52351,22.069,16.73,50.73,1.52
1788036285.14,mlx6,52351,22.069,16.47,50.91,1.52
1788036285.55,mlx6,52351,22.069,19.88,48.61,1.52
1788036285.97,mlx6,52351,22.069,19.58,48.82,1.52
1788036286.38,mlx6,52351,22.069,19.31,49.06,1.52
1788036286.79,mlx6,52351,22.069,19.04,49.21,1.52
1788036287.2,mlx6,52351,22.069,18.77,49.39,1.52
1788036287.62,mlx6,52351,22.069,18.5,49.52,1.52
1788036288.03,mlx6,52351,22.069,18.23,49.7,1.52
1788036288.45,mlx6,52351,22.069,17.96,49.94,1.52
1788036288.86,mlx6,52351,22.069,17.7,50.08,1.52
1788036289.28,mlx6,52351,22.069,17.43,50.27,1.52
1788036289.69,mlx6,52351,22.069,17.16,50.44,1.52
1788036290.1,mlx6,52351,22.069,16.89,50.62,1.52
1788036290.52,mlx6,52351,22.069,16.62,50.85,1.52
1788036290.94,mlx6,52351,22.069,16.36,50.99,1.52
1788036291.35,mlx6,52351,22.069,16.08,51.18,1.52
1788036291.77,mlx6,52351,22.069,19.66,48.72,1.52
1788036292.19,mlx6,52351,22.069,19.34,48.94,1.52
1788036292.6,mlx6,52351,22.069,19.06,49.17,1.52
1788036293.01,mlx6,52351,22.069,18.78,49.32,1.52
1788036293.43,mlx6,52351,22.069,18.5,49.56,1.52
1788036293.85,mlx6,52351,22.069,18.22,49.71,1.52
1788036294.26,mlx6,52351,22.069,17.94,49.9,1.52
1788036294.68,mlx6,52351,22.069,17.66,50.09,1.52
1788036295.09,mlx6,52351,22.069,17.38,50.29,1.52
1788036295.51,mlx6,52351,22.069,17.1,50.52,1.52
1788036295.92,mlx6,52351,22.069,16.82,50.67,1.52
1788036296.33,mlx6,52351,22.069,16.53,50.87,1.52
1788036296.75,mlx6,52351,22.069,16.25,51.06,1.52
1788036297.16,mlx6,52351,22.069,15.97,51.25,1.52
1788036297.57,mlx6,52351,22.069,15.69,51.49,1.52
1788036297.98,mlx6,52351,22.069,19.83,48.6,1.52
1788036298.39,mlx6,52351,22.069,19.4,48.93,1.52
1788036298.81,mlx6,52351,22.069,19.11,49.1,1.52
1788036299.22,mlx6,52351,22.069,18.83,49.3,1.52
1788036299.64,mlx6,52351,22.069,18.54,49.5,1.52
1788036300.05,mlx6,52351,22.069,18.23,49.72,1.52
1788036300.46,mlx6,52351,22.069,17.94,49.92,1.52
1788036300.88,mlx6,52351,22.069,17.64,50.12,1.52
1788036301.29,mlx6,52351,22.069,17.35,50.3,1.52
1788036301.71,mlx6,52351,22.069,17.06,50.52,1.52
1788036302.13,mlx6,52351,22.069,16.76,50.72,1.52
1788036302.54,mlx6,52351,22.069,16.47,50.91,1.52
1788036302.95,mlx6,52351,22.069,16.18,51.11,1.52
1788036303.37,mlx6,52351,22.069,15.89,51.31,1.52
1788036303.78,mlx6,52351,22.069,15.6,51.51,1.52
1788036304.2,mlx6,52351,22.069,15.31,51.72,1.52
1788036304.62,mlx6,52351,22.069,19.23,49.02,1.52
1788036305.03,mlx6,52351,22.069,18.93,49.23,1.52
1788036305.45,mlx6,52351,22.069,18.62,49.44,1.52
1788036305.86,mlx6,52351,22.069,18.32,49.65,1.52
1788036306.27,mlx6,52351,22.069,18.01,49.86,1.52
1788036306.68,mlx6,52351,22.069,17.71,50.07,1.52
1788036307.09,mlx6,52351,22.069,17.4,50.28,1.52
1788036307.51,mlx6,52351,22.069,17.09,50.49,1.52
1788036307.92,mlx6,52351,22.069,16.79,50.7,1.52
1788036308.33,mlx6,52351,22.069,16.48,50.91,1.52
1788036308.75,mlx6,52351,22.069,16.18,51.12,1.52
1788036309.16,mlx6,52351,22.069,15.87,51.33,1.52
1788036309.57,mlx6,52351,22.069,15.56,51.54,1.52
1788036309.98,mlx6,52351,22.069,15.25,51.75,1.52
1788036310.4,mlx6,52351,22.069,14.95,51.96,1.52
1788036310.81,mlx6,52351,22.069,19.84,48.6,1.52
1788036311.23,mlx6,52351,22.069,19.07,49.13,1.52
1788036311.64,mlx6,52351,22.069,18.75,49.35,1.52
1788036312.06,mlx6,52351,22.069,18.44,49.57,1.52
1788036312.47,mlx6,52351,22.069,18.13,49.83,1.52
1788036312.89,mlx6,52351,22.069,17.81,50.0,1.52
1788036313.3,mlx6,52351,22.069,17.49,50.22,1.52
1788036313.72,mlx6,52351,22.069,17.17,50.44,1.52
1788036314.13,mlx6,52351,22.069,16.85,50.66,1.52
1788036314.54,mlx6,52351,22.069,16.54,50.88,1.52
1788036314.95,mlx6,52351,22.069,16.22,51.09,1.52
1788036315.36,mlx6,52351,22.069,15.9,51.31,1.52
1788036315.77,mlx6,52351,22.069,15.59,51.53,1.52
1788036316.19,mlx6,52351,22.069,15.27,51.75,1.52
1788036316.61,mlx6,52351,22.069,14.95,51.97,1.52
1788036317.01,mlx6,52351,22.069,14.63,52.19,1.52
1788036317.42,mlx6,52351,22.069,19.64,48.78,1.52
1788036317.84,mlx6,52351,22.069,18.87,49.28,1.52
1788036318.25,mlx6,52351,22.069,18.54,49.51,1.52
1788036318.67,mlx6,52351,22.069,18.2,49.73,1.52
1788036319.08,mlx6,52351,22.069,17.87,49.96,1.52
1788036319.49,mlx6,52351,22.069,17.55,50.23,1.52
1788036319.91,mlx6,52351,22.069,17.22,50.41,1.52
1788036320.33,mlx6,52351,22.069,16.88,50.64,1.52
1788036320.73,mlx6,52351,22.069,16.55,50.87,1.52
1788036321.15,mlx6,52351,22.069,16.21,51.11,1.52
1788036321.57,mlx6,52351,22.069,15.88,51.34,1.52
1788036321.98,mlx6,52351,22.069,15.55,51.56,1.52
1788036322.39,mlx6,52351,22.069,15.22,51.77,1.52
1788036322.81,mlx6,52351,22.069,14.89,52.02,1.52
1788036323.22,mlx6,52351,22.069,14.56,52.24,1.52
1788036323.64,mlx6,52351,22.069,14.23,52.45,1.52
1788036324.05,mlx6,52351,22.069,19.43,48.89,1.52
1788036324.47,mlx6,52351,22.069,18.57,49.51,1.52
1788036324.88,mlx6,52351,22.069,18.23,49.71,1.52
1788036325.29,mlx6,52351,22.069,17.88,49.94,1.52
1788036325.71,mlx6,52351,22.069,17.54,50.18,1.52
1788036326.13,mlx6,52351,22.069,17.2,50.41,1.52
1788036326.54,mlx6,52351,22.069,16.86,50.69,1.52
1788036326.95,mlx6,52351,22.069,16.51,50.88,1.52
1788036327.37,mlx6,52351,22.069,16.17,51.12,1.52
1788036327.78,mlx6,52351,22.069,15.83,51.36,1.52
1788036328.2,mlx6,52351,22.069,15.49,51.59,1.52
1788036328.62,mlx6,52351,22.069,15.15,51.86,1.52
1788036329.03,mlx6,52351,22.069,14.8,52.06,1.52
1788036329.44,mlx6,52351,22.069,14.46,52.33,1.52
1788036329.85,mlx6,52351,22.069,14.29,52.41,1.52
1788036330.27,mlx6,52351,22.069,14.12,52.53,1.52
1788036330.69,mlx6,52351,22.069,13.77,52.77,1.52
1788036331.1,mlx6,52351,22.069,18.34,49.62,1.52
1788036331.51,mlx6,52351,22.069,17.99,49.91,1.52
1788036331.93,mlx6,52351,22.069,17.64,50.11,1.52
1788036332.34,mlx6,52351,22.069,17.28,50.35,1.52
1788036332.75,mlx6,52351,22.069,16.93,50.6,1.52
1788036333.17,mlx6,52351,22.069,16.75,50.72,1.52
1788036333.58,mlx6,52351,22.069,16.57,50.9,1.52
1788036334.0,mlx6,52351,22.069,16.22,51.1,1.52
1788036334.41,mlx6,52351,22.069,15.87,51.34,1.52
1788036334.83,mlx6,52351,22.069,15.51,51.57,1.52
1788036335.25,mlx6,52351,22.069,15.16,51.82,1.52
1788036335.66,mlx6,52351,22.069,14.81,52.1,1.52
1788036336.07,mlx6,52351,22.069,14.45,52.3,1.52
1788036336.49,mlx6,52351,22.069,14.09,52.59,1.52
1788036336.9,mlx6,52351,22.069,13.74,52.79,1.52
1788036337.32,mlx6,52351,22.069,13.38,53.03,1.52
1788036337.74,mlx6,52351,22.069,18.6,49.45,1.52
1788036338.15,mlx6,52351,22.069,18.13,49.78,1.52
1788036338.57,mlx6,52351,22.069,17.76,50.07,1.52
1788036338.98,mlx6,52351,22.069,17.39,50.28,1.52
1788036339.4,mlx6,52351,22.069,17.03,50.53,1.52
1788036339.82,mlx6,52351,22.069,16.66,50.78,1.52
1788036340.24,mlx6,52351,22.069,16.3,51.04,1.52
1788036340.65,mlx6,52351,22.069,15.93,51.33,1.52
1788036341.06,mlx6,52351,22.069,15.56,51.54,1.52
1788036341.48,mlx6,52351,22.069,15.19,51.83,1.52
1788036341.9,mlx6,52351,22.069,14.83,52.04,1.52
1788036342.31,mlx6,52351,22.069,14.46,52.29,1.52
1788036342.73,mlx6,52351,22.069,14.09,52.55,1.52
1788036343.14,mlx6,52351,22.069,13.91,52.67,1.52
1788036343.56,mlx6,52351,22.069,13.73,52.84,1.52
1788036343.97,mlx6,52351,22.069,13.36,53.05,1.52
1788036344.38,mlx6,52351,22.069,13.0,53.3,1.52
1788036344.8,mlx6,52351,22.069,17.91,49.93,1.52
1788036345.21,mlx6,52351,22.069,17.54,50.19,1.52
1788036345.63,mlx6,52351,22.069,17.16,50.45,1.52
1788036346.04,mlx6,52351,22.069,17.16,50.45,1.52
1788036346.46,mlx6,52351,22.069,16.78,50.71,1.52
1788036346.87,mlx6,52351,22.069,16.4,50.97,1.52
1788036347.29,mlx6,52351,22.069,16.02,51.23,1.52
1788036347.71,mlx6,52351,22.069,15.65,51.49,1.52
1788036348.12,mlx6,52351,22.069,15.27,51.75,1.52
1788036348.54,mlx6,52351,22.069,14.89,52.01,1.52
1788036348.96,mlx6,52351,22.069,14.51,52.27,1.52
1788036349.37,mlx6,52351,22.069,14.13,52.53,1.52
1788036349.79,mlx6,52351,22.069,13.75,52.79,1.52
1788036350.21,mlx6,52351,22.069,13.38,53.05,1.52
1788036350.61,mlx6,52351,22.069,13.0,53.31,1.52
1788036351.02,mlx6,52351,22.069,12.81,53.44,1.52
1788036351.44,mlx6,52351,22.069,12.64,53.56,1.52
1788036351.85,mlx6,52351,22.069,17.7,50.07,1.52
1788036352.27,mlx6,52351,22.069,17.31,50.34,1.52
1788036352.68,mlx6,52351,22.069,16.92,50.61,1.52
1788036353.1,mlx6,52351,22.069,16.53,50.88,1.52
1788036353.51,mlx6,52351,22.069,16.53,50.92,1.52
1788036353.92,mlx6,52351,22.069,16.14,51.15,1.52
1788036354.33,mlx6,52351,22.069,15.75,51.42,1.52
1788036354.75,mlx6,52351,22.069,15.36,51.69,1.52
1788036355.17,mlx6,52351,22.069,14.96,51.95,1.52
1788036355.58,mlx6,52351,22.069,14.59,52.21,1.52
1788036356.0,mlx6,52351,22.069,14.19,52.49,1.52
1788036356.42,mlx6,52351,22.069,13.8,52.76,1.52
1788036356.83,mlx6,52351,22.069,13.41,53.03,1.52
1788036357.25,mlx6,52351,22.069,13.02,53.29,1.52
1788036357.66,mlx6,52351,22.069,12.72,53.55,1.52
1788036358.08,mlx6,52351,22.069,12.61,53.63,1.52
1788036358.5,mlx6,52351,22.069,12.22,53.94,1.52
1788036358.91,mlx6,52351,22.069,17.47,50.28,1.52
1788036359.33,mlx6,52351,22.069,17.07,50.55,1.52
1788036359.74,mlx6,52351,22.069,17.07,50.51,1.52
1788036360.16,mlx6,52351,22.069,16.67,50.8,1.52
1788036360.57,mlx6,52351,22.069,16.27,51.11,1.52
1788036360.98,mlx6,52351,22.069,15.86,51.35,1.52
1788036361.39,mlx6,52351,22.069,15.46,51.63,1.52
1788036361.8,mlx6,52351,22.069,15.06,51.91,1.52
1788036362.22,mlx6,52351,22.069,14.65,52.18,1.52
1788036362.63,mlx6,52351,22.069,14.25,52.45,1.52
1788036363.05,mlx6,52351,22.069,13.84,52.72,1.52
1788036363.46,mlx6,52351,22.069,13.5,52.96,1.52
1788036363.88,mlx6,52351,22.069,13.44,53.0,1.52
1788036364.3,mlx6,52351,22.069,13.04,53.28,1.52
1788036364.71,mlx6,52351,22.069,12.64,53.56,1.52
1788036365.13,mlx6,52351,22.069,12.23,53.83,1.52
1788036365.54,mlx6,52351,22.069,11.83,54.15,1.52
1788036365.96,mlx6,52351,22.069,17.73,50.05,1.52
1788036366.37,mlx6,52351,22.069,17.31,50.34,1.52
1788036366.78,mlx6,52351,22.069,16.9,50.63,1.52
1788036367.2,mlx6,52351,22.069,16.48,50.91,1.52
1788036367.61,mlx6,52351,22.069,16.07,51.24,1.52
1788036368.03,mlx6,52351,22.069,15.65,51.48,1.52
1788036368.45,mlx6,52351,22.069,15.01,51.91,1.52
1788036368.86,mlx6,52351,22.069,14.59,52.2,1.52
1788036369.27,mlx6,52351,22.069,14.6,52.2,1.52
1788036369.69,mlx6,52351,22.069,14.18,52.34,1.52
1788036370.1,mlx6,52351,22.069,13.77,52.62,1.52
1788036370.52,mlx6,52351,22.069,13.39,52.95,1.52
1788036370.94,mlx6,52351,22.069,12.97,53.19,1.52
1788036371.34,mlx6,52351,22.069,12.58,53.48,1.52
1788036371.75,mlx6,52351,22.069,12.17,53.77,1.52
1788036372.16,mlx6,52351,22.069,11.77,54.05,1.52
1788036372.58,mlx6,52351,22.069,11.36,54.38,1.52
1788036372.99,mlx6,52351,22.069,11.36,54.34,1.52
1788036373.41,mlx6,52351,22.069,16.91,50.53,1.52
1788036373.82,mlx6,52351,22.069,16.48,50.83,1.52
1788036374.24,mlx6,52351,22.069,16.06,51.12,1.52
1788036374.66,mlx6,52351,22.069,16.06,51.16,1.52
1788036375.07,mlx6,52351,22.069,15.63,51.41,1.52
1788036375.48,mlx6,52351,22.069,15.22,51.71,1.52
1788036375.9,mlx6,52351,22.069,14.79,52.0,1.52
1788036376.31,mlx6,52351,22.069,14.37,52.3,1.52
1788036376.72,mlx6,52351,22.069,13.94,52.63,1.52
1788036377.14,mlx6,52351,22.069,13.52,52.88,1.52
1788036377.55,mlx6,52351,22.069,13.09,53.22,1.52
1788036377.97,mlx6,52351,22.069,13.1,53.18,1.52
1788036378.38,mlx6,52351,22.069,12.67,53.47,1.52
1788036378.8,mlx6,52351,22.069,12.25,53.77,1.52
1788036379.22,mlx6,52351,22.069,11.85,54.06,1.52
1788036379.62,mlx6,52351,22.069,11.43,54.39,1.52
1788036380.03,mlx6,52351,22.069,11.41,54.37,1.52
1788036380.45,mlx6,52351,22.069,17.73,50.03,1.52
1788036380.87,mlx6,52351,22.069,16.77,50.68,1.52
1788036381.28,mlx6,52351,22.069,16.32,51.0,1.52
1788036381.7,mlx6,52351,22.069,15.88,51.39,1.52
1788036382.11,mlx6,52351,22.069,15.45,51.65,1.52
1788036382.53,mlx6,52351,22.069,15.45,51.65,1.52
1788036382.94,mlx6,52351,22.069,15.0,51.95,1.52
1788036383.35,mlx6,52351,22.069,14.56,52.25,1.52
1788036383.76,mlx6,52351,22.069,14.13,52.6,1.52
1788036384.18,mlx6,52351,22.069,13.69,52.86,1.52
1788036384.59,mlx6,52351,22.069,13.25,53.2,1.52
1788036385.01,mlx6,52351,22.069,12.8,53.42,1.52
1788036385.42,mlx6,52351,22.069,12.36,53.72,1.52
1788036385.84,mlx6,52351,22.069,12.36,53.71,1.52
1788036386.26,mlx6,52351,22.069,11.92,54.01,1.52
1788036386.67,mlx6,52351,22.069,11.48,54.35,1.52
1788036387.09,mlx6,52351,22.069,11.46,54.33,1.52
1788036387.5,mlx6,52351,22.069,11.48,54.32,1.52
1788036387.92,mlx6,52351,22.069,17.51,50.17,1.52
1788036388.33,mlx6,52351,22.069,16.61,50.79,1.52
1788036388.74,mlx6,52351,22.069,16.16,51.1,1.52
1788036389.16,mlx6,52351,22.069,15.7,51.41,1.52
1788036389.58,mlx6,52351,22.069,15.27,51.76,1.52
1788036389.99,mlx6,52351,22.069,15.27,51.72,1.52
1788036390.41,mlx6,52351,22.069,14.82,52.04,1.52
1788036390.83,mlx6,52351,22.069,14.37,52.35,1.52
1788036391.24,mlx6,52351,22.069,13.91,52.66,1.52
1788036391.66,mlx6,52351,22.069,13.46,52.97,1.52
1788036392.07,mlx6,52351,22.069,13.01,53.28,1.52
1788036392.49,mlx6,52351,22.069,12.56,53.59,1.52
1788036392.91,mlx6,52351,22.069,12.56,53.59,1.52
1788036393.32,mlx6,52351,22.069,12.1,53.9,1.52
1788036393.73,mlx6,52351,22.069,11.65,54.21,1.52
1788036394.14,mlx6,52351,22.069,11.63,54.23,1.52
1788036394.56,mlx6,52351,22.069,11.42,54.37,1.52
1788036394.98,mlx6,52351,22.069,11.56,54.27,1.52
1788036395.39,mlx6,52351,22.069,13.28,53.07,1.52
1788036395.81,mlx6,52351,22.069,16.35,50.99,1.52
1788036396.22,mlx6,52351,22.069,15.89,51.31,1.52
1788036396.64,mlx6,52351,22.069,15.42,51.62,1.52
1788036397.06,mlx6,52351,22.069,15.42,51.62,1.52
1788036397.47,mlx6,52351,22.069,14.96,51.94,1.52
1788036397.88,mlx6,52351,22.069,14.49,52.26,1.52
1788036398.3,mlx6,52351,22.069,14.03,52.58,1.52
1788036398.71,mlx6,52351,22.069,13.57,52.9,1.52
1788036399.13,mlx6,52351,22.069,13.11,53.22,1.52
1788036399.54,mlx6,52351,22.069,12.64,53.54,1.52
1788036399.95,mlx6,52351,22.069,12.44,53.68,1.52
1788036400.36,mlx6,52351,22.069,11.97,54.0,1.52
1788036400.78,mlx6,52351,22.069,11.51,54.32,1.52
1788036401.2,mlx6,52351,22.069,11.31,54.34,1.52
1788036401.61,mlx6,52351,22.069,11.31,54.38,1.52
1788036402.02,mlx6,52351,22.069,11.31,54.34,1.52
1788036402.44,mlx6,52351,22.069,11.38,54.31,1.52
1788036402.86,mlx6,52351,22.069,11.42,54.29,1.52
1788036403.27,mlx6,52351,22.069,16.08,51.09,1.52
1788036403.69,mlx6,52351,22.069,15.84,51.26,1.52
1788036404.1,mlx6,52351,22.069,15.6,51.42,1.52
1788036404.51,mlx6,52351,22.069,15.14,51.75,1.52
1788036404.93,mlx6,52351,22.069,14.66,52.08,1.52
1788036405.34,mlx6,52351,22.069,14.19,52.4,1.52
1788036405.75,mlx6,52351,22.069,13.72,52.79,1.52
1788036406.17,mlx6,52351,22.069,13.24,53.11,1.52
1788036406.59,mlx6,52351,22.069,13.26,53.15,1.52
1788036406.99,mlx6,52351,22.069,12.77,53.4,1.52
1788036407.41,mlx6,52351,22.069,12.3,53.73,1.52
1788036407.82,mlx6,52351,22.069,11.83,54.04,1.52
1788036408.24,mlx6,52351,22.069,11.36,54.37,1.52
1788036408.65,mlx6,52351,22.069,11.39,54.38,1.52
1788036409.07,mlx6,52351,22.069,11.39,54.34,1.52
1788036409.49,mlx6,52351,22.069,11.58,54.22,1.52
1788036409.9,mlx6,52351,22.069,11.44,54.31,1.52
1788036410.31,mlx6,52351,22.069,11.52,54.28,1.52
1788036410.73,mlx6,52351,22.069,16.54,50.88,1.52
1788036411.15,mlx6,52351,22.069,11.45,54.33,1.52
1788036411.56,mlx6,52351,22.069,11.42,54.36,1.52
1788036411.98,mlx6,52351,22.069,11.41,54.36,1.52
1788036412.39,mlx6,52351,22.069,11.4,54.37,1.52
1788036412.81,mlx6,52351,22.069,11.4,54.37,1.52
1788036413.23,mlx6,52351,22.069,11.49,54.3,1.52
1788036413.64,mlx6,52351,22.069,11.5,54.26,1.52
1788036414.06,mlx6,52351,22.069,11.48,54.32,1.52
1788036414.48,mlx6,52351,22.069,11.62,54.21,1.52
1788036414.9,mlx6,52351,22.069,11.5,54.3,1.52
1788036415.32,mlx6,52351,22.069,11.67,54.18,1.52
1788036415.74,mlx6,52351,22.071,13.25,53.04,1.52
1788036416.15,mlx6,52351,22.072,11.36,54.27,1.52
1788036416.57,mlx6,52351,22.046,12.46,52.59,1.6
1788036416.99,mlx6,52351,22.046,20.02,47.49,1.58
1788036417.42,mlx6,52351,22.046,19.98,47.59,1.57
1788036417.84,mlx6,52351,22.046,19.99,3.31,1.57
1788036418.25,mlx6,52351,22.046,20.07,3.31,1.57
1788036418.68,mlx6,52351,22.046,20.08,3.31,1.57
1788036419.11,mlx6,52351,22.046,20.09,3.27,1.57
1788036419.53,mlx6,52351,22.046,20.11,3.27,1.57
1788036419.95,mlx6,52351,22.046,20.15,3.27,1.57
1788036420.38,mlx6,52351,22.046,20.17,3.29,1.57
1788036420.8,mlx6,52351,22.046,20.22,3.29,1.57
1788036421.22,mlx6,52351,22.046,20.25,3.29,1.57
1788036421.63,mlx6,52351,22.046,20.31,3.33,1.57
1788036422.05,mlx6,52351,22.057,30.68,26.48,1.56
1788036422.47,mlx6,52351,22.057,11.64,54.24,1.56
1788036422.89,mlx6,52351,22.058,11.38,54.44,1.56
1788036423.3,mlx6,52351,22.057,9.42,55.77,1.56
1788036423.72,mlx6,52351,22.06,7.98,55.93,1.56
1788036424.14,mlx6,52351,22.06,7.92,56.23,1.56
1788036424.57,mlx6,52351,22.06,7.92,56.23,1.56
1788036424.98,mlx6,52351,22.06,8.06,45.42,1.56
1788036425.4,mlx6,52351,22.06,8.15,3.32,1.56
1788036425.83,mlx6,52351,22.06,8.18,3.28,1.56
1788036426.25,mlx6,52351,22.06,8.23,3.41,1.56
1788036426.67,mlx6,52351,22.06,8.35,3.45,1.56
1788036427.1,mlx6,52351,22.06,8.81,3.28,1.56
1788036427.52,mlx6,52351,22.06,8.89,3.28,1.56
1788036427.94,mlx6,52351,22.06,9.01,3.28,1.56
1788036428.37,mlx6,52351,22.06,9.06,3.28,1.56
1788036428.8,mlx6,52351,22.06,9.1,3.32,1.56
1788036429.22,mlx6,52351,22.06,9.11,3.28,1.56
1788036429.64,mlx6,52351,22.06,9.24,3.31,1.56
1788036430.06,mlx6,52351,22.06,9.35,3.36,1.56
1788036430.48,mlx6,52351,22.06,9.37,3.36,1.56
1788036430.91,mlx6,52351,22.06,9.39,3.32,1.56
1788036431.33,mlx6,52351,22.06,9.41,3.32,1.56
1788036431.76,mlx6,52351,22.06,9.46,3.36,1.56
1788036432.18,mlx6,52351,22.06,9.47,3.27,1.56
1788036432.61,mlx6,52351,22.06,9.49,3.27,1.56
1788036433.03,mlx6,52351,22.06,9.54,3.27,1.56
1788036433.45,mlx6,52351,22.06,9.56,3.27,1.56
1788036433.88,mlx6,52351,22.06,9.59,3.27,1.56
1788036434.3,mlx6,52351,22.06,9.63,3.27,1.56
1788036434.73,mlx6,52351,22.06,9.68,3.31,1.56
1788036435.15,mlx6,52351,22.06,9.68,3.27,1.56
1788036435.57,mlx6,52351,22.06,9.71,3.27,1.56
1788036435.99,mlx6,52351,22.06,9.87,3.27,1.56
1788036436.4,mlx6,52351,22.06,9.92,3.27,1.56
1788036436.83,mlx6,52351,22.06,10.03,3.31,1.56
1788036437.26,mlx6,52351,22.06,10.04,3.27,1.56
1788036437.68,mlx6,52351,22.06,10.07,3.31,1.56
1788036438.1,mlx6,52351,22.06,10.08,3.27,1.56
1788036438.52,mlx6,52351,22.06,10.09,3.27,1.56
1788036438.95,mlx6,52351,22.06,10.13,3.27,1.56
1788036439.37,mlx6,52351,22.06,10.14,3.27,1.56
1788036439.8,mlx6,52351,22.06,10.2,3.31,1.56
1788036440.22,mlx6,52351,22.06,10.21,3.27,1.56
1788036440.64,mlx6,52351,22.06,10.22,3.27,1.56
1788036441.06,mlx6,52351,22.06,10.26,3.27,1.56
1788036441.49,mlx6,52351,22.06,10.28,3.27,1.56
1788036441.91,mlx6,52351,22.06,10.33,3.31,1.56
1788036442.33,mlx6,52351,22.06,10.34,3.27,1.56
1788036442.75,mlx6,52351,22.06,10.37,3.31,1.56
1788036443.17,mlx6,52351,22.06,10.4,3.33,1.56
1788036443.59,mlx6,52351,22.06,10.58,3.29,1.56
1788036444.02,mlx6,52351,22.06,10.6,3.29,1.56
1788036444.45,mlx6,52351,22.06,10.61,3.29,1.56
1788036444.87,mlx6,52351,22.06,10.65,3.29,1.56
1788036445.3,mlx6,52351,22.06,10.67,3.27,1.56
1788036445.73,mlx6,52351,22.06,10.7,3.27,1.56
1788036446.15,mlx6,52351,22.06,10.74,3.4,1.56
1788036446.57,mlx6,52351,22.06,10.75,3.4,1.56
1788036447.0,mlx6,52351,22.06,10.88,3.4,1.56
1788036447.42,mlx6,52351,22.06,11.44,3.27,1.56
1788036447.85,mlx6,52351,22.06,11.58,3.27,1.56
1788036448.27,mlx6,52351,22.06,11.6,3.27,1.56
1788036448.7,mlx6,52351,22.06,11.65,3.31,1.56
1788036449.12,mlx6,52351,22.06,11.66,3.27,1.56
1788036449.55,mlx6,52351,22.06,11.69,3.27,1.56
1788036449.97,mlx6,52351,22.06,11.73,3.27,1.56
1788036450.39,mlx6,52351,22.06,11.76,3.27,1.56
1788036450.82,mlx6,52351,22.06,11.79,3.27,1.56
1788036451.24,mlx6,52351,22.06,11.8,3.27,1.56
1788036451.67,mlx6,52351,22.06,11.83,3.27,1.56
1788036452.09,mlx6,52351,22.06,11.89,3.27,1.56
1788036452.52,mlx6,52351,22.06,11.91,3.27,1.56
1788036452.94,mlx6,52351,22.06,11.95,3.27,1.56
1788036453.37,mlx6,52351,22.06,11.97,3.27,1.56
1788036453.8,mlx6,52351,22.06,12.01,3.27,1.56
1788036454.22,mlx6,52351,22.06,12.02,3.27,1.56
1788036454.64,mlx6,52351,22.06,12.07,3.27,1.56
1788036455.06,mlx6,52351,22.06,12.63,3.36,1.56
1788036455.49,mlx6,,0.0,86.04,3.33,1.55
1788036455.93,?,,0.0,86.05,3.32,1.55
1788036456.38,?,,0.0,86.1,3.28,1.55
1788036456.82,?,,0.0,86.13,3.24,1.55
1788036457.26,?,,0.0,86.14,3.24,1.55
1788036457.7,?,,0.0,86.11,3.28,1.55
1788036458.14,?,,0.0,86.13,3.24,1.55
1788036458.59,?,,0.0,86.14,3.24,1.55
1788036459.03,?,,0.0,86.14,3.24,1.55
1788036459.47,?,,0.0,86.11,3.28,1.55
1788036459.9,?,,0.0,86.11,3.28,1.55
1788036460.34,?,,0.0,86.14,3.24,1.55
1788036460.76,mlx8,57894,0.013,86.1,3.28,1.55
1788036461.17,mlx8,57894,0.083,86.1,3.24,1.55
1788036461.58,mlx8,57894,0.086,86.09,3.24,1.55
1788036461.99,mlx8,57894,0.141,85.95,3.31,1.55
1788036462.4,mlx8,57894,4.581,78.86,3.32,1.55
1788036462.82,mlx8,57894,8.764,72.39,3.32,1.55
1788036463.23,mlx8,57894,13.151,65.53,3.25,1.55
1788036463.64,mlx8,57894,17.46,58.86,3.26,1.55
1788036464.06,mlx8,57894,22.179,51.4,3.26,1.55
1788036464.51,mlx8,57894,26.262,45.2,3.27,1.8
1788036464.93,mlx8,57894,26.734,44.77,3.27,2.91
1788036465.35,mlx8,57894,26.813,44.44,3.35,3.31
1788036465.77,mlx8,57894,26.803,44.41,3.38,3.32
1788036466.19,mlx8,57894,26.749,44.39,3.35,3.37
1788036466.61,mlx8,57894,26.749,44.47,3.28,3.37
1788036467.03,mlx8,57894,26.749,44.46,3.28,3.37
1788036467.46,mlx8,57894,26.749,44.49,3.27,3.37
1788036467.88,mlx8,57894,26.749,44.47,3.27,3.37
1788036468.3,mlx8,57894,26.749,44.48,3.27,3.37
1788036468.73,mlx8,57894,26.749,44.46,3.31,3.37
1788036469.14,mlx8,57894,26.749,44.47,3.27,3.37
1788036469.57,mlx8,57894,26.749,44.48,3.27,3.37
1788036470.0,mlx8,57894,26.749,44.48,3.27,3.37
1788036470.42,mlx8,57894,26.749,44.49,3.31,3.37
1788036470.83,mlx8,57894,26.749,44.49,3.31,3.37
1788036471.26,mlx8,57894,26.749,44.48,3.27,3.37
1788036471.68,mlx8,57894,26.749,44.49,3.27,3.37
1788036472.11,mlx8,57894,26.749,44.49,3.27,3.37
1788036472.52,mlx8,57894,26.749,44.47,3.31,3.37
1788036472.93,mlx8,57894,26.76,42.63,17.26,3.11
1788036473.35,mlx8,57894,26.767,36.84,34.73,1.58
1788036473.77,mlx8,57894,26.767,36.48,35.01,1.58
1788036474.18,mlx8,57894,26.767,35.96,35.34,1.57
1788036474.59,mlx8,57894,26.767,35.59,35.59,1.57
1788036475.01,mlx8,57894,26.767,35.25,35.79,1.57
1788036475.42,mlx8,57894,26.767,34.98,35.85,1.57
1788036475.82,mlx8,57894,26.767,34.64,36.14,1.57
1788036476.24,mlx8,57894,26.767,34.35,36.3,1.57
1788036476.66,mlx8,57894,26.767,34.02,36.57,1.56
1788036477.07,mlx8,57894,26.767,33.74,36.71,1.56
1788036477.49,mlx8,57894,26.573,33.52,36.87,1.56
1788036477.9,mlx8,57894,26.573,33.48,36.9,1.56
1788036478.32,mlx8,57894,26.573,33.43,36.93,1.56
1788036478.73,mlx8,57894,26.573,33.41,36.98,1.56
1788036479.15,mlx8,57894,26.573,33.36,36.98,1.56
1788036479.56,mlx8,57894,26.573,33.32,37.05,1.56
1788036479.98,mlx8,57894,26.573,33.29,37.03,1.56
1788036480.39,mlx8,57894,26.573,33.25,37.08,1.56
1788036480.81,mlx8,57894,26.573,33.22,37.1,1.56
1788036481.23,mlx8,57894,26.573,33.17,37.11,1.56
1788036481.64,mlx8,57894,26.573,33.77,36.71,1.56
1788036482.06,mlx8,57894,26.573,33.31,37.04,1.56
1788036482.48,mlx8,57894,26.573,33.25,37.08,1.56
1788036482.89,mlx8,57894,26.573,33.22,37.15,1.56
1788036483.31,mlx8,57894,26.573,33.14,37.14,1.56
1788036483.72,mlx8,57894,26.573,33.11,37.17,1.56
1788036484.13,mlx8,57894,26.573,33.03,37.22,1.56
1788036484.55,mlx8,57894,26.573,33.03,37.24,1.56
1788036484.97,mlx8,57894,26.573,32.95,37.29,1.56
1788036485.38,mlx8,57894,26.573,32.92,37.32,1.56
1788036485.79,mlx8,57894,26.573,32.84,37.41,1.56
1788036486.2,mlx8,57894,26.573,33.21,37.12,1.56
1788036486.62,mlx8,57894,26.573,33.11,37.19,1.56
1788036487.04,mlx8,57894,26.573,33.06,37.22,1.56
1788036487.45,mlx8,57894,26.573,32.96,37.29,1.56
1788036487.86,mlx8,57894,26.573,32.91,37.36,1.56
1788036488.28,mlx8,57894,26.573,32.6,37.52,1.56
1788036488.7,mlx8,57894,26.573,32.55,37.55,1.56
1788036489.11,mlx8,57894,26.573,32.46,37.62,1.56
1788036489.53,mlx8,57894,26.573,32.44,37.52,1.56
1788036489.94,mlx8,57894,26.573,32.34,37.63,1.56
1788036490.35,mlx8,57894,26.573,32.32,37.62,1.56
1788036490.77,mlx8,57894,26.573,32.75,37.36,1.56
1788036491.18,mlx8,57894,26.573,32.69,37.36,1.56
1788036491.6,mlx8,57894,26.573,32.59,37.44,1.56
1788036492.02,mlx8,57894,26.573,32.53,37.48,1.56
1788036492.43,mlx8,57894,26.573,32.42,37.57,1.56
1788036492.84,mlx8,57894,26.573,32.37,37.65,1.56
1788036493.26,mlx8,57894,26.573,32.27,37.67,1.56
1788036493.68,mlx8,57894,26.573,32.18,37.74,1.56
1788036494.09,mlx8,57894,26.573,32.12,37.78,1.56
1788036494.51,mlx8,57894,26.573,32.01,37.86,1.56
1788036494.93,mlx8,57894,26.573,31.94,37.94,1.56
1788036495.34,mlx8,57894,26.573,32.58,37.47,1.56
1788036495.76,mlx8,57894,26.573,32.51,37.56,1.56
1788036496.18,mlx8,57894,26.573,32.36,37.62,1.56
1788036496.6,mlx8,57894,26.573,32.3,37.67,1.56
1788036497.01,mlx8,57894,26.573,32.15,37.77,1.56
1788036497.43,mlx8,57894,26.573,32.07,37.82,1.55
1788036497.85,mlx8,57894,26.573,31.93,37.92,1.55
1788036498.26,mlx8,57894,26.573,31.84,37.97,1.55
1788036498.68,mlx8,57894,26.573,31.79,38.02,1.55
1788036499.08,mlx8,57894,26.573,31.65,38.12,1.55
1788036499.49,mlx8,57894,26.573,31.57,38.17,1.55
1788036499.91,mlx8,57894,26.573,32.44,37.58,1.55
1788036500.32,mlx8,57894,26.573,32.18,37.64,1.55
1788036500.73,mlx8,57894,26.573,31.98,37.76,1.55
1788036501.15,mlx8,57894,26.573,31.9,37.82,1.55
1788036501.55,mlx8,57894,26.573,31.81,37.88,1.55
1788036501.97,mlx8,57894,26.573,31.64,38.0,1.55
1788036502.39,mlx8,57894,26.573,31.55,38.05,1.55
1788036502.8,mlx8,57894,26.573,31.39,38.21,1.55
1788036503.22,mlx8,57894,26.573,31.3,38.23,1.55
1788036503.63,mlx8,57894,26.573,31.21,38.29,1.55
1788036504.04,mlx8,57894,26.573,31.01,38.46,1.54
1788036504.46,mlx8,57894,26.573,32.03,37.76,1.54
1788036504.87,mlx8,57894,26.573,31.83,37.89,1.54
1788036505.28,mlx8,57894,26.573,31.73,37.95,1.54
1788036505.69,mlx8,57894,26.573,31.63,38.02,1.54
1788036506.1,mlx8,57894,26.573,31.45,38.11,1.54
1788036506.51,mlx8,57894,26.573,31.35,38.18,1.54
1788036506.93,mlx8,57894,26.573,31.16,38.31,1.54
1788036507.34,mlx8,57894,26.573,31.06,38.38,1.54
1788036507.76,mlx8,57894,26.573,30.96,38.45,1.54
1788036508.17,mlx8,57894,26.573,30.76,38.58,1.54
1788036508.59,mlx8,57894,26.573,30.67,38.65,1.54
1788036509.0,mlx8,57894,26.573,30.57,38.72,1.54
1788036509.42,mlx8,57894,26.573,31.72,37.93,1.54
1788036509.83,mlx8,57894,26.573,31.61,38.04,1.54
1788036510.24,mlx8,57894,26.573,31.39,38.15,1.54
1788036510.66,mlx8,57894,26.573,31.27,38.23,1.54
1788036511.07,mlx8,57894,26.573,31.17,38.3,1.54
1788036511.48,mlx8,57894,26.573,30.95,38.45,1.54
1788036511.9,mlx8,57894,26.573,30.83,38.53,1.54
1788036512.31,mlx8,57894,26.573,30.73,38.6,1.54
1788036512.73,mlx8,57894,26.573,30.5,38.76,1.54
1788036513.15,mlx8,57894,26.573,30.39,38.83,1.54
1788036513.56,mlx8,57894,26.573,30.29,38.91,1.54
1788036513.97,mlx8,57894,26.573,32.02,37.72,1.54
1788036514.39,mlx8,57894,26.573,30.27,38.92,1.54
1788036514.8,mlx8,57894,26.573,29.5,39.49,1.54
1788036515.22,mlx8,57894,26.574,25.22,42.4,1.54
1788036515.64,mlx8,57894,26.584,32.07,37.7,1.54
1788036516.05,mlx8,57894,26.585,31.36,38.18,1.54
1788036516.47,mlx8,57894,26.585,30.86,38.5,1.54
1788036516.89,mlx8,57894,26.585,30.85,38.54,1.54
1788036517.3,mlx8,57894,26.585,30.85,38.5,1.54
1788036517.71,mlx8,57894,26.585,30.86,38.5,1.54
1788036518.13,mlx8,57894,26.585,30.85,38.5,1.54
1788036518.54,mlx8,57894,26.585,30.85,38.5,1.54
1788036518.95,mlx8,57894,26.585,30.85,38.5,1.54
1788036519.37,mlx8,57894,26.585,30.85,38.5,1.54
1788036519.78,mlx8,57894,26.607,28.5,40.09,1.54
1788036520.19,mlx8,57894,26.607,28.0,40.44,1.54
1788036520.61,mlx8,57894,26.607,27.71,40.64,1.54
1788036521.02,mlx8,57894,26.607,27.37,40.87,1.54
1788036521.44,mlx8,57894,26.607,27.08,41.07,1.54
1788036521.85,mlx8,57894,26.607,26.74,41.34,1.54
1788036522.27,mlx8,57894,26.607,26.45,41.5,1.54
1788036522.68,mlx8,57894,26.607,26.11,41.73,1.54
1788036523.09,mlx8,57894,26.607,25.83,41.93,1.54
1788036523.51,mlx8,57894,26.607,25.43,42.21,1.54
1788036523.92,mlx8,57894,26.607,26.22,41.71,1.54
1788036524.34,mlx8,57894,26.607,26.07,41.77,1.54
1788036524.75,mlx8,57894,26.607,26.04,41.78,1.54
1788036525.16,mlx8,57894,26.607,25.99,41.82,1.54
1788036525.58,mlx8,57894,26.607,25.97,41.83,1.54
1788036525.99,mlx8,57894,26.607,25.91,41.88,1.54
1788036526.41,mlx8,57894,26.607,25.89,41.9,1.54
1788036526.83,mlx8,57894,26.607,25.84,41.97,1.54
1788036527.25,mlx8,57894,26.607,25.82,41.93,1.54
1788036527.66,mlx8,57894,26.607,25.77,41.96,1.54
1788036528.08,mlx8,57894,26.607,25.75,42.04,1.54
1788036528.49,mlx8,57894,26.607,25.88,41.95,1.54
1788036528.91,mlx8,57894,26.607,25.84,42.02,1.54
1788036529.32,mlx8,57894,26.607,25.77,42.01,1.54
1788036529.74,mlx8,57894,26.607,25.73,42.03,1.54
1788036530.16,mlx8,57894,26.607,25.66,42.04,1.54
1788036530.57,mlx8,57894,26.607,25.62,42.07,1.54
1788036530.99,mlx8,57894,26.607,25.61,42.13,1.54
1788036531.4,mlx8,57894,26.607,25.54,42.14,1.54
1788036531.82,mlx8,57894,26.607,25.5,42.21,1.54
1788036532.23,mlx8,57894,26.607,25.43,42.22,1.54
1788036532.64,mlx8,57894,26.607,25.39,42.24,1.54
1788036533.06,mlx8,57894,26.607,25.71,42.02,1.54
1788036533.47,mlx8,57894,26.607,25.66,42.06,1.54
1788036533.87,mlx8,57894,26.607,25.56,42.16,1.54
1788036534.29,mlx8,57894,26.607,25.51,42.17,1.54
1788036534.71,mlx8,57894,26.607,25.41,42.24,1.54
1788036535.12,mlx8,57894,26.607,25.36,42.27,1.54
1788036535.54,mlx8,57894,26.607,25.27,42.34,1.54
1788036535.95,mlx8,57894,26.607,25.22,42.42,1.54
1788036536.36,mlx8,57894,26.607,25.12,42.44,1.54
1788036536.78,mlx8,57894,26.607,25.08,42.48,1.54
1788036537.2,mlx8,57894,26.607,25.03,42.49,1.54
1788036537.6,mlx8,57894,26.607,25.47,42.19,1.54
1788036538.02,mlx8,57894,26.607,25.41,42.27,1.54
1788036538.44,mlx8,57894,26.607,25.28,42.32,1.54
1788036538.85,mlx8,57894,26.607,25.22,42.4,1.54
1788036539.27,mlx8,57894,26.607,25.1,42.44,1.54
1788036539.68,mlx8,57894,26.607,25.04,42.49,1.54
1788036540.1,mlx8,57894,26.607,24.91,42.59,1.54
1788036540.52,mlx8,57894,26.607,24.85,42.63,1.54
1788036540.93,mlx8,57894,26.607,24.79,42.71,1.54
1788036541.34,mlx8,57894,26.607,24.67,42.75,1.54
1788036541.76,mlx8,57894,26.607,24.61,42.79,1.54
1788036542.17,mlx8,57894,26.607,25.24,42.36,1.54
1788036542.58,mlx8,57894,26.607,25.19,42.38,1.54
1788036543.0,mlx8,57894,26.607,25.03,42.53,1.54
1788036543.42,mlx8,57894,26.607,24.95,42.54,1.54
1788036543.82,mlx8,57894,26.607,24.88,42.59,1.54
1788036544.24,mlx8,57894,26.607,24.74,42.69,1.54
1788036544.65,mlx8,57894,26.607,24.67,42.74,1.54
1788036545.07,mlx8,57894,26.607,24.52,42.88,1.54
1788036545.49,mlx8,57894,26.607,24.45,42.89,1.54
1788036545.9,mlx8,57894,26.607,24.37,42.98,1.54
1788036546.32,mlx8,57894,26.607,24.22,43.04,1.54
1788036546.73,mlx8,57894,26.607,25.18,42.39,1.54
1788036547.15,mlx8,57894,26.607,25.0,42.5,1.54
1788036547.56,mlx8,57894,26.607,24.92,42.56,1.54
1788036547.98,mlx8,57894,26.607,24.75,42.68,1.54
1788036548.4,mlx8,57894,26.607,24.67,42.74,1.54
1788036548.81,mlx8,57894,26.607,24.57,42.8,1.54
1788036549.23,mlx8,57894,26.607,24.4,42.91,1.54
1788036549.63,mlx8,57894,26.607,24.32,42.97,1.54
1788036550.05,mlx8,57894,26.607,24.24,43.03,1.54
1788036550.47,mlx8,57894,26.607,24.07,43.15,1.54
1788036550.88,mlx8,57894,26.607,23.98,43.25,1.54
1788036551.29,mlx8,57894,26.607,25.34,42.28,1.54
1788036551.71,mlx8,57894,26.607,24.83,42.64,1.54
1788036552.12,mlx8,57894,26.607,24.62,42.83,1.54
1788036552.54,mlx8,57894,26.607,24.52,42.89,1.54
1788036552.95,mlx8,57894,26.607,24.43,42.95,1.54
1788036553.36,mlx8,57894,26.607,24.23,43.08,1.54
1788036553.78,mlx8,57894,26.607,24.13,43.15,1.54
1788036554.2,mlx8,57894,26.607,24.04,43.17,1.54
1788036554.61,mlx8,57894,26.607,23.81,43.31,1.54
1788036555.03,mlx8,57894,26.607,23.7,43.38,1.54
1788036555.44,mlx8,57894,26.607,23.56,43.45,1.54
1788036555.85,mlx8,57894,26.607,23.37,43.58,1.54
1788036556.27,mlx8,57894,26.607,24.63,42.72,1.54
1788036556.69,mlx8,57894,26.607,24.41,42.87,1.54
1788036557.1,mlx8,57894,26.607,24.3,42.94,1.54
1788036557.52,mlx8,57894,26.607,24.19,43.02,1.54
1788036557.93,mlx8,57894,26.607,23.97,43.17,1.54
1788036558.35,mlx8,57894,26.607,23.86,43.25,1.54
1788036558.76,mlx8,57894,26.607,23.75,43.32,1.54
1788036559.17,mlx8,57894,26.607,23.53,43.47,1.54
1788036559.59,mlx8,57894,26.607,23.42,43.55,1.54
1788036560.0,mlx8,57894,26.607,23.32,43.64,1.54
1788036560.43,mlx8,57894,26.607,23.07,43.79,1.54
1788036560.84,mlx8,57894,26.607,22.97,43.86,1.54
1788036561.25,mlx8,57894,26.607,24.41,42.86,1.54
1788036561.66,mlx8,57894,26.607,24.29,42.94,1.54
1788036562.08,mlx8,57894,26.607,24.05,43.11,1.54
1788036562.49,mlx8,57894,26.607,23.92,43.19,1.54
1788036562.91,mlx8,57894,26.607,23.8,43.32,1.54
1788036563.31,mlx8,57894,26.607,23.55,43.44,1.54
1788036563.73,mlx8,57894,26.607,23.43,43.53,1.54
1788036564.15,mlx8,57894,26.607,23.31,43.61,1.54
1788036564.56,mlx8,57894,26.607,23.19,43.7,1.54
1788036564.98,mlx8,57894,26.607,22.94,43.86,1.54
1788036565.39,mlx8,57894,26.607,22.82,43.95,1.54
1788036565.81,mlx8,57894,26.607,22.7,44.03,1.54
1788036566.22,mlx8,57894,26.607,24.06,43.09,1.54
1788036566.63,mlx8,57894,26.607,23.93,43.18,1.54
1788036567.04,mlx8,57894,26.607,23.8,43.28,1.54
1788036567.45,mlx8,57894,26.607,23.67,43.37,1.54
1788036567.87,mlx8,57894,26.607,23.4,43.55,1.54
1788036568.28,mlx8,57894,26.607,23.26,43.65,1.54
1788036568.7,mlx8,57894,26.607,23.13,43.74,1.54
1788036569.11,mlx8,57894,26.607,23.0,43.83,1.54
1788036569.52,mlx8,57894,26.607,22.72,44.02,1.54
1788036569.94,mlx8,57894,26.607,22.61,44.14,1.54
1788036570.36,mlx8,57894,26.607,22.5,44.2,1.54
1788036570.78,mlx8,57894,26.607,22.23,44.38,1.54
1788036571.19,mlx8,57894,26.607,24.14,43.08,1.54
1788036571.6,mlx8,57894,26.607,23.94,43.2,1.54
1788036572.02,mlx8,57894,26.607,23.65,43.44,1.54
1788036572.44,mlx8,57894,26.607,23.5,43.5,1.54
1788036572.85,mlx8,57894,26.607,23.36,43.6,1.54
1788036573.27,mlx8,57894,26.607,23.06,43.8,1.54
1788036573.68,mlx8,57894,26.607,22.92,43.9,1.54
1788036574.09,mlx8,57894,26.607,22.77,44.0,1.54
1788036574.51,mlx8,57894,26.607,22.62,44.1,1.54
1788036574.92,mlx8,57894,26.607,22.33,44.34,1.54
1788036575.34,mlx8,57894,26.607,22.21,44.4,1.54
1788036575.76,mlx8,57894,26.607,22.07,44.5,1.54
1788036576.17,mlx8,57894,26.607,21.92,44.66,1.54
1788036576.58,mlx8,57894,26.607,23.72,43.42,1.54
1788036576.99,mlx8,57894,26.607,23.57,43.57,1.54
1788036577.4,mlx8,57894,26.607,23.41,43.63,1.54
1788036577.81,mlx8,57894,26.607,23.09,43.84,1.54
1788036578.23,mlx8,57894,26.607,22.93,43.91,1.54
1788036578.64,mlx8,57894,26.607,22.77,44.02,1.54
1788036579.06,mlx8,57894,26.607,22.61,44.17,1.54
1788036579.48,mlx8,57894,26.607,22.3,44.34,1.54
1788036579.89,mlx8,57894,26.607,22.14,44.45,1.54
1788036580.31,mlx8,57894,26.607,21.98,44.56,1.54
1788036580.72,mlx8,57894,26.607,21.82,44.67,1.54
1788036581.14,mlx8,57894,26.607,21.51,44.89,1.54
1788036581.56,mlx8,57894,26.607,23.85,43.28,1.54
1788036581.97,mlx8,57894,26.607,23.5,43.55,1.54
1788036582.39,mlx8,57894,26.607,23.16,43.75,1.54
1788036582.8,mlx8,57894,26.607,23.0,43.87,1.54
1788036583.22,mlx8,57894,26.607,22.82,43.98,1.54
1788036583.64,mlx8,57894,26.607,22.65,44.13,1.54
1788036584.05,mlx8,57894,26.607,22.48,44.29,1.54
1788036584.47,mlx8,57894,26.607,22.14,44.53,1.54
1788036584.88,mlx8,57894,26.607,21.96,44.57,1.54
1788036585.29,mlx8,57894,26.607,21.79,44.69,1.54
1788036585.71,mlx8,57894,26.607,21.63,44.81,1.54
1788036586.13,mlx8,57894,26.607,21.29,45.08,1.54
1788036586.54,mlx8,57894,26.607,21.12,45.16,1.54
1788036586.96,mlx8,57894,26.607,23.51,43.55,1.54
1788036587.38,mlx8,57894,26.607,23.11,43.79,1.54
1788036587.8,mlx8,57894,26.607,22.93,43.91,1.54
1788036588.21,mlx8,57894,26.607,22.75,44.04,1.54
1788036588.63,mlx8,57894,26.607,22.56,44.17,1.54
1788036589.04,mlx8,57894,26.607,22.38,44.33,1.54
1788036589.46,mlx8,57894,26.607,22.01,44.54,1.54
1788036589.87,mlx8,57894,26.607,21.82,44.67,1.54
1788036590.28,mlx8,57894,26.607,21.64,44.79,1.54
1788036590.7,mlx8,57894,26.607,21.48,44.92,1.54
1788036591.12,mlx8,57894,26.607,21.29,45.09,1.54
1788036591.53,mlx8,57894,26.607,20.92,45.3,1.54
1788036591.95,mlx8,57894,26.607,20.74,45.46,1.54
1788036592.37,mlx8,57894,26.607,23.45,43.56,1.54
1788036592.78,mlx8,57894,26.607,23.09,43.81,1.54
1788036593.2,mlx8,57894,26.607,22.7,44.08,1.54
1788036593.61,mlx8,57894,26.607,22.5,44.21,1.54
1788036594.03,mlx8,57894,26.607,22.3,44.39,1.54
1788036594.45,mlx8,57894,26.607,22.11,44.48,1.54
1788036594.86,mlx8,57894,26.607,21.91,44.62,1.54
1788036595.27,mlx8,57894,26.607,21.52,44.89,1.54
1788036595.68,mlx8,57894,26.607,21.33,45.02,1.54
1788036596.1,mlx8,57894,26.607,21.13,45.19,1.54
1788036596.51,mlx8,57894,26.607,20.93,45.29,1.54
1788036596.93,mlx8,57894,26.607,20.74,45.42,1.54
1788036597.35,mlx8,57894,26.607,20.55,45.56,1.54
1788036597.76,mlx8,57894,26.607,23.32,43.65,1.54
1788036598.18,mlx8,57894,26.607,22.87,43.97,1.54
1788036598.6,mlx8,57894,26.607,22.66,44.11,1.54
1788036599.01,mlx8,57894,26.607,22.45,44.25,1.54
1788036599.42,mlx8,57894,26.607,22.23,44.39,1.54
1788036599.83,mlx8,57894,26.607,21.82,44.68,1.54
1788036600.25,mlx8,57894,26.607,21.61,44.88,1.54
1788036600.67,mlx8,57894,26.607,21.4,45.02,1.54
1788036601.08,mlx8,57894,26.607,21.19,45.2,1.54
1788036601.49,mlx8,57894,26.607,20.99,45.25,1.54
1788036601.9,mlx8,57894,26.607,20.78,45.39,1.54
1788036602.32,mlx8,57894,26.607,20.36,45.69,1.54
1788036602.73,mlx8,57894,26.607,20.15,45.84,1.54
1788036603.15,mlx8,57894,26.607,19.95,45.96,1.54
1788036603.56,mlx8,57894,26.607,22.78,44.01,1.54
1788036603.98,mlx8,57894,26.607,22.41,44.31,1.54
1788036604.39,mlx8,57894,26.607,22.19,44.42,1.54
1788036604.8,mlx8,57894,26.607,21.97,44.57,1.54
1788036605.22,mlx8,57894,26.607,21.76,44.72,1.54
1788036605.64,mlx8,57894,26.607,21.54,44.87,1.54
1788036606.05,mlx8,57894,26.607,21.31,45.02,1.54
1788036606.47,mlx8,57894,26.607,21.09,45.17,1.54
1788036606.88,mlx8,57894,26.607,20.66,45.47,1.54
1788036607.3,mlx8,57894,26.607,20.43,45.62,1.54
1788036607.71,mlx8,57894,26.607,20.21,45.78,1.54
1788036608.13,mlx8,57894,26.607,19.98,45.93,1.54
1788036608.55,mlx8,57894,26.607,19.75,46.08,1.54
1788036608.96,mlx8,57894,26.607,19.52,46.27,1.54
1788036609.38,mlx8,57894,26.607,22.58,44.12,1.54
1788036609.79,mlx8,57894,26.607,22.35,44.28,1.54
1788036610.21,mlx8,57894,26.607,22.11,44.44,1.54
1788036610.62,mlx8,57894,26.607,21.88,44.6,1.54
1788036611.04,mlx8,57894,26.607,21.65,44.8,1.54
1788036611.46,mlx8,57894,26.607,21.41,44.92,1.54
1788036611.87,mlx8,57894,26.607,21.17,45.08,1.54
1788036612.28,mlx8,57894,26.607,20.71,45.4,1.54
1788036612.7,mlx8,57894,26.607,20.49,45.56,1.54
1788036613.12,mlx8,57894,26.607,20.26,45.72,1.54
1788036613.53,mlx8,57894,26.607,20.06,45.88,1.54
1788036613.95,mlx8,57894,26.607,19.83,46.04,1.54
1788036614.36,mlx8,57894,26.607,19.6,46.19,1.54
1788036614.77,mlx8,57894,26.607,19.37,46.35,1.54
1788036615.19,mlx8,57894,26.607,22.19,44.41,1.54
1788036615.6,mlx8,57894,26.607,21.94,44.58,1.54
1788036616.02,mlx8,57894,26.607,21.69,44.79,1.54
1788036616.44,mlx8,57894,26.607,21.45,44.92,1.54
1788036616.85,mlx8,57894,26.607,21.21,45.09,1.54
1788036617.27,mlx8,57894,26.607,20.96,45.25,1.54
1788036617.68,mlx8,57894,26.607,20.72,45.42,1.54
1788036618.09,mlx8,57894,26.607,20.47,45.63,1.54
1788036618.51,mlx8,57894,26.607,19.99,45.93,1.54
1788036618.93,mlx8,57894,26.607,19.74,46.09,1.54
1788036619.34,mlx8,57894,26.607,19.5,46.26,1.54
1788036619.76,mlx8,57894,26.607,19.25,46.43,1.54
1788036620.17,mlx8,57894,26.607,19.01,46.6,1.54
1788036620.59,mlx8,57894,26.607,18.76,46.77,1.54
1788036621.01,mlx8,57894,26.607,20.26,45.78,1.54
1788036621.43,mlx8,57894,26.607,19.33,46.38,1.54
1788036621.84,mlx8,57894,26.607,18.43,47.0,1.54
1788036622.26,mlx8,57894,26.607,17.29,47.78,1.54
1788036622.68,mlx8,57894,26.607,16.37,48.42,1.54
1788036623.09,mlx8,57894,26.607,24.81,42.91,1.54
1788036623.51,mlx8,57894,26.607,22.09,44.74,1.54
1788036623.93,mlx8,57894,26.607,21.66,45.04,1.54
1788036624.34,mlx8,57894,26.607,21.63,45.1,1.54
1788036624.76,mlx8,57894,26.607,21.63,45.1,1.54
1788036625.17,mlx8,57894,26.607,21.6,45.05,1.54
1788036625.59,mlx8,57894,26.607,21.61,45.05,1.54
1788036626.01,mlx8,57894,26.607,21.61,45.13,1.54
1788036626.42,mlx8,57894,26.607,21.62,45.09,1.54
1788036626.83,mlx8,57894,26.607,21.63,45.09,1.54
1788036627.25,mlx8,57894,26.607,21.62,45.05,1.54
1788036627.66,mlx8,57894,26.607,21.63,45.05,1.54
1788036628.08,mlx8,57894,26.607,21.64,45.08,1.54
1788036628.5,mlx8,57894,26.607,21.65,45.04,1.54
1788036628.91,mlx8,57894,26.607,21.66,45.05,1.54
1788036629.33,mlx8,57894,26.607,21.63,45.04,1.54
1788036629.75,mlx8,57894,26.607,21.62,45.04,1.54
1788036630.16,mlx8,57894,26.607,21.62,45.08,1.54
1788036630.58,mlx8,57894,26.607,21.63,45.05,1.54
1788036630.99,mlx8,57894,26.607,21.64,45.04,1.54
1788036631.4,mlx8,57894,26.607,21.69,45.0,1.54
1788036631.82,mlx8,57894,26.607,21.63,45.05,1.54
1788036632.24,mlx8,57894,26.607,21.62,45.05,1.54
1788036632.65,mlx8,57894,26.607,21.63,45.05,1.54
1788036633.07,mlx8,57894,26.607,21.62,45.08,1.54
1788036633.49,mlx8,57894,26.607,21.63,45.04,1.54
1788036633.9,mlx8,57894,26.607,21.64,45.04,1.54
1788036634.32,mlx8,57894,26.607,21.63,45.04,1.54
1788036634.74,mlx8,57894,26.607,21.65,45.04,1.54
1788036635.16,mlx8,57894,26.607,21.62,45.08,1.54
1788036635.57,mlx8,57894,26.607,21.63,45.04,1.54
1788036635.98,mlx8,57894,26.607,21.64,45.04,1.54
1788036636.4,mlx8,57894,26.607,21.63,45.04,1.54
1788036636.81,mlx8,57894,26.607,21.64,45.04,1.54
1788036637.23,mlx8,57894,26.607,21.63,45.08,1.54
1788036637.64,mlx8,57894,26.607,21.63,45.05,1.54
1788036638.06,mlx8,57894,26.62,17.74,47.74,1.54
1788036638.47,mlx8,57894,26.62,11.5,51.99,1.54
1788036638.88,mlx8,57894,26.62,11.01,52.34,1.54
1788036639.3,mlx8,57894,26.62,10.56,52.64,1.54
1788036639.72,mlx8,57894,26.62,10.12,52.95,1.54
1788036640.13,mlx8,57894,26.62,9.6,53.34,1.54
1788036640.55,mlx8,57894,26.62,9.17,53.6,1.54
1788036640.96,mlx8,57894,26.62,8.47,54.08,1.54
1788036641.39,mlx8,57894,26.62,8.25,54.37,1.54
1788036641.8,mlx8,57894,26.62,8.89,53.96,1.54
1788036642.22,mlx8,57894,26.62,8.43,54.27,1.54
1788036642.64,mlx8,57894,26.62,8.29,54.37,1.54
1788036643.05,mlx8,57894,26.62,8.31,54.39,1.54
1788036643.46,mlx8,57894,26.62,8.42,54.28,1.54
1788036643.87,mlx8,57894,26.62,8.32,54.34,1.54
1788036644.29,mlx8,57894,26.62,12.91,51.19,1.54
1788036644.71,mlx8,57894,26.62,12.61,51.4,1.54
1788036645.12,mlx8,57894,26.62,12.18,51.68,1.54
1788036645.54,mlx8,57894,26.62,11.79,51.96,1.54
1788036645.95,mlx8,57894,26.62,11.53,52.15,1.54
1788036646.37,mlx8,57894,26.62,11.25,52.34,1.54
1788036646.78,mlx8,57894,26.62,10.98,52.52,1.54
1788036647.2,mlx8,57894,26.62,10.69,52.71,1.54
1788036647.62,mlx8,57894,26.62,10.43,52.9,1.54
1788036648.04,mlx8,57894,26.62,10.14,53.12,1.54
1788036648.45,mlx8,57894,26.62,9.85,53.33,1.54
1788036648.86,mlx8,57894,26.62,9.58,53.51,1.54
1788036649.27,mlx8,57894,26.62,9.28,53.74,1.54
1788036649.69,mlx8,57894,26.62,9.02,53.88,1.54
1788036650.1,mlx8,57894,26.62,8.75,54.02,1.54
1788036650.52,mlx8,57894,26.62,13.04,51.07,1.54
1788036650.93,mlx8,57894,26.62,12.7,51.32,1.54
1788036651.35,mlx8,57894,26.62,12.43,51.51,1.54
1788036651.76,mlx8,57894,26.62,12.15,51.71,1.54
1788036652.17,mlx8,57894,26.62,11.86,51.9,1.54
1788036652.58,mlx8,57894,26.62,11.59,52.1,1.54
1788036653.0,mlx8,57894,26.62,11.31,52.29,1.54
1788036653.4,mlx8,57894,26.62,11.01,52.49,1.54
1788036653.82,mlx8,57894,26.62,10.73,52.68,1.54
1788036654.23,mlx8,57894,26.62,10.41,52.92,1.54
1788036654.64,mlx8,57894,26.62,10.13,53.12,1.54
1788036655.06,mlx8,57894,26.62,9.81,53.37,1.54
1788036655.48,mlx8,57894,26.62,9.54,53.48,1.54
1788036655.89,mlx8,57894,26.62,9.26,53.68,1.54
1788036656.31,mlx8,57894,26.62,9.0,53.87,1.54
1788036656.73,mlx8,57894,26.62,8.72,54.07,1.54
1788036657.14,mlx8,57894,26.62,12.52,51.48,1.54
1788036657.56,mlx8,57894,26.62,12.19,51.67,1.54
1788036657.97,mlx8,57894,26.62,11.91,51.87,1.54
1788036658.39,mlx8,57894,26.62,11.6,52.08,1.54
1788036658.8,mlx8,57894,26.62,11.31,52.28,1.54
1788036659.22,mlx8,57894,26.62,11.01,52.49,1.54
1788036659.64,mlx8,57894,26.62,10.72,52.69,1.54
1788036660.05,mlx8,57894,26.62,10.4,52.95,1.54
1788036660.47,mlx8,57894,26.62,10.1,53.11,1.54
1788036660.89,mlx8,57894,26.62,9.8,53.36,1.54
1788036661.3,mlx8,57894,26.62,9.47,53.6,1.54
1788036661.71,mlx8,57894,26.62,9.24,53.73,1.54
1788036662.13,mlx8,57894,26.62,8.94,53.97,1.54
1788036662.54,mlx8,57894,26.62,8.65,54.12,1.54
1788036662.96,mlx8,57894,26.62,8.36,54.32,1.54
1788036663.37,mlx8,57894,26.62,8.33,54.34,1.54
1788036663.78,mlx8,57894,26.62,12.33,51.59,1.54
1788036664.2,mlx8,57894,26.62,12.01,51.86,1.54
1788036664.61,mlx8,57894,26.62,11.7,52.03,1.54
1788036665.02,mlx8,57894,26.62,11.39,52.24,1.54
1788036665.44,mlx8,57894,26.62,11.09,52.44,1.54
1788036665.86,mlx8,57894,26.62,10.78,52.65,1.54
1788036666.27,mlx8,57894,26.62,10.47,52.87,1.54
1788036666.68,mlx8,57894,26.62,10.17,53.08,1.54
1788036667.09,mlx8,57894,26.62,9.85,53.33,1.54
1788036667.51,mlx8,57894,26.62,9.55,53.5,1.54
1788036667.92,mlx8,57894,26.62,9.24,53.71,1.54
1788036668.34,mlx8,57894,26.62,8.93,53.93,1.54
1788036668.75,mlx8,57894,26.62,8.62,54.14,1.54
1788036669.17,mlx8,57894,26.62,8.3,54.39,1.54
1788036669.59,mlx8,57894,26.62,8.3,54.37,1.54
1788036670.0,mlx8,57894,26.62,8.45,54.27,1.54
1788036670.42,mlx8,57894,26.62,12.12,51.75,1.54
1788036670.84,mlx8,57894,26.62,11.8,51.97,1.54
1788036671.25,mlx8,57894,26.62,11.47,52.23,1.54
1788036671.66,mlx8,57894,26.62,11.15,52.41,1.54
1788036672.08,mlx8,57894,26.62,10.82,52.67,1.54
1788036672.5,mlx8,57894,26.62,10.5,52.85,1.54
1788036672.9,mlx8,57894,26.62,10.21,53.07,1.54
1788036673.32,mlx8,57894,26.62,9.83,53.35,1.54
1788036673.74,mlx8,57894,26.62,9.52,53.57,1.54
1788036674.15,mlx8,57894,26.62,9.18,53.83,1.54
1788036674.56,mlx8,57894,26.62,8.87,53.95,1.54
1788036674.98,mlx8,57894,26.62,8.55,54.17,1.54
1788036675.4,mlx8,57894,26.62,8.59,54.17,1.54
1788036675.81,mlx8,57894,26.62,8.42,54.29,1.54
1788036676.22,mlx8,57894,26.62,8.3,54.4,1.54
1788036676.64,mlx8,57894,26.62,8.39,54.31,1.54
1788036677.05,mlx8,57894,26.62,11.92,51.89,1.54
1788036677.46,mlx8,57894,26.62,11.56,52.12,1.54
1788036677.87,mlx8,57894,26.62,11.24,52.35,1.54
1788036678.29,mlx8,57894,26.62,10.89,52.62,1.54
1788036678.71,mlx8,57894,26.62,10.73,52.69,1.54
1788036679.13,mlx8,57894,26.62,10.56,52.85,1.54
1788036679.54,mlx8,57894,26.62,10.24,53.04,1.54
1788036679.95,mlx8,57894,26.62,9.91,53.27,1.54
1788036680.37,mlx8,57894,26.62,9.57,53.5,1.54
1788036680.78,mlx8,57894,26.62,9.24,53.72,1.54
1788036681.19,mlx8,57894,26.62,8.89,53.99,1.54
1788036681.61,mlx8,57894,26.62,8.57,54.18,1.54
1788036682.01,mlx8,57894,26.62,8.4,54.31,1.54
1788036682.43,mlx8,57894,26.62,8.33,54.34,1.54
1788036682.84,mlx8,57894,26.62,8.35,54.34,1.54
1788036683.25,mlx8,57894,26.62,8.3,54.4,1.54
1788036683.67,mlx8,57894,26.62,11.58,52.11,1.54
1788036684.09,mlx8,57894,26.62,10.97,52.55,1.54
1788036684.5,mlx8,57894,26.62,10.43,52.91,1.54
1788036684.92,mlx8,57894,26.62,9.92,53.26,1.54
1788036685.33,mlx8,57894,26.62,9.39,53.62,1.54
1788036685.75,mlx8,57894,26.62,8.88,53.98,1.54
1788036686.17,mlx8,57894,26.62,8.35,54.34,1.54
1788036686.58,mlx8,57894,26.62,8.41,54.3,1.54
1788036687.0,mlx8,57894,26.62,8.37,54.33,1.54
1788036687.41,mlx8,57894,26.62,8.32,54.35,1.54
1788036687.83,mlx8,57894,26.62,8.3,54.37,1.54
1788036688.24,mlx8,57894,26.62,8.32,54.35,1.54
1788036688.65,mlx8,57894,26.62,8.36,54.33,1.53
1788036689.07,mlx8,57894,26.62,8.34,54.35,1.53
1788036689.49,mlx8,57894,26.62,8.32,54.36,1.53
1788036689.9,mlx8,57894,26.62,8.31,54.37,1.53
1788036690.32,mlx8,57894,26.62,7.6,55.24,1.53
1788036690.74,mlx8,57894,26.62,9.89,54.33,1.53
1788036691.15,mlx8,57894,26.622,11.32,53.54,1.53
1788036691.57,mlx8,57894,26.621,11.21,53.69,1.53
1788036691.99,mlx8,57894,26.621,12.35,52.97,1.53
1788036692.41,mlx8,57894,26.621,17.75,49.35,1.53
1788036692.83,mlx8,57894,26.621,18.1,49.12,1.53
1788036693.26,mlx8,57894,26.621,18.08,49.17,1.53
1788036693.68,mlx8,57894,26.621,18.17,3.31,1.53
1788036694.09,mlx8,57894,26.621,18.17,3.31,1.53
1788036694.51,mlx8,57894,26.621,18.17,3.27,1.53
1788036694.93,mlx8,57894,26.621,18.19,3.27,1.53
1788036695.35,mlx8,57894,26.621,18.22,3.31,1.53
1788036695.77,mlx8,57894,26.621,18.24,3.27,1.53
1788036696.2,mlx8,57894,26.621,18.27,3.31,1.53
1788036696.63,mlx8,57894,26.621,18.28,3.27,1.53
1788036697.06,mlx8,57894,26.621,18.35,3.31,1.53
1788036697.48,mlx8,57894,26.621,18.54,3.27,1.53
1788036697.91,mlx8,57894,26.621,18.99,3.07,1.53
1788036698.33,mlx8,57894,26.621,19.14,3.27,1.53
1788036698.75,mlx8,57894,26.621,19.16,3.26,1.53
1788036699.18,mlx8,57894,26.621,19.28,3.3,1.53
1788036699.6,mlx8,57894,26.621,19.29,3.3,1.53
1788036700.02,mlx8,57894,26.621,19.31,3.3,1.53
1788036700.45,mlx8,57894,26.621,19.49,3.26,1.53
1788036700.88,mlx8,57894,26.621,19.93,3.07,1.53
1788036701.29,mlx8,57894,26.621,20.07,3.26,1.53
1788036701.71,mlx8,57894,26.621,20.08,3.26,1.53
1788036702.13,mlx8,57894,26.621,20.1,3.26,1.53
1788036702.55,mlx8,57894,26.621,20.22,3.26,1.53
1788036702.98,mlx8,57894,26.621,20.25,3.26,1.53
1788036703.39,mlx8,57894,26.621,20.32,3.26,1.53
1788036703.81,mlx8,57894,26.621,20.32,3.26,1.53
1788036704.24,mlx8,57894,26.621,20.4,3.26,1.53
1788036704.67,mlx8,57894,26.621,20.4,3.26,1.53
1788036705.09,mlx8,57894,26.621,20.41,3.26,1.53
1788036705.52,mlx8,57894,26.621,20.46,3.26,1.53
1788036705.94,mlx8,57894,26.621,20.47,3.26,1.53
1788036706.36,mlx8,57894,26.621,20.51,3.26,1.53
1788036706.78,mlx8,57894,26.621,20.51,3.26,1.53
1788036707.21,mlx8,57894,26.621,20.56,3.26,1.53
1788036707.63,mlx8,57894,26.621,20.56,3.26,1.53
1788036708.05,mlx8,57894,26.621,20.57,3.26,1.53
1788036708.48,mlx8,57894,26.621,20.63,3.26,1.53
1788036708.9,mlx8,57894,26.621,20.72,3.3,1.53
1788036709.31,mlx8,57894,26.626,29.22,20.91,1.53
1788036709.73,mlx8,57894,26.627,10.81,54.29,1.53
1788036710.15,mlx8,57894,26.626,10.82,54.2,1.53
1788036710.56,mlx8,57894,26.627,10.71,54.06,1.53
1788036710.98,mlx8,57894,26.627,10.8,54.2,1.53
1788036711.4,mlx8,57894,26.626,17.73,49.25,1.53
1788036711.82,mlx8,57894,26.626,17.72,49.25,1.53
1788036712.24,mlx8,57894,26.626,17.72,49.25,1.53
1788036712.66,mlx8,57894,26.626,17.75,3.35,1.53
1788036713.09,mlx8,57894,26.626,17.81,3.35,1.53
1788036713.52,mlx8,57894,26.626,17.99,3.31,1.53
1788036713.95,mlx8,57894,26.626,18.01,3.27,1.53
1788036714.37,mlx8,57894,26.626,18.19,3.32,1.53
1788036714.8,mlx8,57894,26.626,18.22,3.29,1.53
1788036715.22,mlx8,57894,26.626,18.3,3.33,1.53
1788036715.64,mlx8,57894,26.626,18.3,3.29,1.53
1788036716.07,mlx8,57894,26.626,18.32,3.29,1.53
1788036716.49,mlx8,57894,26.626,18.38,3.27,1.53
1788036716.92,mlx8,57894,26.626,18.42,3.26,1.53
1788036717.34,mlx8,57894,26.627,18.68,3.31,1.53
1788036717.76,mlx8,57894,26.638,11.32,53.98,1.53
1788036718.18,mlx8,57894,26.638,10.77,54.37,1.53
1788036718.6,mlx8,57894,26.636,6.59,56.61,1.53
1788036719.01,mlx8,57894,26.636,7.09,56.53,1.53
1788036719.44,mlx8,57894,26.636,7.1,56.38,1.53
1788036719.86,mlx8,57894,26.636,7.11,56.38,1.53
1788036720.28,mlx8,57894,26.636,7.31,3.33,1.53
1788036720.7,mlx8,57894,26.636,7.35,3.33,1.53
1788036721.12,mlx8,57894,26.636,7.36,3.33,1.53
1788036721.55,mlx8,57894,26.636,7.54,3.29,1.53
1788036721.97,mlx8,57894,26.636,8.03,3.12,1.53
1788036722.38,mlx8,57894,26.636,8.15,3.27,1.53
1788036722.8,mlx8,57894,26.636,8.18,3.27,1.53
1788036723.23,mlx8,57894,26.636,8.3,3.31,1.53
1788036723.65,mlx8,57894,26.636,8.31,3.27,1.53
1788036724.07,mlx8,57894,26.636,8.33,3.27,1.53
1788036724.49,mlx8,57894,26.636,8.37,3.27,1.53
1788036724.91,mlx8,57894,26.636,8.38,3.27,1.53
1788036725.34,mlx8,57894,26.636,8.42,3.27,1.53
1788036725.76,mlx8,57894,26.636,8.45,3.31,1.53
1788036726.18,mlx8,57894,26.636,8.63,3.37,1.53
1788036726.61,mlx8,57894,26.636,8.64,3.32,1.53
1788036727.04,mlx8,57894,26.636,8.66,3.33,1.53
1788036727.47,mlx8,57894,26.636,9.25,3.27,1.53
1788036727.89,mlx8,57894,26.636,9.26,3.27,1.53
1788036728.32,mlx8,57894,26.636,9.3,3.3,1.53
1788036728.74,mlx8,57894,26.636,9.31,3.27,1.53
1788036729.16,mlx8,57894,26.636,9.38,3.3,1.53
1788036729.58,mlx8,57894,26.636,9.39,3.26,1.53
1788036729.99,mlx8,57894,26.636,9.8,3.08,1.53
1788036730.42,mlx8,57894,26.636,10.08,3.26,1.53
1788036730.84,mlx8,57894,26.636,10.09,3.26,1.53
1788036731.26,mlx8,57894,26.636,10.21,3.31,1.53
1788036731.69,mlx8,57894,26.636,10.21,3.27,1.53
1788036732.11,mlx8,57894,26.636,10.23,3.27,1.53
1788036732.54,mlx8,57894,26.636,10.27,3.27,1.53
1788036732.96,mlx8,57894,26.636,10.28,3.27,1.53
1788036733.38,mlx8,57894,26.636,10.32,3.27,1.53
1788036733.8,mlx8,57894,26.636,10.35,3.31,1.53
1788036734.23,mlx8,57894,26.636,10.35,3.3,1.53
1788036734.65,mlx8,57894,26.636,10.36,3.26,1.53
1788036735.08,mlx8,57894,26.636,10.79,3.07,1.53
1788036735.5,mlx8,57894,26.636,11.04,3.27,1.53
1788036735.93,mlx8,57894,26.636,11.04,3.27,1.53
1788036736.36,mlx8,57894,26.636,11.17,3.31,1.53
1788036736.78,mlx8,57894,26.636,11.18,3.27,1.53
1788036737.21,mlx8,57894,26.636,11.29,3.31,1.53
1788036737.63,mlx8,57894,26.636,11.3,3.27,1.53
1788036738.06,mlx8,57894,26.636,11.31,3.27,1.53
1788036738.48,mlx8,57894,26.636,11.35,3.27,1.53
1788036738.9,mlx8,57894,26.636,11.37,3.27,1.53
1788036739.32,mlx8,57894,26.636,11.49,3.31,1.53
1788036739.75,mlx8,57894,26.636,11.5,3.27,1.53
1788036740.18,mlx8,57894,26.636,11.89,3.14,1.53
1788036740.6,mlx8,57894,26.636,12.18,3.27,1.53
1788036741.02,mlx8,57894,26.636,12.18,3.27,1.53
1788036741.45,mlx8,57894,26.636,12.3,3.27,1.53
1788036741.88,mlx8,57894,26.636,12.32,3.27,1.53
1788036742.3,mlx8,57894,26.636,12.35,3.31,1.53
1788036742.72,mlx8,57894,26.636,12.36,3.27,1.53
1788036743.15,mlx8,57894,26.636,12.37,3.27,1.53
1788036743.57,mlx8,57894,26.636,12.41,3.27,1.53
1788036743.99,mlx8,57894,26.636,12.42,3.27,1.53
1788036744.41,mlx8,57894,26.636,12.45,3.31,1.53
1788036744.83,mlx8,57894,26.636,12.46,3.27,1.53
1788036745.26,mlx8,57894,26.636,12.48,3.31,1.53
1788036745.68,mlx8,57894,26.636,12.49,3.27,1.53
1788036746.11,mlx8,57894,26.636,12.51,3.31,1.53
1788036746.53,mlx8,57894,26.636,12.54,3.28,1.53
1788036746.95,mlx8,57894,26.636,12.55,3.28,1.53
1788036747.38,mlx8,57894,26.636,12.94,3.33,1.53
1788036747.81,mlx8,57894,26.636,12.95,3.32,1.53
1788036748.23,mlx8,57894,26.636,13.07,3.37,1.53
1788036748.65,mlx8,57894,26.636,13.08,3.28,1.53
1788036749.08,mlx8,57894,26.636,13.09,3.28,1.53
1788036749.51,mlx8,57894,26.636,13.14,3.27,1.53
1788036749.93,mlx8,57894,26.636,13.14,3.27,1.53
1788036750.35,mlx8,57894,26.636,13.18,3.31,1.53
1788036750.78,mlx8,57894,26.636,13.18,3.27,1.53
1788036751.2,mlx8,57894,26.636,13.19,3.27,1.53
1788036751.62,mlx8,57894,26.636,13.24,3.27,1.53
1788036752.05,mlx8,57894,26.636,13.24,3.27,1.53
1788036752.47,mlx8,57894,26.636,13.28,3.27,1.53
1788036752.9,mlx8,57894,26.636,13.29,3.27,1.53
1788036753.32,mlx8,57894,26.636,13.32,3.27,1.53
1788036753.75,mlx8,57894,26.636,13.33,3.27,1.53
1788036754.17,mlx8,57894,26.636,13.34,3.27,1.53
1788036754.59,mlx8,57894,26.636,13.38,3.27,1.53
1788036755.02,mlx8,57894,26.636,13.39,3.27,1.53
1788036755.45,mlx8,57894,26.636,13.44,3.27,1.53
1788036755.86,mlx8,57894,26.636,13.44,3.27,1.53
1788036756.29,mlx8,57894,26.636,13.49,3.27,1.53
1788036756.71,mlx8,57894,26.636,13.49,3.27,1.53
1788036757.13,mlx8,57894,26.636,13.5,3.27,1.53
1788036757.56,mlx8,57894,26.636,13.55,3.27,1.53
1788036757.98,mlx8,57894,26.636,13.55,3.27,1.53
1788036758.4,mlx8,57894,26.636,13.6,3.27,1.53
1788036758.82,mlx8,57894,26.636,13.6,3.27,1.53
1788036759.25,mlx8,57894,26.636,13.74,3.31,1.53
1788036759.67,mlx8,57894,26.636,13.74,3.27,1.53
1788036760.1,mlx8,57894,26.636,13.75,3.27,1.53
1788036760.52,mlx8,57894,26.636,13.79,3.27,1.53
1788036760.94,mlx8,57894,26.636,13.8,3.27,1.53
1788036761.37,mlx8,57894,26.636,13.84,3.27,1.53
1788036761.78,mlx8,57894,26.636,13.93,3.27,1.53
1788036762.21,mlx8,57894,26.636,13.95,3.26,1.53
1788036762.63,mlx8,57894,26.636,14.08,3.26,1.53
1788036763.05,mlx8,57894,26.636,14.09,3.26,1.53
1788036763.47,mlx8,57894,26.636,14.15,3.26,1.53
1788036763.9,mlx8,57894,26.636,14.16,3.26,1.53
1788036764.32,mlx8,57894,26.636,14.21,3.3,1.53
1788036764.75,mlx8,57894,26.636,14.22,3.31,1.53
1788036765.17,mlx8,57894,26.636,14.22,3.3,1.53
1788036765.59,mlx8,57894,26.636,14.23,3.31,1.53
1788036766.01,mlx8,57894,26.636,14.24,3.3,1.53
1788036766.43,mlx8,57894,26.636,14.25,3.26,1.53
1788036766.86,mlx8,57894,26.636,14.26,3.26,1.53
1788036767.28,mlx8,57894,26.636,14.3,3.3,1.53
1788036767.71,mlx8,57894,26.636,14.31,3.26,1.53
1788036768.13,mlx8,57894,26.636,14.32,3.26,1.53
1788036768.56,mlx8,57894,26.636,14.37,3.27,1.53
1788036768.98,mlx8,57894,26.636,14.38,3.26,1.53
1788036769.4,mlx8,57894,26.636,14.42,3.27,1.53
1788036769.82,mlx8,57894,26.636,14.43,3.26,1.53
1788036770.24,mlx8,57894,26.636,14.44,3.26,1.53
1788036770.67,mlx8,57894,26.636,14.49,3.26,1.53
1788036771.09,mlx8,57894,26.636,14.5,3.26,1.53
1788036771.52,mlx8,57894,26.636,14.69,3.32,1.53
1788036771.94,mlx8,57894,26.636,14.7,3.32,1.53
1788036772.36,mlx8,57894,26.636,14.74,3.37,1.53
1788036772.79,mlx8,57894,26.636,14.74,3.31,1.53
1788036773.21,mlx8,57894,26.636,14.75,3.31,1.53
1788036773.63,mlx8,57894,26.636,14.79,3.26,1.53
1788036774.06,mlx8,57894,26.636,14.79,3.26,1.53
1788036774.49,mlx8,57894,26.636,14.84,3.26,1.53
1788036774.91,mlx8,57894,26.636,14.84,3.26,1.53
1788036775.34,mlx8,57894,26.636,14.89,3.31,1.53
1788036775.76,mlx8,57894,26.636,14.89,3.26,1.53
1788036776.18,mlx8,57894,26.636,14.9,3.26,1.53
1788036776.6,mlx8,57894,26.636,14.93,3.27,1.53
1788036777.02,mlx8,57894,26.636,14.94,3.27,1.53
1788036777.45,mlx8,57894,26.636,14.98,3.27,1.53
1788036777.87,mlx8,57894,26.636,14.98,3.27,1.53
1788036778.29,mlx8,57894,26.636,15.03,3.31,1.53
1788036778.72,mlx8,57894,26.636,15.03,3.27,1.53
1788036779.14,mlx8,57894,26.636,15.04,3.27,1.53
1788036779.56,mlx8,57894,26.636,15.08,3.27,1.53
1788036779.99,mlx8,57894,26.636,15.09,3.27,1.53
1788036780.4,mlx8,57894,26.636,15.26,3.32,1.53
1788036780.83,mlx8,57894,26.636,15.26,3.28,1.53
1788036781.25,mlx8,57894,26.636,15.27,3.27,1.53
1788036781.68,mlx8,57894,26.636,15.35,3.28,1.53
1788036782.1,mlx8,57894,26.636,15.36,3.28,1.53
1788036782.52,mlx8,57894,26.636,15.4,3.27,1.53
1788036782.94,mlx8,57894,26.636,15.41,3.27,1.53
1788036783.37,mlx8,57894,26.636,15.45,3.3,1.53
1788036783.79,mlx8,57894,26.636,15.46,3.27,1.53
1788036784.21,mlx8,57894,26.636,15.47,3.27,1.53
1788036784.64,mlx8,57894,26.636,15.51,3.27,1.53
1788036785.06,mlx8,57894,26.636,15.52,3.27,1.53
1788036785.49,mlx8,57894,26.636,15.56,3.3,1.53
1788036785.92,mlx8,57894,26.636,15.57,3.27,1.53
1788036786.34,mlx8,57894,26.636,15.6,3.3,1.53
1788036786.76,mlx8,57894,26.636,15.61,3.27,1.53
1788036787.19,mlx8,57894,26.636,15.69,3.3,1.53
1788036787.61,mlx8,57894,26.636,15.87,3.27,1.53
1788036788.04,mlx8,57894,26.636,16.3,3.07,1.53
1788036788.46,mlx8,57894,26.636,16.43,3.27,1.53
1788036788.88,mlx8,57894,26.636,16.55,3.31,1.53
1788036789.3,mlx8,57894,26.636,16.56,3.31,1.53
1788036789.73,mlx8,57894,26.636,16.75,3.27,1.53
1788036790.15,mlx8,57894,26.636,17.18,3.07,1.53
1788036790.56,mlx8,57894,26.636,17.3,3.27,1.53
1788036790.99,mlx8,57894,26.636,17.32,3.27,1.53
1788036791.4,mlx8,57894,26.636,17.44,3.3,1.53
